ISO-10303-21;
HEADER;
FILE_DESCRIPTION (( 'STEP AP214' ),
    '1' );
FILE_NAME ('E852EBE5-2BD2-442E-B62F-D8901DE30B2C.STEP',
    '2025-07-23T23:29:04',
    ( '' ),
    ( '' ),
    'SwSTEP 2.0',
    'SolidWorks 2022',
    '' );
FILE_SCHEMA (( 'AUTOMOTIVE_DESIGN' ));
ENDSEC;

DATA;
#1 = COLOUR_RGB ( '',0.7137254901960784492, 0.4274509803921568429, 0.1764705882352941013 ) ;
#2 = DIRECTION ( 'NONE',  ( -1.000000000000000000, -0.0000000000000000000, 0.0000000000000000000 ) ) ;
#3 = ADVANCED_FACE ( 'NONE', ( #5239 ), #3101, .T. ) ;
#5 = ORIENTED_EDGE ( 'NONE', *, *, #2414, .T. ) ;
#4 = CARTESIAN_POINT ( 'NONE',  ( 0.1510842790170479899, 0.8109243567516839502, 0.7500000000000000000 ) ) ;
#6 = ORIENTED_EDGE ( 'NONE', *, *, #9, .T. ) ;
#7 = VERTEX_POINT ( 'NONE', #2554 ) ;
#8 = COLOUR_RGB ( '',0.9215686274509803377, 0.9215686274509803377, 0.9294117647058823817 ) ;
#9 = EDGE_CURVE ( 'NONE', #1857, #5458, #1879, .T. ) ;
#10 = VECTOR ( 'NONE', #1078, 1000.000000000000000 ) ;
#11 = SURFACE_STYLE_FILL_AREA ( #3842 ) ;
#12 = SURFACE_STYLE_FILL_AREA ( #2512 ) ;
#13 = SURFACE_STYLE_USAGE ( .BOTH. , #3812 ) ;
#14 = DIRECTION ( 'NONE',  ( -0.0000000000000000000, -1.000000000000000000, -0.0000000000000000000 ) ) ;
#15 = CARTESIAN_POINT ( 'NONE',  ( -0.4893128131836350092, 0.6930151167451049643, 0.7500000000000000000 ) ) ;
#16 = PRESENTATION_STYLE_ASSIGNMENT (( #3002 ) ) ;
#17 = FILL_AREA_STYLE ('',( #1799 ) ) ;
#18 = ORIENTED_EDGE ( 'NONE', *, *, #2292, .F. ) ;
#19 = CARTESIAN_POINT ( 'NONE',  ( 0.6854101966249682709, -1.370820393249935876, 0.7500000000000000000 ) ) ;
#20 = ORIENTED_EDGE ( 'NONE', *, *, #2548, .T. ) ;
#21 = VECTOR ( 'NONE', #3564, 1000.000000000000000 ) ;
#22 = STYLED_ITEM ( 'NONE', ( #1271 ), #3 ) ;
#23 = CARTESIAN_POINT ( 'NONE',  ( -0.3361523570926139848, 0.7574397530373601084, 0.7600000000000000089 ) ) ;
#24 = CARTESIAN_POINT ( 'NONE',  ( 0.2128752037627640037, 0.7104381315914379824, 0.7600000000000000089 ) ) ;
#25 = CARTESIAN_POINT ( 'NONE',  ( 0.1733695305646829887, 0.8864916188177570655, 0.7500000000000000000 ) ) ;
#26 = PRESENTATION_STYLE_ASSIGNMENT (( #1378 ) ) ;
#27 = VERTEX_POINT ( 'NONE', #4705 ) ;
#28 = ADVANCED_FACE ( 'NONE', ( #2954 ), #1606, .T. ) ;
#29 = COLOUR_RGB ( '',1.000000000000000000, 1.000000000000000000, 1.000000000000000000 ) ;
#30 = FACE_OUTER_BOUND ( 'NONE', #627, .T. ) ;
#31 = ORIENTED_EDGE ( 'NONE', *, *, #1618, .F. ) ;
#32 = ORIENTED_EDGE ( 'NONE', *, *, #1055, .F. ) ;
#33 = ORIENTED_EDGE ( 'NONE', *, *, #255, .T. ) ;
#34 = MECHANICAL_DESIGN_GEOMETRIC_PRESENTATION_REPRESENTATION (  '', ( #2700 ), #1448 ) ;
#35 = ADVANCED_FACE ( 'NONE', ( #4730 ), #886, .T. ) ;
#36 = EDGE_CURVE ( 'NONE', #5310, #5202, #777, .T. ) ;
#37 = CARTESIAN_POINT ( 'NONE',  ( -1.000000000000000000, -0.3250000000000000111, 0.08999999999999999667 ) ) ;
#38 = VECTOR ( 'NONE', #908, 1000.000000000000000 ) ;
#39 = FACE_OUTER_BOUND ( 'NONE', #5504, .T. ) ;
#40 = SURFACE_SIDE_STYLE ('',( #3785 ) ) ;
#41 = EDGE_LOOP ( 'NONE', ( #5527, #1503, #5, #3531, #3359, #931 ) ) ;
#42 = EDGE_CURVE ( 'NONE', #135, #271, #1742, .T. ) ;
#43 = CARTESIAN_POINT ( 'NONE',  ( 1.010000000000000009, -0.6750000000000000444, 0.08999999999999999667 ) ) ;
#44 =( NAMED_UNIT ( * ) PLANE_ANGLE_UNIT ( ) SI_UNIT ( $, .RADIAN. ) );
#45 = VECTOR ( 'NONE', #1410, 1000.000000000000000 ) ;
#46 = LINE ( 'NONE', #4750, #38 ) ;
#47 = ORIENTED_EDGE ( 'NONE', *, *, #3310, .T. ) ;
#48 = EDGE_LOOP ( 'NONE', ( #2754, #5131, #1584, #1753 ) ) ;
#49 = CARTESIAN_POINT ( 'NONE',  ( 0.2286774730419960100, 0.7104381315914379824, 0.7500000000000000000 ) ) ;
#50 = FACE_OUTER_BOUND ( 'NONE', #5073, .T. ) ;
#51 = CARTESIAN_POINT ( 'NONE',  ( 0.3950064868657100492, 0.7116536907667639911, 0.7500000000000001110 ) ) ;
#52 = CARTESIAN_POINT ( 'NONE',  ( -0.5036969300916539494, 0.7428530429334530005, 0.7500000000000000000 ) ) ;
#53 = AXIS2_PLACEMENT_3D ( 'NONE', #4287, #4348, #482 ) ;
#54 = ORIENTED_EDGE ( 'NONE', *, *, #4464, .T. ) ;
#55 = PRESENTATION_LAYER_ASSIGNMENT (  '', '', ( #1291 ) ) ;
#56 = DIRECTION ( 'NONE',  ( -0.0000000000000000000, -0.0000000000000000000, 1.000000000000000000 ) ) ;
#57 = LINE ( 'NONE', #5180, #3248 ) ;
#58 = CARTESIAN_POINT ( 'NONE',  ( 0.3496256109868899342, 0.6861269480849271352, 0.7500000000000001110 ) ) ;
#60 = ORIENTED_EDGE ( 'NONE', *, *, #4947, .F. ) ;
#59 =( NAMED_UNIT ( * ) PLANE_ANGLE_UNIT ( ) SI_UNIT ( $, .RADIAN. ) );
#61 = UNCERTAINTY_MEASURE_WITH_UNIT (LENGTH_MEASURE( 1.000000000000000082E-05 ), #2152, 'distance_accuracy_value', 'NONE');
#62 = SURFACE_SIDE_STYLE ('',( #2120 ) ) ;
#63 = ORIENTED_EDGE ( 'NONE', *, *, #1085, .T. ) ;
#64 = ORIENTED_EDGE ( 'NONE', *, *, #4013, .T. ) ;
#65 = APPLICATION_PROTOCOL_DEFINITION ( 'draft international standard', 'automotive_design', 1998, #5302 ) ;
#66 = ORIENTED_EDGE ( 'NONE', *, *, #1498, .F. ) ;
#67 = EDGE_CURVE ( 'NONE', #1917, #3932, #4849, .T. ) ;
#68 = PRESENTATION_STYLE_ASSIGNMENT (( #3868 ) ) ;
#69 = VERTEX_POINT ( 'NONE', #594 ) ;
#70 = MECHANICAL_DESIGN_GEOMETRIC_PRESENTATION_REPRESENTATION (  '', ( #611 ), #5437 ) ;
#71 = CARTESIAN_POINT ( 'NONE',  ( -0.1540210739896679948, 0.9361269518102169895, 0.7600000000000000089 ) ) ;
#72 =( GEOMETRIC_REPRESENTATION_CONTEXT ( 3 ) GLOBAL_UNCERTAINTY_ASSIGNED_CONTEXT ( ( #1715 ) ) GLOBAL_UNIT_ASSIGNED_CONTEXT ( ( #2844, #3630, #1945 ) ) REPRESENTATION_CONTEXT ( 'NONE', 'WORKASPACE' ) );
#73 =( GEOMETRIC_REPRESENTATION_CONTEXT ( 3 ) GLOBAL_UNCERTAINTY_ASSIGNED_CONTEXT ( ( #2793 ) ) GLOBAL_UNIT_ASSIGNED_CONTEXT ( ( #1311, #497, #5142 ) ) REPRESENTATION_CONTEXT ( 'NONE', 'WORKASPACE' ) );
#74 = DIRECTION ( 'NONE',  ( 0.0000000000000000000, 0.0000000000000000000, 1.000000000000000000 ) ) ;
#75 = EDGE_CURVE ( 'NONE', #1556, #3528, #3541, .T. ) ;
#76 =( NAMED_UNIT ( * ) PLANE_ANGLE_UNIT ( ) SI_UNIT ( $, .RADIAN. ) );
#77 =( NAMED_UNIT ( * ) PLANE_ANGLE_UNIT ( ) SI_UNIT ( $, .RADIAN. ) );
#78 = DIRECTION ( 'NONE',  ( 0.0000000000000000000, -1.000000000000000000, -0.0000000000000000000 ) ) ;
#79 = ORIENTED_EDGE ( 'NONE', *, *, #2353, .F. ) ;
#80 = VECTOR ( 'NONE', #4888, 1000.000000000000000 ) ;
#81 = ORIENTED_EDGE ( 'NONE', *, *, #2511, .T. ) ;
#82 = SURFACE_STYLE_USAGE ( .BOTH. , #4337 ) ;
#83 = DIRECTION ( 'NONE',  ( 0.0000000000000000000, -1.000000000000000000, -0.0000000000000000000 ) ) ;
#84 = LINE ( 'NONE', #2636, #2442 ) ;
#85 = EDGE_CURVE ( 'NONE', #974, #3510, #3458, .T. ) ;
#86 = CARTESIAN_POINT ( 'NONE',  ( -0.1074953970803615710, -0.6794535108220531860, 0.7500000000000000000 ) ) ;
#87 = CARTESIAN_POINT ( 'NONE',  ( 0.2432641831459030068, 0.6816698977753999911, 0.7600000000000000089 ) ) ;
#88 = VERTEX_POINT ( 'NONE', #51 ) ;
#89 = PLANE ( 'NONE',  #5275 ) ;
#90 = CARTESIAN_POINT ( 'NONE',  ( -0.09567423357404102047, -9.146724000000000172E-17, 0.7500000000000000000 ) ) ;
#91 = DIRECTION ( 'NONE',  ( 0.0000000000000000000, 0.0000000000000000000, -1.000000000000000000 ) ) ;
#93 = ORIENTED_EDGE ( 'NONE', *, *, #3544, .T. ) ;
#92 = CARTESIAN_POINT ( 'NONE',  ( -0.4323841251392209761, 0.7981609854107660773, 0.7500000000000000000 ) ) ;
#94 = STYLED_ITEM ( 'NONE', ( #3321 ), #4543 ) ;
#95 = ORIENTED_EDGE ( 'NONE', *, *, #419, .T. ) ;
#96 = EDGE_LOOP ( 'NONE', ( #1414, #2262, #3609, #4070, #204, #3057 ) ) ;
#97 = MECHANICAL_DESIGN_GEOMETRIC_PRESENTATION_REPRESENTATION (  '', ( #453 ), #2132 ) ;
#98 = SURFACE_STYLE_USAGE ( .BOTH. , #2263 ) ;
#99 = DIRECTION ( 'NONE',  ( 1.000000000000000000, -0.0000000000000000000, 0.0000000000000000000 ) ) ;
#100 = EDGE_LOOP ( 'NONE', ( #3990, #20 ) ) ;
#101 = MECHANICAL_DESIGN_GEOMETRIC_PRESENTATION_REPRESENTATION (  '', ( #4399 ), #804 ) ;
#102 = EDGE_CURVE ( 'NONE', #4444, #1306, #1774, .T. ) ;
#103 = LINE ( 'NONE', #4891, #1121 ) ;
#104 = B_SPLINE_CURVE_WITH_KNOTS ( 'NONE', 2,
 ( #4603, #2451, #334, #5460 ),
 .UNSPECIFIED., .F., .F.,
 ( 3, 1, 3 ),
 ( 0.0000000000000000000, 4.491815890047919286E-05, 8.983631780095838572E-05 ),
 .UNSPECIFIED. ) ;
#105 = LINE ( 'NONE', #3050, #801 ) ;
#106 =( LENGTH_UNIT ( ) NAMED_UNIT ( * ) SI_UNIT ( .MILLI., .METRE. ) );
#107 = DIRECTION ( 'NONE',  ( 0.0000000000000000000, 0.0000000000000000000, 1.000000000000000000 ) ) ;
#108 = VERTEX_POINT ( 'NONE', #4405 ) ;
#109 = EDGE_CURVE ( 'NONE', #2569, #5404, #164, .T. ) ;
#110 = PRESENTATION_LAYER_ASSIGNMENT (  '', '', ( #2500 ) ) ;
#111 = B_SPLINE_SURFACE_WITH_KNOTS ( 'NONE', 2, 1, ( 
 ( #628, #5040 ),
 ( #3324, #1116 ),
 ( #1195, #5410 ),
 ( #3267, #2906 ) ),
 .UNSPECIFIED., .F., .F., .F.,
 ( 3, 1, 3 ),
 ( 2, 2 ),
 ( -2.000000000000000000, -1.000000000000000000, 0.0000000000000000000 ),
 ( 0.0000000000000000000, 0.001000000000000000021 ),
 .UNSPECIFIED. ) ;
#112 = SURFACE_STYLE_USAGE ( .BOTH. , #940 ) ;
#113 = CARTESIAN_POINT ( 'NONE',  ( 0.1847147495343879897, 0.7229989097364689643, 0.7600000000000000089 ) ) ;
#114 = UNCERTAINTY_MEASURE_WITH_UNIT (LENGTH_MEASURE( 1.000000000000000082E-05 ), #5456, 'distance_accuracy_value', 'NONE');
#115 = CARTESIAN_POINT ( 'NONE',  ( 0.2619027571675620059, 0.6853165753013770178, 0.7600000000000000089 ) ) ;
#116 = B_SPLINE_CURVE_WITH_KNOTS ( 'NONE', 2,
 ( #1407, #115, #87, #3462 ),
 .UNSPECIFIED., .F., .F.,
 ( 3, 1, 3 ),
 ( 0.0000000000000000000, 2.269374920209928629E-05, 4.538749840419857259E-05 ),
 .UNSPECIFIED. ) ;
#117 = EDGE_CURVE ( 'NONE', #4413, #1474, #3034, .T. ) ;
#118 = DIRECTION ( 'NONE',  ( 0.0000000000000000000, 0.0000000000000000000, 1.000000000000000000 ) ) ;
#119 = DIRECTION ( 'NONE',  ( 0.0000000000000000000, 0.0000000000000000000, 1.000000000000000000 ) ) ;
#120 = DIRECTION ( 'NONE',  ( 0.0000000000000000000, -1.000000000000000000, 0.0000000000000000000 ) ) ;
#121 = UNCERTAINTY_MEASURE_WITH_UNIT (LENGTH_MEASURE( 1.000000000000000082E-05 ), #2371, 'distance_accuracy_value', 'NONE');
#122 = ORIENTED_EDGE ( 'NONE', *, *, #2961, .T. ) ;
#123 = COLOUR_RGB ( '',1.000000000000000000, 1.000000000000000000, 1.000000000000000000 ) ;
#124 =( NAMED_UNIT ( * ) PLANE_ANGLE_UNIT ( ) SI_UNIT ( $, .RADIAN. ) );
#126 = ORIENTED_EDGE ( 'NONE', *, *, #1224, .T. ) ;
#125 = FACE_OUTER_BOUND ( 'NONE', #2361, .T. ) ;
#127 = CARTESIAN_POINT ( 'NONE',  ( 0.2989773120149910035, 0.8834527208794430431, 0.7600000000000000089 ) ) ;
#128 = VECTOR ( 'NONE', #2002, 1000.000000000000000 ) ;
#129 = LINE ( 'NONE', #1390, #3471 ) ;
#130 = EDGE_LOOP ( 'NONE', ( #3890, #4289, #2091, #2621 ) ) ;
#131 = DIRECTION ( 'NONE',  ( -0.0000000000000000000, -0.0000000000000000000, -1.000000000000000000 ) ) ;
#132 = SURFACE_SIDE_STYLE ('',( #1824 ) ) ;
#133 = UNCERTAINTY_MEASURE_WITH_UNIT (LENGTH_MEASURE( 1.000000000000000082E-05 ), #1422, 'distance_accuracy_value', 'NONE');
#134 = SURFACE_STYLE_FILL_AREA ( #552 ) ;
#135 = VERTEX_POINT ( 'NONE', #139 ) ;
#136 = ORIENTED_EDGE ( 'NONE', *, *, #1840, .F. ) ;
#137 =( NAMED_UNIT ( * ) PLANE_ANGLE_UNIT ( ) SI_UNIT ( $, .RADIAN. ) );
#138 = VECTOR ( 'NONE', #174, 1000.000000000000000 ) ;
#139 = CARTESIAN_POINT ( 'NONE',  ( -0.6500000000000001332, 0.3250000000000000666, 0.0000000000000000000 ) ) ;
#140 = ADVANCED_FACE ( 'NONE', ( #5199 ), #5175, .T. ) ;
#141 = ORIENTED_EDGE ( 'NONE', *, *, #965, .T. ) ;
#142 = CARTESIAN_POINT ( 'NONE',  ( -0.4880972540083090006, 0.8238903212884900462, 0.7600000000000000089 ) ) ;
#143 = COLOUR_RGB ( '',1.000000000000000000, 1.000000000000000000, 1.000000000000000000 ) ;
#144 = PRESENTATION_STYLE_ASSIGNMENT (( #3039 ) ) ;
#146 = ORIENTED_EDGE ( 'NONE', *, *, #2721, .F. ) ;
#145 = CARTESIAN_POINT ( 'NONE',  ( -0.6500000000000001332, -0.3250000000000000666, -0.01000000000000000021 ) ) ;
#147 = EDGE_CURVE ( 'NONE', #2105, #1008, #536, .T. ) ;
#148 = ORIENTED_EDGE ( 'NONE', *, *, #4767, .T. ) ;
#149 = MECHANICAL_DESIGN_GEOMETRIC_PRESENTATION_REPRESENTATION (  '', ( #4215 ), #1734 ) ;
#150 = CARTESIAN_POINT ( 'NONE',  ( -0.2690940092538209871, 0.8084932384010330431, 0.7500000000000000000 ) ) ;
#151 = CARTESIAN_POINT ( 'NONE',  ( 0.0000000000000000000, 0.0000000000000000000, 0.2499999999372448656 ) ) ;
#152 = EDGE_CURVE ( 'NONE', #3455, #2321, #3092, .T. ) ;
#153 = DIRECTION ( 'NONE',  ( -0.0000000000000000000, 1.000000000000000000, 0.0000000000000000000 ) ) ;
#154 = ORIENTED_EDGE ( 'NONE', *, *, #2148, .F. ) ;
#155 = B_SPLINE_SURFACE_WITH_KNOTS ( 'NONE', 2, 1, ( 
 ( #2494, #5064 ),
 ( #2106, #2951 ),
 ( #4252, #4227 ),
 ( #5531, #2081 ) ),
 .UNSPECIFIED., .F., .F., .F.,
 ( 3, 1, 3 ),
 ( 2, 2 ),
 ( -2.000000000000000000, -1.000000000000000000, 0.0000000000000000000 ),
 ( 0.0000000000000000000, 0.001000000000000000021 ),
 .UNSPECIFIED. ) ;
#156 = CARTESIAN_POINT ( 'NONE',  ( -1.000000000000000000, 0.3250000000000000111, 0.0000000000000000000 ) ) ;
#157 = DIRECTION ( 'NONE',  ( 1.000000000000000000, 0.0000000000000000000, -0.0000000000000000000 ) ) ;
#158 = CARTESIAN_POINT ( 'NONE',  ( 1.010000000000000009, -0.3250000000000000666, 0.08999999999999999667 ) ) ;
#159 = DIRECTION ( 'NONE',  ( -1.000000000000000000, -0.0000000000000000000, 0.0000000000000000000 ) ) ;
#160 = CARTESIAN_POINT ( 'NONE',  ( -0.4513499387387021056, 0.5180188340864486651, 0.7500000000000002220 ) ) ;
#161 = ORIENTED_EDGE ( 'NONE', *, *, #1126, .F. ) ;
#162 = VECTOR ( 'NONE', #4463, 1000.000000000000000 ) ;
#163 = FILL_AREA_STYLE ('',( #4005 ) ) ;
#164 = LINE ( 'NONE', #561, #4502 ) ;
#165 = LINE ( 'NONE', #1834, #3281 ) ;
#166 = PRESENTATION_LAYER_ASSIGNMENT (  '', '', ( #1139 ) ) ;
#167 = STYLED_ITEM ( 'NONE', ( #4594 ), #2800 ) ;
#168 = SURFACE_STYLE_USAGE ( .BOTH. , #4544 ) ;
#169 = ORIENTED_EDGE ( 'NONE', *, *, #2694, .F. ) ;
#170 = STYLED_ITEM ( 'NONE', ( #4533 ), #4021 ) ;
#171 = ADVANCED_FACE ( 'NONE', ( #672 ), #3658, .F. ) ;
#172 = AXIS2_PLACEMENT_3D ( 'NONE', #491, #3415, #4239 ) ;
#173 = LINE ( 'NONE', #3917, #5452 ) ;
#174 = DIRECTION ( 'NONE',  ( 1.000000000000000000, 0.0000000000000000000, -0.0000000000000000000 ) ) ;
#175 = CARTESIAN_POINT ( 'NONE',  ( -0.5043047096793169537, 0.8690686039714240474, 0.7600000000000000089 ) ) ;
#176 = ORIENTED_EDGE ( 'NONE', *, *, #890, .F. ) ;
#177 = UNCERTAINTY_MEASURE_WITH_UNIT (LENGTH_MEASURE( 1.000000000000000082E-05 ), #5489, 'distance_accuracy_value', 'NONE');
#178 = ORIENTED_EDGE ( 'NONE', *, *, #3515, .F. ) ;
#179 = COLOUR_RGB ( '',1.000000000000000000, 1.000000000000000000, 1.000000000000000000 ) ;
#180 = ADVANCED_FACE ( 'NONE', ( #5317 ), #297, .T. ) ;
#181 = FILL_AREA_STYLE ('',( #4020 ) ) ;
#182 = AXIS2_PLACEMENT_3D ( 'NONE', #3074, #1788, #5241 ) ;
#183 = CARTESIAN_POINT ( 'NONE',  ( -0.2690940092538209871, 0.6861269480849271352, 0.7600000000000000089 ) ) ;
#184 = CARTESIAN_POINT ( 'NONE',  ( 0.1476401946869590198, 0.9061431588188529895, 0.7500000000000000000 ) ) ;
#185 = ORIENTED_EDGE ( 'NONE', *, *, #4464, .F. ) ;
#186 = VECTOR ( 'NONE', #829, 1000.000000000000000 ) ;
#187 = ADVANCED_FACE ( 'NONE', ( #1570 ), #1967, .T. ) ;
#188 = CARTESIAN_POINT ( 'NONE',  ( 1.000000000000000000, -1.000000000000000000, 0.0000000000000000000 ) ) ;
#189 = CARTESIAN_POINT ( 'NONE',  ( 0.2282722866502210068, 0.6816698977753999911, 0.7600000000000000089 ) ) ;
#190 = COLOUR_RGB ( '',1.000000000000000000, 1.000000000000000000, 1.000000000000000000 ) ;
#191 = CARTESIAN_POINT ( 'NONE',  ( -1.734722999999999918E-16, 0.9065483452106281037, 0.7500000000000000000 ) ) ;
#192 = CARTESIAN_POINT ( 'NONE',  ( 0.3060680738710570004, 0.8794008569616911242, 0.7500000000000000000 ) ) ;
#193 = CARTESIAN_POINT ( 'NONE',  ( 0.5973039032871568788, 0.3372008218743900443, 0.7500000000000001110 ) ) ;
#194 = EDGE_LOOP ( 'NONE', ( #1277, #5313, #2594, #5102, #1301, #4883 ) ) ;
#195 = VERTEX_POINT ( 'NONE', #3228 ) ;
#196 =( NAMED_UNIT ( * ) PLANE_ANGLE_UNIT ( ) SI_UNIT ( $, .RADIAN. ) );
#197 = DIRECTION ( 'NONE',  ( 0.0000000000000000000, -0.0000000000000000000, 1.000000000000000000 ) ) ;
#198 = CARTESIAN_POINT ( 'NONE',  ( -0.4410956325623880403, 0.9118157683037061423, 0.7600000000000000089 ) ) ;
#199 = VERTEX_POINT ( 'NONE', #3626 ) ;
#200 = CARTESIAN_POINT ( 'NONE',  ( 0.0000000000000000000, 0.0000000000000000000, 0.2600000000000000089 ) ) ;
#201 = CARTESIAN_POINT ( 'NONE',  ( -1.000000000000000000, 1.000000000000000000, 0.7500000000000000000 ) ) ;
#202 = PRESENTATION_STYLE_ASSIGNMENT (( #1924 ) ) ;
#203 = STYLED_ITEM ( 'NONE', ( #998 ), #140 ) ;
#204 = ORIENTED_EDGE ( 'NONE', *, *, #3344, .F. ) ;
#205 = ADVANCED_FACE ( 'NONE', ( #4959 ), #1107, .T. ) ;
#206 = VECTOR ( 'NONE', #1907, 1000.000000000000000 ) ;
#207 = LINE ( 'NONE', #978, #3473 ) ;
#208 = LINE ( 'NONE', #632, #4611 ) ;
#209 = DIRECTION ( 'NONE',  ( -1.000000000000000000, -0.0000000000000000000, -0.0000000000000000000 ) ) ;
#210 = CARTESIAN_POINT ( 'NONE',  ( 0.1626320911826409921, 0.9229583940775241135, 0.7500000000000001110 ) ) ;
#211 = EDGE_CURVE ( 'NONE', #2596, #5529, #3395, .T. ) ;
#212 = ORIENTED_EDGE ( 'NONE', *, *, #2624, .T. ) ;
#213 = EDGE_CURVE ( 'NONE', #3567, #2824, #2021, .T. ) ;
#214 = LINE ( 'NONE', #1878, #2996 ) ;
#215 = CARTESIAN_POINT ( 'NONE',  ( -0.4696612731825379750, 0.8567104190222809557, 0.7500000000000000000 ) ) ;
#216 = CARTESIAN_POINT ( 'NONE',  ( -0.4696612731825379750, 0.8901382963437329821, 0.7600000000000000089 ) ) ;
#217 = EDGE_CURVE ( 'NONE', #2273, #2140, #1284, .T. ) ;
#218 = COLOUR_RGB ( '',1.000000000000000000, 1.000000000000000000, 1.000000000000000000 ) ;
#219 = SURFACE_STYLE_USAGE ( .BOTH. , #4870 ) ;
#220 = ORIENTED_EDGE ( 'NONE', *, *, #402, .T. ) ;
#221 = CARTESIAN_POINT ( 'NONE',  ( -0.4265089224584809879, 0.7104381315914379824, 0.7500000000000000000 ) ) ;
#222 = FACE_BOUND ( 'NONE', #2092, .T. ) ;
#223 = CARTESIAN_POINT ( 'NONE',  ( -0.2690940092538209871, 0.8380718450006220399, 0.7500000000000000000 ) ) ;
#224 = VECTOR ( 'NONE', #641, 1000.000000000000000 ) ;
#225 = CARTESIAN_POINT ( 'NONE',  ( 0.1841069699467260123, 0.8990523969627870482, 0.7600000000000000089 ) ) ;
#226 = FILL_AREA_STYLE ('',( #5286 ) ) ;
#227 = EDGE_LOOP ( 'NONE', ( #3888, #3504, #889, #1510, #813, #872, #2558, #1490 ) ) ;
#228 = COLOUR_RGB ( '',1.000000000000000000, 1.000000000000000000, 1.000000000000000000 ) ;
#229 = LINE ( 'NONE', #3179, #3727 ) ;
#230 =( NAMED_UNIT ( * ) SI_UNIT ( $, .STERADIAN. ) SOLID_ANGLE_UNIT ( ) );
#231 =( NAMED_UNIT ( * ) PLANE_ANGLE_UNIT ( ) SI_UNIT ( $, .RADIAN. ) );
#232 = SURFACE_STYLE_FILL_AREA ( #4076 ) ;
#233 = ORIENTED_EDGE ( 'NONE', *, *, #952, .F. ) ;
#234 = DIRECTION ( 'NONE',  ( -1.000000000000000000, -0.0000000000000000000, -0.0000000000000000000 ) ) ;
#235 = FILL_AREA_STYLE ('',( #1145 ) ) ;
#236 = PRESENTATION_STYLE_ASSIGNMENT (( #4081 ) ) ;
#237 = VERTEX_POINT ( 'NONE', #5524 ) ;
#238 = VECTOR ( 'NONE', #2209, 1000.000000000000000 ) ;
#239 = LINE ( 'NONE', #316, #3175 ) ;
#240 = DIRECTION ( 'NONE',  ( 0.0000000000000000000, -1.000000000000000000, 0.0000000000000000000 ) ) ;
#241 = EDGE_CURVE ( 'NONE', #1927, #5529, #1600, .T. ) ;
#242 = FILL_AREA_STYLE ('',( #4892 ) ) ;
#243 = CARTESIAN_POINT ( 'NONE',  ( -0.4265089224584809879, 0.7104381315914379824, 0.7500000000000000000 ) ) ;
#244 = ORIENTED_EDGE ( 'NONE', *, *, #1191, .T. ) ;
#245 = SURFACE_STYLE_USAGE ( .BOTH. , #3289 ) ;
#246 = ORIENTED_EDGE ( 'NONE', *, *, #4178, .F. ) ;
#247 = ADVANCED_FACE ( 'NONE', ( #351 ), #3899, .T. ) ;
#248 = SURFACE_SIDE_STYLE ('',( #2784 ) ) ;
#249 = CARTESIAN_POINT ( 'NONE',  ( -0.4696612731825379750, 0.8725126883015129620, 0.7600000000000000089 ) ) ;
#250 = SURFACE_SIDE_STYLE ('',( #4068 ) ) ;
#251 = CARTESIAN_POINT ( 'NONE',  ( 0.2126726105668760025, 0.9122209546954810344, 0.7600000000000000089 ) ) ;
#252 =( LENGTH_UNIT ( ) NAMED_UNIT ( * ) SI_UNIT ( .MILLI., .METRE. ) );
#253 = ORIENTED_EDGE ( 'NONE', *, *, #2255, .T. ) ;
#254 = MECHANICAL_DESIGN_GEOMETRIC_PRESENTATION_REPRESENTATION (  '', ( #3638 ), #4628 ) ;
#255 = EDGE_CURVE ( 'NONE', #3674, #3528, #2052, .T. ) ;
#256 = PRESENTATION_STYLE_ASSIGNMENT (( #3691 ) ) ;
#257 =( LENGTH_UNIT ( ) NAMED_UNIT ( * ) SI_UNIT ( .MILLI., .METRE. ) );
#258 = VECTOR ( 'NONE', #4467, 1000.000000000000000 ) ;
#259 = VERTEX_POINT ( 'NONE', #5058 ) ;
#260 = VECTOR ( 'NONE', #359, 1000.000000000000000 ) ;
#261 = CARTESIAN_POINT ( 'NONE',  ( -1.010000000000000009, 0.3250000000000000666, -0.009999999999999998473 ) ) ;
#263 = ORIENTED_EDGE ( 'NONE', *, *, #3138, .T. ) ;
#262 = DIRECTION ( 'NONE',  ( 0.0000000000000000000, -1.000000000000000000, 0.0000000000000000000 ) ) ;
#264 = STYLED_ITEM ( 'NONE', ( #4686 ), #4160 ) ;
#265 =( GEOMETRIC_REPRESENTATION_CONTEXT ( 3 ) GLOBAL_UNCERTAINTY_ASSIGNED_CONTEXT ( ( #1442 ) ) GLOBAL_UNIT_ASSIGNED_CONTEXT ( ( #3433, #888, #3914 ) ) REPRESENTATION_CONTEXT ( 'NONE', 'WORKASPACE' ) );
#266 = ORIENTED_EDGE ( 'NONE', *, *, #914, .F. ) ;
#267 = PLANE ( 'NONE',  #1646 ) ;
#268 = DIRECTION ( 'NONE',  ( -0.0000000000000000000, -1.000000000000000000, -0.0000000000000000000 ) ) ;
#269 = CARTESIAN_POINT ( 'NONE',  ( -0.01180065047657699942, 0.9065483452106281037, 0.7600000000000000089 ) ) ;
#270 = CARTESIAN_POINT ( 'NONE',  ( -0.01180065047657699942, 0.9065483452106281037, 0.7500000000000000000 ) ) ;
#271 = VERTEX_POINT ( 'NONE', #1211 ) ;
#272 = EDGE_CURVE ( 'NONE', #2978, #4565, #2923, .T. ) ;
#273 = DIRECTION ( 'NONE',  ( 0.0000000000000000000, 0.0000000000000000000, 1.000000000000000000 ) ) ;
#274 = CIRCLE ( 'NONE', #4651, 0.4170820393249932700 ) ;
#275 = LINE ( 'NONE', #4978, #682 ) ;
#276 = DIRECTION ( 'NONE',  ( 0.0000000000000000000, 1.000000000000000000, 0.0000000000000000000 ) ) ;
#277 = SURFACE_SIDE_STYLE ('',( #5493 ) ) ;
#278 = VERTEX_POINT ( 'NONE', #3448 ) ;
#279 = MECHANICAL_DESIGN_GEOMETRIC_PRESENTATION_REPRESENTATION (  '', ( #1334 ), #3575 ) ;
#280 = EDGE_CURVE ( 'NONE', #578, #4421, #3480, .T. ) ;
#281 = CARTESIAN_POINT ( 'NONE',  ( -0.3458768304952190009, 0.8846682800547691627, 0.7500000000000001110 ) ) ;
#282 =( NAMED_UNIT ( * ) PLANE_ANGLE_UNIT ( ) SI_UNIT ( $, .RADIAN. ) );
#283 = UNCERTAINTY_MEASURE_WITH_UNIT (LENGTH_MEASURE( 1.000000000000000082E-05 ), #3666, 'distance_accuracy_value', 'NONE');
#284 = EDGE_CURVE ( 'NONE', #2493, #4291, #4748, .T. ) ;
#286 = ORIENTED_EDGE ( 'NONE', *, *, #1975, .T. ) ;
#285 = PRESENTATION_STYLE_ASSIGNMENT (( #2319 ) ) ;
#287 = PRESENTATION_STYLE_ASSIGNMENT (( #2398 ) ) ;
#288 = EDGE_LOOP ( 'NONE', ( #2102, #4053, #6, #2615 ) ) ;
#289 = PRESENTATION_STYLE_ASSIGNMENT (( #711 ) ) ;
#290 = FILL_AREA_STYLE_COLOUR ( '', #2671 ) ;
#291 =( NAMED_UNIT ( * ) PLANE_ANGLE_UNIT ( ) SI_UNIT ( $, .RADIAN. ) );
#292 = PRESENTATION_STYLE_ASSIGNMENT (( #3334 ) ) ;
#293 = ORIENTED_EDGE ( 'NONE', *, *, #4596, .T. ) ;
#294 = CARTESIAN_POINT ( 'NONE',  ( -1.000000000000000000, -0.3250000000000000666, 0.08999999999999999667 ) ) ;
#295 =( GEOMETRIC_REPRESENTATION_CONTEXT ( 3 ) GLOBAL_UNCERTAINTY_ASSIGNED_CONTEXT ( ( #1856 ) ) GLOBAL_UNIT_ASSIGNED_CONTEXT ( ( #3273, #4995, #4582 ) ) REPRESENTATION_CONTEXT ( 'NONE', 'WORKASPACE' ) );
#296 = DIRECTION ( 'NONE',  ( -0.0000000000000000000, 1.000000000000000000, 0.0000000000000000000 ) ) ;
#297 = PLANE ( 'NONE',  #1793 ) ;
#298 = DIRECTION ( 'NONE',  ( -0.0000000000000000000, 1.000000000000000000, 0.0000000000000000000 ) ) ;
#299 = CARTESIAN_POINT ( 'NONE',  ( 0.1164408425202699965, 0.8423263021142610718, 0.7600000000000000089 ) ) ;
#300 = VECTOR ( 'NONE', #1744, 1000.000000000000000 ) ;
#301 = EDGE_LOOP ( 'NONE', ( #1736, #991, #4889, #539 ) ) ;
#302 = SURFACE_SIDE_STYLE ('',( #676 ) ) ;
#303 = PRESENTATION_LAYER_ASSIGNMENT (  '', '', ( #5407 ) ) ;
#304 = CARTESIAN_POINT ( 'NONE',  ( 0.1328508913871649932, 0.7306974511801980210, 0.7600000000000000089 ) ) ;
#305 = EDGE_CURVE ( 'NONE', #4945, #1460, #2603, .T. ) ;
#306 = VERTEX_POINT ( 'NONE', #5191 ) ;
#307 =( GEOMETRIC_REPRESENTATION_CONTEXT ( 3 ) GLOBAL_UNCERTAINTY_ASSIGNED_CONTEXT ( ( #3017 ) ) GLOBAL_UNIT_ASSIGNED_CONTEXT ( ( #392, #335, #3381 ) ) REPRESENTATION_CONTEXT ( 'NONE', 'WORKASPACE' ) );
#308 = SURFACE_STYLE_FILL_AREA ( #3745 ) ;
#309 = CARTESIAN_POINT ( 'NONE',  ( -0.3959173498794539836, 0.8234851348967151541, 0.7500000000000000000 ) ) ;
#310 = EDGE_CURVE ( 'NONE', #2010, #4903, #1137, .T. ) ;
#311 = STYLED_ITEM ( 'NONE', ( #2082 ), #1567 ) ;
#313 = ORIENTED_EDGE ( 'NONE', *, *, #4998, .T. ) ;
#312 = CARTESIAN_POINT ( 'NONE',  ( -0.4015899593643070253, 0.7904624439670380198, 0.7550000000000000044 ) ) ;
#314 = CARTESIAN_POINT ( 'NONE',  ( -0.4015899593643070253, 0.7904624439670380198, 0.7500000000000000000 ) ) ;
#315 = VERTEX_POINT ( 'NONE', #4330 ) ;
#316 = CARTESIAN_POINT ( 'NONE',  ( 0.6500000000000001332, -0.3250000000000000666, 0.08999999999999999667 ) ) ;
#317 = CARTESIAN_POINT ( 'NONE',  ( 0.1478427878828459940, 0.7144899955091900123, 0.7500000000000000000 ) ) ;
#318 = EDGE_CURVE ( 'NONE', #1249, #3802, #5219, .T. ) ;
#319 = DIRECTION ( 'NONE',  ( 0.0000000000000000000, 0.0000000000000000000, 1.000000000000000000 ) ) ;
#320 = FACE_BOUND ( 'NONE', #937, .T. ) ;
#321 =( NAMED_UNIT ( * ) SI_UNIT ( $, .STERADIAN. ) SOLID_ANGLE_UNIT ( ) );
#322 = DIRECTION ( 'NONE',  ( 0.0000000000000000000, 0.0000000000000000000, 1.000000000000000000 ) ) ;
#323 = CARTESIAN_POINT ( 'NONE',  ( 0.1478427878828459940, 0.7144899955091900123, 0.7600000000000000089 ) ) ;
#324 = CARTESIAN_POINT ( 'NONE',  ( -0.5061280484423049675, 0.7011188445806090241, 0.7500000000000000000 ) ) ;
#325 = CARTESIAN_POINT ( 'NONE',  ( 0.2728427897455019124, 0.9341010198513799434, 0.7600000000000000089 ) ) ;
#326 = DIRECTION ( 'NONE',  ( -0.0000000000000000000, -0.0000000000000000000, -1.000000000000000000 ) ) ;
#327 =( NAMED_UNIT ( * ) PLANE_ANGLE_UNIT ( ) SI_UNIT ( $, .RADIAN. ) );
#328 = CARTESIAN_POINT ( 'NONE',  ( 0.2414408443829150208, 0.9405840021197440226, 0.7600000000000000089 ) ) ;
#329 = UNCERTAINTY_MEASURE_WITH_UNIT (LENGTH_MEASURE( 1.000000000000000082E-05 ), #884, 'distance_accuracy_value', 'NONE');
#330 = FACE_OUTER_BOUND ( 'NONE', #3923, .T. ) ;
#331 = VECTOR ( 'NONE', #2439, 1000.000000000000000 ) ;
#332 = ORIENTED_EDGE ( 'NONE', *, *, #1246, .F. ) ;
#333 = ADVANCED_FACE ( 'NONE', ( #495 ), #4395, .T. ) ;
#334 = CARTESIAN_POINT ( 'NONE',  ( 0.1628346843785279940, 0.6980799466422950017, 0.7600000000000000089 ) ) ;
#335 =( NAMED_UNIT ( * ) PLANE_ANGLE_UNIT ( ) SI_UNIT ( $, .RADIAN. ) );
#336 = CARTESIAN_POINT ( 'NONE',  ( 0.1510842790170479899, 0.8350329470623080175, 0.7600000000000000089 ) ) ;
#337 = DIRECTION ( 'NONE',  ( 0.0000000000000000000, 0.0000000000000000000, 1.000000000000000000 ) ) ;
#338 = ORIENTED_EDGE ( 'NONE', *, *, #2318, .F. ) ;
#339 = VECTOR ( 'NONE', #877, 1000.000000000000000 ) ;
#340 = ADVANCED_FACE ( 'NONE', ( #988 ), #4000, .T. ) ;
#341 = DIRECTION ( 'NONE',  ( 1.000000000000000000, 0.0000000000000000000, -0.0000000000000000000 ) ) ;
#342 = CARTESIAN_POINT ( 'NONE',  ( -0.3707957935893930190, 0.7333311627267361521, 0.7600000000000000089 ) ) ;
#343 = FILL_AREA_STYLE_COLOUR ( '', #5471 ) ;
#344 = CARTESIAN_POINT ( 'NONE',  ( 0.3496256109868899342, 0.8791982637658030120, 0.7599999999999998979 ) ) ;
#345 = DIRECTION ( 'NONE',  ( 0.0000000000000000000, -0.0000000000000000000, 1.000000000000000000 ) ) ;
#346 = STYLED_ITEM ( 'NONE', ( #452 ), #4352 ) ;
#347 = EDGE_CURVE ( 'NONE', #1387, #5320, #4562, .T. ) ;
#348 = CARTESIAN_POINT ( 'NONE',  ( 0.3036369555204059822, 0.7428530429334530005, 0.7500000000000000000 ) ) ;
#349 = CARTESIAN_POINT ( 'NONE',  ( 0.0000000000000000000, 0.0000000000000000000, 0.2600000000000000089 ) ) ;
#350 = LINE ( 'NONE', #722, #2716 ) ;
#351 = FACE_OUTER_BOUND ( 'NONE', #5163, .T. ) ;
#352 = CARTESIAN_POINT ( 'NONE',  ( -0.5061280484406234237, 0.7011188445797986724, 0.7600000000000000089 ) ) ;
#353 = ORIENTED_EDGE ( 'NONE', *, *, #5297, .T. ) ;
#354 = PRESENTATION_LAYER_ASSIGNMENT (  '', '', ( #638 ) ) ;
#355 = SURFACE_SIDE_STYLE ('',( #1192 ) ) ;
#356 = FILL_AREA_STYLE_COLOUR ( '', #3073 ) ;
#357 = AXIS2_PLACEMENT_3D ( 'NONE', #2325, #1957, #1017 ) ;
#358 = CARTESIAN_POINT ( 'NONE',  ( 0.2432641831459030068, 0.9122209546954810344, 0.7600000000000000089 ) ) ;
#359 = DIRECTION ( 'NONE',  ( 1.000000000000000000, 0.0000000000000000000, -0.0000000000000000000 ) ) ;
#360 = ORIENTED_EDGE ( 'NONE', *, *, #5533, .F. ) ;
#361 =( GEOMETRIC_REPRESENTATION_CONTEXT ( 3 ) GLOBAL_UNCERTAINTY_ASSIGNED_CONTEXT ( ( #1658 ) ) GLOBAL_UNIT_ASSIGNED_CONTEXT ( ( #3032, #1737, #3454 ) ) REPRESENTATION_CONTEXT ( 'NONE', 'WORKASPACE' ) );
#362 = CARTESIAN_POINT ( 'NONE',  ( 0.3060680738710570004, 0.7428530429334530005, 0.7599999999999998979 ) ) ;
#363 = CARTESIAN_POINT ( 'NONE',  ( -0.3707957935893930190, 0.7521723299442820698, 0.7600000000000000089 ) ) ;
#364 = VERTEX_POINT ( 'NONE', #1124 ) ;
#365 = VECTOR ( 'NONE', #3512, 1000.000000000000000 ) ;
#366 = CARTESIAN_POINT ( 'NONE',  ( 0.2286774730419960100, 0.7104381315914379824, 0.7600000000000000089 ) ) ;
#367 = SURFACE_SIDE_STYLE ('',( #4452 ) ) ;
#368 = EDGE_CURVE ( 'NONE', #1265, #4444, #3649, .T. ) ;
#369 = PRESENTATION_STYLE_ASSIGNMENT (( #3756 ) ) ;
#370 = SURFACE_STYLE_FILL_AREA ( #764 ) ;
#371 = CARTESIAN_POINT ( 'NONE',  ( -0.4696612731825379750, 0.8567104190222809557, 0.7600000000000000089 ) ) ;
#372 = LINE ( 'NONE', #1617, #2616 ) ;
#373 =( GEOMETRIC_REPRESENTATION_CONTEXT ( 3 ) GLOBAL_UNCERTAINTY_ASSIGNED_CONTEXT ( ( #4329 ) ) GLOBAL_UNIT_ASSIGNED_CONTEXT ( ( #2491, #823, #3340 ) ) REPRESENTATION_CONTEXT ( 'NONE', 'WORKASPACE' ) );
#374 = DIRECTION ( 'NONE',  ( 1.000000000000000000, 0.0000000000000000000, -0.0000000000000000000 ) ) ;
#375 = AXIS2_PLACEMENT_3D ( 'NONE', #5109, #2964, #4688 ) ;
#376 = FILL_AREA_STYLE_COLOUR ( '', #1954 ) ;
#377 = EDGE_CURVE ( 'NONE', #5455, #1411, #4029, .T. ) ;
#378 = DIRECTION ( 'NONE',  ( 0.0000000000000000000, -0.0000000000000000000, 1.000000000000000000 ) ) ;
#379 = LINE ( 'NONE', #1543, #331 ) ;
#380 = DIRECTION ( 'NONE',  ( 0.0000000000000000000, 0.0000000000000000000, 1.000000000000000000 ) ) ;
#381 = VERTEX_POINT ( 'NONE', #1043 ) ;
#382 =( GEOMETRIC_REPRESENTATION_CONTEXT ( 3 ) GLOBAL_UNCERTAINTY_ASSIGNED_CONTEXT ( ( #3999 ) ) GLOBAL_UNIT_ASSIGNED_CONTEXT ( ( #1472, #3557, #1011 ) ) REPRESENTATION_CONTEXT ( 'NONE', 'WORKASPACE' ) );
#383 =( NAMED_UNIT ( * ) PLANE_ANGLE_UNIT ( ) SI_UNIT ( $, .RADIAN. ) );
#384 = EDGE_CURVE ( 'NONE', #1008, #1265, #4920, .T. ) ;
#385 = FILL_AREA_STYLE_COLOUR ( '', #4956 ) ;
#386 =( GEOMETRIC_REPRESENTATION_CONTEXT ( 3 ) GLOBAL_UNCERTAINTY_ASSIGNED_CONTEXT ( ( #1061 ) ) GLOBAL_UNIT_ASSIGNED_CONTEXT ( ( #4600, #2029, #805 ) ) REPRESENTATION_CONTEXT ( 'NONE', 'WORKASPACE' ) );
#387 = CARTESIAN_POINT ( 'NONE',  ( -0.3361523570926139848, 0.7574397530373601084, 0.7600000000000000089 ) ) ;
#388 = UNCERTAINTY_MEASURE_WITH_UNIT (LENGTH_MEASURE( 1.000000000000000082E-05 ), #1151, 'distance_accuracy_value', 'NONE');
#389 = CARTESIAN_POINT ( 'NONE',  ( -0.4265089224584809879, 0.7104381315914379824, 0.7550000000000000044 ) ) ;
#390 = ORIENTED_EDGE ( 'NONE', *, *, #1307, .F. ) ;
#391 = AXIS2_PLACEMENT_3D ( 'NONE', #3027, #4332, #4697 ) ;
#392 =( LENGTH_UNIT ( ) NAMED_UNIT ( * ) SI_UNIT ( .MILLI., .METRE. ) );
#393 = DIRECTION ( 'NONE',  ( 0.0000000000000000000, 0.0000000000000000000, 1.000000000000000000 ) ) ;
#394 = COLOUR_RGB ( '',1.000000000000000000, 1.000000000000000000, 1.000000000000000000 ) ;
#395 = EDGE_LOOP ( 'NONE', ( #4655, #2727, #1252, #4327 ) ) ;
#396 = ORIENTED_EDGE ( 'NONE', *, *, #2318, .T. ) ;
#397 = COLOUR_RGB ( '',1.000000000000000000, 1.000000000000000000, 1.000000000000000000 ) ;
#398 = SURFACE_STYLE_FILL_AREA ( #1726 ) ;
#399 = FILL_AREA_STYLE ('',( #2095 ) ) ;
#400 = CARTESIAN_POINT ( 'NONE',  ( 0.3996661303711249724, 0.9166780050050079565, 0.7600000000000000089 ) ) ;
#401 = CARTESIAN_POINT ( 'NONE',  ( 0.2977617528396659941, 0.9239713600569620100, 0.7600000000000000089 ) ) ;
#402 = EDGE_CURVE ( 'NONE', #4230, #2956, #2748, .T. ) ;
#403 = CARTESIAN_POINT ( 'NONE',  ( -0.4265089224584809879, 0.8307784899486689856, 0.7600000000000000089 ) ) ;
#404 = CARTESIAN_POINT ( 'NONE',  ( -0.1540210739896679948, 0.8380718450006220399, 0.7600000000000000089 ) ) ;
#405 = SURFACE_STYLE_USAGE ( .BOTH. , #1679 ) ;
#406 = FACE_OUTER_BOUND ( 'NONE', #5383, .T. ) ;
#407 = ORIENTED_EDGE ( 'NONE', *, *, #2174, .T. ) ;
#408 = COLOUR_RGB ( '',1.000000000000000000, 1.000000000000000000, 1.000000000000000000 ) ;
#409 = EDGE_CURVE ( 'NONE', #951, #2087, #4509, .T. ) ;
#410 =( NAMED_UNIT ( * ) PLANE_ANGLE_UNIT ( ) SI_UNIT ( $, .RADIAN. ) );
#411 = ORIENTED_EDGE ( 'NONE', *, *, #1393, .F. ) ;
#412 = CARTESIAN_POINT ( 'NONE',  ( 0.2977617528396659941, 0.6992955058176200112, 0.7600000000000000089 ) ) ;
#413 = CARTESIAN_POINT ( 'NONE',  ( -0.4202285333859649974, 0.9405840021197440226, 0.7500000000000000000 ) ) ;
#414 = CARTESIAN_POINT ( 'NONE',  ( -0.6500000000000001332, -0.3250000000000000666, 0.0000000000000000000 ) ) ;
#415 =( NAMED_UNIT ( * ) PLANE_ANGLE_UNIT ( ) SI_UNIT ( $, .RADIAN. ) );
#416 = LINE ( 'NONE', #4732, #3419 ) ;
#417 = LINE ( 'NONE', #3673, #3374 ) ;
#418 = ORIENTED_EDGE ( 'NONE', *, *, #2998, .T. ) ;
#419 = EDGE_CURVE ( 'NONE', #3569, #1364, #5335, .T. ) ;
#420 = CARTESIAN_POINT ( 'NONE',  ( 0.3060680738710570004, 0.7031447765394850391, 0.7500000000000000000 ) ) ;
#422 = ORIENTED_EDGE ( 'NONE', *, *, #5512, .F. ) ;
#421 =( NAMED_UNIT ( * ) PLANE_ANGLE_UNIT ( ) SI_UNIT ( $, .RADIAN. ) );
#423 = ORIENTED_EDGE ( 'NONE', *, *, #3319, .T. ) ;
#424 = EDGE_LOOP ( 'NONE', ( #910, #2294, #3110, #390 ) ) ;
#425 = VECTOR ( 'NONE', #2101, 1000.000000000000000 ) ;
#426 = PRESENTATION_LAYER_ASSIGNMENT (  '', '', ( #2378 ) ) ;
#427 = SURFACE_STYLE_USAGE ( .BOTH. , #4264 ) ;
#428 = COLOUR_RGB ( '',1.000000000000000000, 1.000000000000000000, 1.000000000000000000 ) ;
#429 = COLOUR_RGB ( '',0.9215686274509803377, 0.9215686274509803377, 0.9294117647058823817 ) ;
#430 = CARTESIAN_POINT ( 'NONE',  ( 0.1478427878828459940, 0.7144899955091900123, 0.7500000000000000000 ) ) ;
#431 = CARTESIAN_POINT ( 'NONE',  ( 0.1052982167464519975, 0.9361269518102169895, 0.7500000000000000000 ) ) ;
#432 = PRESENTATION_STYLE_ASSIGNMENT (( #13 ) ) ;
#433 = COLOUR_RGB ( '',1.000000000000000000, 1.000000000000000000, 1.000000000000000000 ) ;
#434 = CARTESIAN_POINT ( 'NONE',  ( -1.000000000000000000, -0.9999999999999988898, 0.0000000000000000000 ) ) ;
#435 = LINE ( 'NONE', #1704, #1596 ) ;
#436 =( NAMED_UNIT ( * ) PLANE_ANGLE_UNIT ( ) SI_UNIT ( $, .RADIAN. ) );
#437 = FILL_AREA_STYLE_COLOUR ( '', #3590 ) ;
#438 = CARTESIAN_POINT ( 'NONE',  ( -1.010000000000000009, 0.6750000000000000444, 0.08999999999999999667 ) ) ;
#439 = STYLED_ITEM ( 'NONE', ( #2234 ), #4175 ) ;
#440 = ADVANCED_FACE ( 'NONE', ( #5306 ), #4971, .T. ) ;
#441 = CARTESIAN_POINT ( 'NONE',  ( -0.4693044419004887002, 0.9386088838009770674, 0.6886088838242545584 ) ) ;
#442 = ORIENTED_EDGE ( 'NONE', *, *, #4471, .T. ) ;
#443 = FILL_AREA_STYLE_COLOUR ( '', #8 ) ;
#444 = ORIENTED_EDGE ( 'NONE', *, *, #3723, .T. ) ;
#445 = PLANE ( 'NONE',  #2387 ) ;
#446 = FILL_AREA_STYLE ('',( #859 ) ) ;
#447 = ADVANCED_FACE ( 'NONE', ( #5365 ), #1073, .T. ) ;
#448 = CARTESIAN_POINT ( 'NONE',  ( 1.010000000000000009, -0.6750000000000000444, 0.0000000000000000000 ) ) ;
#449 = CARTESIAN_POINT ( 'NONE',  ( -0.4880972540083090006, 0.8238903212884900462, 0.7500000000000000000 ) ) ;
#450 = VERTEX_POINT ( 'NONE', #2124 ) ;
#451 = B_SPLINE_CURVE_WITH_KNOTS ( 'NONE', 2,
 ( #4931, #3230, #4095, #4518 ),
 .UNSPECIFIED., .F., .F.,
 ( 3, 1, 3 ),
 ( 0.0000000000000000000, 5.144585317602164533E-05, 0.0001028917063520432907 ),
 .UNSPECIFIED. ) ;
#452 = PRESENTATION_STYLE_ASSIGNMENT (( #783 ) ) ;
#453 = STYLED_ITEM ( 'NONE', ( #5056 ), #4693 ) ;
#454 = CARTESIAN_POINT ( 'NONE',  ( 0.1476401946869590198, 0.9061431588188529895, 0.7500000000000000000 ) ) ;
#456 = EDGE_LOOP ( 'NONE', ( #2449, #5411, #3223, #5186 ) ) ;
#455 = CARTESIAN_POINT ( 'NONE',  ( -0.4180000082312019805, 0.9118157683037061423, 0.7600000000000000089 ) ) ;
#457 = ADVANCED_FACE ( 'NONE', ( #5000 ), #2860, .F. ) ;
#458 = ORIENTED_EDGE ( 'NONE', *, *, #2624, .F. ) ;
#459 = FILL_AREA_STYLE_COLOUR ( '', #4802 ) ;
#460 = CARTESIAN_POINT ( 'NONE',  ( 0.2770972468591310078, 0.7227963165405809631, 0.7500000000000000000 ) ) ;
#461 = VECTOR ( 'NONE', #1403, 1000.000000000000000 ) ;
#462 = LINE ( 'NONE', #2626, #736 ) ;
#463 = CARTESIAN_POINT ( 'NONE',  ( -0.4240778041078300253, 0.6816698977753999911, 0.7600000000000000089 ) ) ;
#464 = B_SPLINE_CURVE_WITH_KNOTS ( 'NONE', 2,
 ( #2307, #3121, #5257, #3147 ),
 .UNSPECIFIED., .F., .F.,
 ( 3, 1, 3 ),
 ( 0.0000000000000000000, 3.843062630070995955E-05, 7.686125260141991910E-05 ),
 .UNSPECIFIED. ) ;
#465 = ORIENTED_EDGE ( 'NONE', *, *, #280, .F. ) ;
#466 = B_SPLINE_SURFACE_WITH_KNOTS ( 'NONE', 2, 1, ( 
 ( #687, #3773 ),
 ( #2086, #1661 ),
 ( #1502, #3378 ),
 ( #5360, #4105 ) ),
 .UNSPECIFIED., .F., .F., .F.,
 ( 3, 1, 3 ),
 ( 2, 2 ),
 ( -2.000000000000000000, -1.000000000000000000, 0.0000000000000000000 ),
 ( 0.0000000000000000000, 0.001000000000000000021 ),
 .UNSPECIFIED. ) ;
#467 = CARTESIAN_POINT ( 'NONE',  ( -1.010000000000000009, 0.5000000000000000000, 0.04000000000000000083 ) ) ;
#468 = DIRECTION ( 'NONE',  ( 0.0000000000000000000, 0.0000000000000000000, -1.000000000000000000 ) ) ;
#469 = MECHANICAL_DESIGN_GEOMETRIC_PRESENTATION_REPRESENTATION (  '', ( #203 ), #1084 ) ;
#470 = CARTESIAN_POINT ( 'NONE',  ( 0.5686373544702381100, 1.137274708940476220, 0.7500000000000000000 ) ) ;
#471 = ORIENTED_EDGE ( 'NONE', *, *, #2384, .T. ) ;
#472 = CARTESIAN_POINT ( 'NONE',  ( 0.4693044419004888113, -0.9386088838009770674, 0.6886088838242545584 ) ) ;
#473 = ORIENTED_EDGE ( 'NONE', *, *, #2941, .F. ) ;
#474 = AXIS2_PLACEMENT_3D ( 'NONE', #1310, #3534, #1765 ) ;
#475 = FACE_OUTER_BOUND ( 'NONE', #4350, .T. ) ;
#476 = DIRECTION ( 'NONE',  ( 0.0000000000000000000, 1.000000000000000000, -0.0000000000000000000 ) ) ;
#477 = PRESENTATION_STYLE_ASSIGNMENT (( #2902 ) ) ;
#478 = CARTESIAN_POINT ( 'NONE',  ( 1.010000000000000009, -0.6750000000000000444, -0.009999999999999998473 ) ) ;
#479 = VERTEX_POINT ( 'NONE', #844 ) ;
#480 = ADVANCED_FACE ( 'NONE', ( #320, #4186 ), #1674, .F. ) ;
#481 = CARTESIAN_POINT ( 'NONE',  ( 0.3060680738710570004, 0.9195143097474349769, 0.7500000000000000000 ) ) ;
#483 = ORIENTED_EDGE ( 'NONE', *, *, #3145, .F. ) ;
#482 = DIRECTION ( 'NONE',  ( 0.0000000000000000000, 0.0000000000000000000, 1.000000000000000000 ) ) ;
#484 = CYLINDRICAL_SURFACE ( 'NONE', #1898, 0.2500000000000000000 ) ;
#485 = VERTEX_POINT ( 'NONE', #2540 ) ;
#486 = ORIENTED_EDGE ( 'NONE', *, *, #566, .F. ) ;
#487 = MECHANICAL_DESIGN_GEOMETRIC_PRESENTATION_REPRESENTATION (  '', ( #746 ), #5044 ) ;
#488 = CARTESIAN_POINT ( 'NONE',  ( -0.3023192933793860115, 0.9361269518102169895, 0.7500000000000000000 ) ) ;
#489 = ORIENTED_EDGE ( 'NONE', *, *, #4155, .T. ) ;
#490 = SURFACE_STYLE_FILL_AREA ( #4356 ) ;
#491 = CARTESIAN_POINT ( 'NONE',  ( 0.4715867149112210055, 0.6861269480849271352, 0.7500000000000000000 ) ) ;
#492 = ORIENTED_EDGE ( 'NONE', *, *, #1090, .F. ) ;
#493 = EDGE_CURVE ( 'NONE', #3397, #4899, #4265, .T. ) ;
#494 = DIRECTION ( 'NONE',  ( 0.0000000000000000000, -0.0000000000000000000, 1.000000000000000000 ) ) ;
#495 = FACE_OUTER_BOUND ( 'NONE', #2648, .T. ) ;
#496 = STYLED_ITEM ( 'NONE', ( #3180 ), #1557 ) ;
#497 =( NAMED_UNIT ( * ) PLANE_ANGLE_UNIT ( ) SI_UNIT ( $, .RADIAN. ) );
#498 = DIRECTION ( 'NONE',  ( -1.000000000000000000, -0.0000000000000000000, 0.0000000000000000000 ) ) ;
#499 = ORIENTED_EDGE ( 'NONE', *, *, #5297, .F. ) ;
#500 = ORIENTED_EDGE ( 'NONE', *, *, #927, .T. ) ;
#501 = PRESENTATION_STYLE_ASSIGNMENT (( #82 ) ) ;
#502 = LINE ( 'NONE', #3570, #715 ) ;
#503 = CARTESIAN_POINT ( 'NONE',  ( -0.1540210739896679948, 0.8084932384010330431, 0.7500000000000000000 ) ) ;
#504 = FILL_AREA_STYLE ('',( #4757 ) ) ;
#505 = UNCERTAINTY_MEASURE_WITH_UNIT (LENGTH_MEASURE( 1.000000000000000082E-05 ), #1099, 'distance_accuracy_value', 'NONE');
#506 = CARTESIAN_POINT ( 'NONE',  ( 1.000000000000000000, 0.6750000000000000444, 0.0000000000000000000 ) ) ;
#507 = ORIENTED_EDGE ( 'NONE', *, *, #557, .F. ) ;
#508 = CARTESIAN_POINT ( 'NONE',  ( 0.2728427897454919759, 0.6889632528273530454, 0.7600000000000000089 ) ) ;
#509 = B_SPLINE_CURVE_WITH_KNOTS ( 'NONE', 2,
 ( #3464, #4468, #2312, #2701 ),
 .UNSPECIFIED., .F., .F.,
 ( 3, 1, 3 ),
 ( 0.0000000000000000000, 2.427763188764342785E-05, 4.855526377528685569E-05 ),
 .UNSPECIFIED. ) ;
#510 = CARTESIAN_POINT ( 'NONE',  ( 0.1164408425202699965, 0.8109243567516839502, 0.7600000000000000089 ) ) ;
#512 = VERTEX_POINT ( 'NONE', #2149 ) ;
#511 = FILL_AREA_STYLE_COLOUR ( '', #143 ) ;
#513 = ORIENTED_EDGE ( 'NONE', *, *, #5512, .T. ) ;
#514 = EDGE_CURVE ( 'NONE', #3538, #1800, #2177, .T. ) ;
#515 = ORIENTED_EDGE ( 'NONE', *, *, #661, .F. ) ;
#516 = LINE ( 'NONE', #150, #1409 ) ;
#517 = EDGE_LOOP ( 'NONE', ( #3216, #2523, #3863, #786 ) ) ;
#518 = CARTESIAN_POINT ( 'NONE',  ( 0.3496256109868899897, 0.8791982637658030120, 0.7500000000000000000 ) ) ;
#519 = VERTEX_POINT ( 'NONE', #2597 ) ;
#520 = EDGE_CURVE ( 'NONE', #512, #1037, #4294, .T. ) ;
#521 =( GEOMETRIC_REPRESENTATION_CONTEXT ( 3 ) GLOBAL_UNCERTAINTY_ASSIGNED_CONTEXT ( ( #3634 ) ) GLOBAL_UNIT_ASSIGNED_CONTEXT ( ( #4789, #1714, #941 ) ) REPRESENTATION_CONTEXT ( 'NONE', 'WORKASPACE' ) );
#522 = SURFACE_STYLE_FILL_AREA ( #1854 ) ;
#523 = B_SPLINE_CURVE_WITH_KNOTS ( 'NONE', 2,
 ( #1486, #1459, #3229, #1054 ),
 .UNSPECIFIED., .F., .F.,
 ( 3, 1, 3 ),
 ( 0.0000000000000000000, 3.621436438438258747E-05, 7.242872876876517495E-05 ),
 .UNSPECIFIED. ) ;
#524 = VECTOR ( 'NONE', #907, 1000.000000000000000 ) ;
#525 = SURFACE_STYLE_FILL_AREA ( #3968 ) ;
#526 = LINE ( 'NONE', #2212, #4823 ) ;
#527 = EDGE_CURVE ( 'NONE', #3689, #2760, #3930, .T. ) ;
#528 = LINE ( 'NONE', #852, #3783 ) ;
#529 = ORIENTED_EDGE ( 'NONE', *, *, #2548, .F. ) ;
#530 = STYLED_ITEM ( 'NONE', ( #292 ), #3005 ) ;
#531 = CARTESIAN_POINT ( 'NONE',  ( 0.2752739080961429941, 0.9002679561381129458, 0.7550000000000000044 ) ) ;
#532 = EDGE_LOOP ( 'NONE', ( #136, #1545, #442, #3352 ) ) ;
#533 = DIRECTION ( 'NONE',  ( 0.0000000000000000000, 1.000000000000000000, 0.0000000000000000000 ) ) ;
#534 = CARTESIAN_POINT ( 'NONE',  ( -0.4202285333859649974, 0.9405840021197440226, 0.7600000000000000089 ) ) ;
#535 = AXIS2_PLACEMENT_3D ( 'NONE', #506, #942, #2194 ) ;
#536 = LINE ( 'NONE', #3944, #365 ) ;
#537 = DIRECTION ( 'NONE',  ( -0.0000000000000000000, -0.0000000000000000000, -1.000000000000000000 ) ) ;
#538 = B_SPLINE_CURVE_WITH_KNOTS ( 'NONE', 2,
 ( #995, #2695, #4432, #4900 ),
 .UNSPECIFIED., .F., .F.,
 ( 3, 1, 3 ),
 ( 0.0000000000000000000, 1.757688538882565314E-05, 3.515377077765130629E-05 ),
 .UNSPECIFIED. ) ;
#539 = ORIENTED_EDGE ( 'NONE', *, *, #1067, .F. ) ;
#540 = DIRECTION ( 'NONE',  ( -0.0000000000000000000, 1.000000000000000000, 0.0000000000000000000 ) ) ;
#541 = DIRECTION ( 'NONE',  ( -0.0000000000000000000, -1.000000000000000000, 0.0000000000000000000 ) ) ;
#543 = VERTEX_POINT ( 'NONE', #5162 ) ;
#542 = CARTESIAN_POINT ( 'NONE',  ( -0.2690940092538209871, 0.8084932384010330431, 0.7600000000000000089 ) ) ;
#544 = VECTOR ( 'NONE', #4091, 1000.000000000000000 ) ;
#545 = ORIENTED_EDGE ( 'NONE', *, *, #4846, .T. ) ;
#546 = SURFACE_STYLE_FILL_AREA ( #181 ) ;
#547 = ORIENTED_EDGE ( 'NONE', *, *, #4735, .F. ) ;
#548 = CARTESIAN_POINT ( 'NONE',  ( -0.4202285333859649974, 0.9405840021197440226, 0.7600000000000000089 ) ) ;
#549 = DIRECTION ( 'NONE',  ( -0.0000000000000000000, 0.0000000000000000000, -1.000000000000000000 ) ) ;
#550 = ORIENTED_EDGE ( 'NONE', *, *, #384, .F. ) ;
#551 = PLANE ( 'NONE',  #2453 ) ;
#552 = FILL_AREA_STYLE ('',( #2687 ) ) ;
#553 = FACE_OUTER_BOUND ( 'NONE', #935, .T. ) ;
#554 = VERTEX_POINT ( 'NONE', #4325 ) ;
#555 = PRESENTATION_STYLE_ASSIGNMENT (( #219 ) ) ;
#556 = ORIENTED_EDGE ( 'NONE', *, *, #3208, .T. ) ;
#557 = EDGE_CURVE ( 'NONE', #4230, #3499, #3047, .T. ) ;
#558 = CARTESIAN_POINT ( 'NONE',  ( -0.2690940092538209871, 0.9361269518102169895, 0.7500000000000000000 ) ) ;
#559 = AXIS2_PLACEMENT_3D ( 'NONE', #5375, #1541, #4929 ) ;
#560 = FACE_BOUND ( 'NONE', #1330, .T. ) ;
#561 = CARTESIAN_POINT ( 'NONE',  ( -1.734722999999999918E-16, -0.6750000000000000444, 0.0000000000000000000 ) ) ;
#562 = DIRECTION ( 'NONE',  ( 0.0000000000000000000, -0.0000000000000000000, 1.000000000000000000 ) ) ;
#563 = CARTESIAN_POINT ( 'NONE',  ( -0.3483079488458700745, 0.8846682800547691627, 0.7600000000000000089 ) ) ;
#564 = ORIENTED_EDGE ( 'NONE', *, *, #4345, .T. ) ;
#565 = COLOUR_RGB ( '',0.7137254901960784492, 0.4274509803921568429, 0.1764705882352941013 ) ;
#566 = EDGE_CURVE ( 'NONE', #4026, #4288, #4962, .T. ) ;
#567 = CARTESIAN_POINT ( 'NONE',  ( 0.1164408425202699965, 0.8109243567516839502, 0.7500000000000000000 ) ) ;
#568 = CARTESIAN_POINT ( 'NONE',  ( -0.3361523570926139848, 0.7574397530373601084, 0.7500000000000000000 ) ) ;
#569 = DIRECTION ( 'NONE',  ( -0.0000000000000000000, -0.0000000000000000000, 1.000000000000000000 ) ) ;
#570 = UNCERTAINTY_MEASURE_WITH_UNIT (LENGTH_MEASURE( 1.000000000000000082E-05 ), #3382, 'distance_accuracy_value', 'NONE');
#571 = VERTEX_POINT ( 'NONE', #1759 ) ;
#572 = ORIENTED_EDGE ( 'NONE', *, *, #5382, .F. ) ;
#573 = DIRECTION ( 'NONE',  ( -0.0000000000000000000, 1.000000000000000000, 0.0000000000000000000 ) ) ;
#575 = ORIENTED_EDGE ( 'NONE', *, *, #2074, .T. ) ;
#574 = PRESENTATION_STYLE_ASSIGNMENT (( #5213 ) ) ;
#576 = FILL_AREA_STYLE_COLOUR ( '', #123 ) ;
#577 = CARTESIAN_POINT ( 'NONE',  ( -0.5043047096793169537, 0.8994575833545630505, 0.7600000000000000089 ) ) ;
#578 = VERTEX_POINT ( 'NONE', #4837 ) ;
#579 = CARTESIAN_POINT ( 'NONE',  ( -0.5061280484423049675, 0.7428530429334530005, 0.7500000000000001110 ) ) ;
#580 =( GEOMETRIC_REPRESENTATION_CONTEXT ( 3 ) GLOBAL_UNCERTAINTY_ASSIGNED_CONTEXT ( ( #4547 ) ) GLOBAL_UNIT_ASSIGNED_CONTEXT ( ( #2995, #4167, #4302 ) ) REPRESENTATION_CONTEXT ( 'NONE', 'WORKASPACE' ) );
#581 =( LENGTH_UNIT ( ) NAMED_UNIT ( * ) SI_UNIT ( .MILLI., .METRE. ) );
#582 = UNCERTAINTY_MEASURE_WITH_UNIT (LENGTH_MEASURE( 1.000000000000000082E-05 ), #3280, 'distance_accuracy_value', 'NONE');
#583 = DIRECTION ( 'NONE',  ( 0.0000000000000000000, -1.000000000000000000, -0.0000000000000000000 ) ) ;
#584 =( NAMED_UNIT ( * ) PLANE_ANGLE_UNIT ( ) SI_UNIT ( $, .RADIAN. ) );
#585 = CARTESIAN_POINT ( 'NONE',  ( 0.2126726105668760025, 0.9122209546954810344, 0.7500000000000000000 ) ) ;
#586 = PRESENTATION_LAYER_ASSIGNMENT (  '', '', ( #3518 ) ) ;
#587 = ORIENTED_EDGE ( 'NONE', *, *, #2968, .T. ) ;
#588 = EDGE_CURVE ( 'NONE', #3907, #1411, #462, .T. ) ;
#589 = CARTESIAN_POINT ( 'NONE',  ( -0.3602609474032379966, 0.8956083126326990218, 0.7500000000000000000 ) ) ;
#590 = EDGE_LOOP ( 'NONE', ( #4210, #3895, #5537, #2121, #3409, #1051, #178, #32, #2641, #2198, #4009, #4771, #79, #154, #1483, #2093, #4924, #4284, #2159, #949 ) ) ;
#591 = VECTOR ( 'NONE', #4983, 1000.000000000000000 ) ;
#592 = DIRECTION ( 'NONE',  ( 1.000000000000000000, 0.0000000000000000000, -0.0000000000000000000 ) ) ;
#593 = CARTESIAN_POINT ( 'NONE',  ( 1.000000000000000000, 0.9999999999999988898, 0.0000000000000000000 ) ) ;
#594 = CARTESIAN_POINT ( 'NONE',  ( -0.3500000000000008105, 0.5500000000000001554, 0.0000000000000000000 ) ) ;
#595 = LINE ( 'NONE', #3572, #1574 ) ;
#596 = ORIENTED_EDGE ( 'NONE', *, *, #1393, .T. ) ;
#597 = ADVANCED_FACE ( 'NONE', ( #39 ), #996, .T. ) ;
#598 = CARTESIAN_POINT ( 'NONE',  ( -0.4240778041078300253, 0.6816698977753999911, 0.7600000000000000089 ) ) ;
#599 = CARTESIAN_POINT ( 'NONE',  ( 0.3496256109868899897, 0.9020912949011019588, 0.7500000000000000000 ) ) ;
#600 = VERTEX_POINT ( 'NONE', #548 ) ;
#601 = EDGE_CURVE ( 'NONE', #4296, #3455, #1821, .T. ) ;
#602 = VECTOR ( 'NONE', #1148, 1000.000000000000000 ) ;
#603 = CARTESIAN_POINT ( 'NONE',  ( 0.02142463364898800071, 0.9065483452106281037, 0.7600000000000000089 ) ) ;
#604 = CARTESIAN_POINT ( 'NONE',  ( 0.2752739080961429941, 0.9002679561381129458, 0.7500000000000000000 ) ) ;
#605 = ORIENTED_EDGE ( 'NONE', *, *, #2353, .T. ) ;
#606 = LINE ( 'NONE', #4027, #238 ) ;
#607 = SURFACE_SIDE_STYLE ('',( #5307 ) ) ;
#608 =( NAMED_UNIT ( * ) PLANE_ANGLE_UNIT ( ) SI_UNIT ( $, .RADIAN. ) );
#609 = CARTESIAN_POINT ( 'NONE',  ( 0.4179369256108597663, 0.5512747163063687061, 0.7500000000000002220 ) ) ;
#610 = PRESENTATION_LAYER_ASSIGNMENT (  '', '', ( #4555 ) ) ;
#611 = STYLED_ITEM ( 'NONE', ( #2791 ), #2446 ) ;
#612 =( NAMED_UNIT ( * ) SI_UNIT ( $, .STERADIAN. ) SOLID_ANGLE_UNIT ( ) );
#613 = VERTEX_POINT ( 'NONE', #2681 ) ;
#614 = FILL_AREA_STYLE ('',( #4460 ) ) ;
#615 = ADVANCED_FACE ( 'NONE', ( #4420 ), #950, .T. ) ;
#616 =( NAMED_UNIT ( * ) PLANE_ANGLE_UNIT ( ) SI_UNIT ( $, .RADIAN. ) );
#617 = PRESENTATION_STYLE_ASSIGNMENT (( #168 ) ) ;
#618 = EDGE_LOOP ( 'NONE', ( #2306, #4374, #4761, #806 ) ) ;
#619 = MECHANICAL_DESIGN_GEOMETRIC_PRESENTATION_REPRESENTATION (  '', ( #170 ), #3112 ) ;
#620 = CARTESIAN_POINT ( 'NONE',  ( -0.3602609474032379966, 0.8956083126326990218, 0.7600000000000000089 ) ) ;
#621 = VECTOR ( 'NONE', #3964, 1000.000000000000000 ) ;
#622 = EDGE_CURVE ( 'NONE', #2678, #3100, #1462, .T. ) ;
#623 = CARTESIAN_POINT ( 'NONE',  ( 0.1476401946869590198, 0.9061431588188529895, 0.7600000000000000089 ) ) ;
#624 = CARTESIAN_POINT ( 'NONE',  ( -0.4011847729725320222, 0.6816698977753999911, 0.7600000000000000089 ) ) ;
#625 = CARTESIAN_POINT ( 'NONE',  ( 0.4272188050118380098, 0.9369373245937679950, 0.7500000000000000000 ) ) ;
#627 = EDGE_LOOP ( 'NONE', ( #3493, #3294, #5371, #853 ) ) ;
#626 = SURFACE_SIDE_STYLE ('',( #2285 ) ) ;
#628 = CARTESIAN_POINT ( 'NONE',  ( -0.3588427950320249860, 0.7043603357148100486, 0.7500000000000000000 ) ) ;
#629 = ORIENTED_EDGE ( 'NONE', *, *, #2762, .T. ) ;
#630 = AXIS2_PLACEMENT_3D ( 'NONE', #3992, #1416, #3105 ) ;
#631 = EDGE_CURVE ( 'NONE', #3672, #4903, #5272, .T. ) ;
#632 = CARTESIAN_POINT ( 'NONE',  ( 0.3060680738710570004, 0.7031447765394850391, 0.7550000000000000044 ) ) ;
#633 = CARTESIAN_POINT ( 'NONE',  ( 0.2657520278894259791, 0.9055353792311909844, 0.7500000000000000000 ) ) ;
#634 = LINE ( 'NONE', #3996, #4375 ) ;
#635 = ORIENTED_EDGE ( 'NONE', *, *, #514, .F. ) ;
#636 = CARTESIAN_POINT ( 'NONE',  ( -0.4872868812247589942, 0.7274559600459959974, 0.7600000000000000089 ) ) ;
#637 = CARTESIAN_POINT ( 'NONE',  ( 0.2619027571675620059, 0.6853165753013770178, 0.7500000000000000000 ) ) ;
#638 = STYLED_ITEM ( 'NONE', ( #3394 ), #4687 ) ;
#639 = DIRECTION ( 'NONE',  ( -1.000000000000000000, -0.0000000000000000000, 0.0000000000000000000 ) ) ;
#640 = CARTESIAN_POINT ( 'NONE',  ( 0.1478427878828459940, 0.7144899955091900123, 0.7600000000000000089 ) ) ;
#641 = DIRECTION ( 'NONE',  ( 0.0000000000000000000, 0.0000000000000000000, 1.000000000000000000 ) ) ;
#642 = CARTESIAN_POINT ( 'NONE',  ( -0.1716057808422581932, 0.6693011955690364445, 0.7500000000000001110 ) ) ;
#643 = ORIENTED_EDGE ( 'NONE', *, *, #566, .T. ) ;
#644 = VECTOR ( 'NONE', #541, 1000.000000000000000 ) ;
#645 = CARTESIAN_POINT ( 'NONE',  ( 0.3060680738710570004, 0.9195143097474349769, 0.7600000000000000089 ) ) ;
#646 = ORIENTED_EDGE ( 'NONE', *, *, #2575, .T. ) ;
#647 = FACE_BOUND ( 'NONE', #2280, .T. ) ;
#648 = CARTESIAN_POINT ( 'NONE',  ( 0.6500000000000001332, 0.6750000000000000444, -0.01000000000000000021 ) ) ;
#649 = ORIENTED_EDGE ( 'NONE', *, *, #3417, .F. ) ;
#650 = FILL_AREA_STYLE_COLOUR ( '', #925 ) ;
#651 = STYLED_ITEM ( 'NONE', ( #742 ), #247 ) ;
#652 = VERTEX_POINT ( 'NONE', #3641 ) ;
#653 = B_SPLINE_SURFACE_WITH_KNOTS ( 'NONE', 2, 1, ( 
 ( #4858, #2708 ),
 ( #3928, #2075 ),
 ( #850, #4692 ),
 ( #3502, #3076 ) ),
 .UNSPECIFIED., .F., .F., .F.,
 ( 3, 1, 3 ),
 ( 2, 2 ),
 ( -2.000000000000000000, -1.000000000000000000, 0.0000000000000000000 ),
 ( 0.0000000000000000000, 0.001000000000000000021 ),
 .UNSPECIFIED. ) ;
#654 = MECHANICAL_DESIGN_GEOMETRIC_PRESENTATION_REPRESENTATION (  '', ( #1611 ), #3690 ) ;
#655 = CARTESIAN_POINT ( 'NONE',  ( -0.4240778041078300253, 0.6816698977753999911, 0.7500000000000000000 ) ) ;
#656 = FACE_OUTER_BOUND ( 'NONE', #2441, .T. ) ;
#657 = CARTESIAN_POINT ( 'NONE',  ( -0.5061280484406234237, 0.7011188445797986724, 0.7500000000000000000 ) ) ;
#658 = CARTESIAN_POINT ( 'NONE',  ( 0.2770972468591310078, 0.7227963165405809631, 0.7600000000000000089 ) ) ;
#659 = ORIENTED_EDGE ( 'NONE', *, *, #4566, .F. ) ;
#660 = STYLED_ITEM ( 'NONE', ( #236 ), #615 ) ;
#661 = EDGE_CURVE ( 'NONE', #4288, #1364, #1809, .T. ) ;
#662 = SURFACE_STYLE_FILL_AREA ( #2373 ) ;
#663 = PLANE ( 'NONE',  #2026 ) ;
#664 = STYLED_ITEM ( 'NONE', ( #1534 ), #987 ) ;
#665 = CARTESIAN_POINT ( 'NONE',  ( 0.2282722866502210068, 0.6816698977753999911, 0.7500000000000000000 ) ) ;
#666 = SURFACE_STYLE_USAGE ( .BOTH. , #2300 ) ;
#667 = CARTESIAN_POINT ( 'NONE',  ( -0.3600583542073499954, 0.8125451023187849620, 0.7500000000000000000 ) ) ;
#668 =( LENGTH_UNIT ( ) NAMED_UNIT ( * ) SI_UNIT ( .MILLI., .METRE. ) );
#669 = EDGE_CURVE ( 'NONE', #4475, #2337, #4051, .T. ) ;
#670 = ORIENTED_EDGE ( 'NONE', *, *, #310, .T. ) ;
#671 = SURFACE_STYLE_USAGE ( .BOTH. , #2249 ) ;
#672 = FACE_OUTER_BOUND ( 'NONE', #2822, .T. ) ;
#673 =( GEOMETRIC_REPRESENTATION_CONTEXT ( 3 ) GLOBAL_UNCERTAINTY_ASSIGNED_CONTEXT ( ( #5208 ) ) GLOBAL_UNIT_ASSIGNED_CONTEXT ( ( #668, #2750, #1882 ) ) REPRESENTATION_CONTEXT ( 'NONE', 'WORKASPACE' ) );
#674 = FACE_OUTER_BOUND ( 'NONE', #4862, .T. ) ;
#675 = VERTEX_POINT ( 'NONE', #1447 ) ;
#676 = SURFACE_STYLE_FILL_AREA ( #5380 ) ;
#677 = PRESENTATION_STYLE_ASSIGNMENT (( #5430 ) ) ;
#678 = DIRECTION ( 'NONE',  ( 0.0000000000000000000, -1.000000000000000000, -0.0000000000000000000 ) ) ;
#679 = UNCERTAINTY_MEASURE_WITH_UNIT (LENGTH_MEASURE( 1.000000000000000082E-05 ), #3708, 'distance_accuracy_value', 'NONE');
#680 = STYLED_ITEM ( 'NONE', ( #2817 ), #1627 ) ;
#681 = ORIENTED_EDGE ( 'NONE', *, *, #1816, .T. ) ;
#682 = VECTOR ( 'NONE', #1130, 1000.000000000000000 ) ;
#684 = ORIENTED_EDGE ( 'NONE', *, *, #818, .F. ) ;
#683 = DIRECTION ( 'NONE',  ( 1.000000000000000000, 0.0000000000000000000, 0.0000000000000000000 ) ) ;
#685 = EDGE_CURVE ( 'NONE', #4291, #2956, #4887, .T. ) ;
#686 = DIRECTION ( 'NONE',  ( -0.0000000000000000000, -1.000000000000000000, -0.0000000000000000000 ) ) ;
#687 = CARTESIAN_POINT ( 'NONE',  ( 0.3036369555204059822, 0.7428530429334530005, 0.7500000000000000000 ) ) ;
#688 = ORIENTED_EDGE ( 'NONE', *, *, #4966, .F. ) ;
#689 = PLANE ( 'NONE',  #2098 ) ;
#690 = SURFACE_STYLE_USAGE ( .BOTH. , #3648 ) ;
#691 = ADVANCED_FACE ( 'NONE', ( #2293 ), #1741, .T. ) ;
#692 = SURFACE_STYLE_FILL_AREA ( #4534 ) ;
#693 = LINE ( 'NONE', #1205, #3292 ) ;
#694 = CARTESIAN_POINT ( 'NONE',  ( -0.6500000000000001332, 0.6750000000000000444, 0.0000000000000000000 ) ) ;
#695 = ORIENTED_EDGE ( 'NONE', *, *, #1877, .F. ) ;
#696 = FILL_AREA_STYLE ('',( #5469 ) ) ;
#697 = LINE ( 'NONE', #2385, #4129 ) ;
#698 = DIRECTION ( 'NONE',  ( 0.0000000000000000000, -0.0000000000000000000, 1.000000000000000000 ) ) ;
#699 = ADVANCED_FACE ( 'NONE', ( #1555 ), #5198, .T. ) ;
#700 = SURFACE_SIDE_STYLE ('',( #1942 ) ) ;
#701 = ORIENTED_EDGE ( 'NONE', *, *, #241, .T. ) ;
#702 =( GEOMETRIC_REPRESENTATION_CONTEXT ( 3 ) GLOBAL_UNCERTAINTY_ASSIGNED_CONTEXT ( ( #3861 ) ) GLOBAL_UNIT_ASSIGNED_CONTEXT ( ( #1110, #3688, #4435 ) ) REPRESENTATION_CONTEXT ( 'NONE', 'WORKASPACE' ) );
#703 = DIRECTION ( 'NONE',  ( -1.000000000000000000, 0.0000000000000000000, 0.0000000000000000000 ) ) ;
#704 = FILL_AREA_STYLE_COLOUR ( '', #397 ) ;
#705 = COLOUR_RGB ( '',1.000000000000000000, 1.000000000000000000, 1.000000000000000000 ) ;
#706 = ORIENTED_EDGE ( 'NONE', *, *, #3872, .F. ) ;
#707 = VECTOR ( 'NONE', #268, 1000.000000000000000 ) ;
#708 = SURFACE_SIDE_STYLE ('',( #308 ) ) ;
#709 = CARTESIAN_POINT ( 'NONE',  ( 0.2500000001361968316, -3.061616999536313538E-17, 0.2499999999372448656 ) ) ;
#710 = PRESENTATION_LAYER_ASSIGNMENT (  '', '', ( #1493 ) ) ;
#711 = SURFACE_STYLE_USAGE ( .BOTH. , #1615 ) ;
#712 = CARTESIAN_POINT ( 'NONE',  ( -1.000000000000000000, -9.146724000000000172E-17, 0.7500000000000000000 ) ) ;
#713 = DIRECTION ( 'NONE',  ( -1.000000000000000000, -0.0000000000000000000, 0.0000000000000000000 ) ) ;
#714 = LINE ( 'NONE', #1988, #224 ) ;
#715 = VECTOR ( 'NONE', #476, 1000.000000000000000 ) ;
#716 = DIRECTION ( 'NONE',  ( 0.0000000000000000000, 0.0000000000000000000, 1.000000000000000000 ) ) ;
#717 = ORIENTED_EDGE ( 'NONE', *, *, #4947, .T. ) ;
#718 = EDGE_CURVE ( 'NONE', #983, #841, #3329, .T. ) ;
#719 = DIRECTION ( 'NONE',  ( 0.0000000000000000000, -0.0000000000000000000, -1.000000000000000000 ) ) ;
#720 = MECHANICAL_DESIGN_GEOMETRIC_PRESENTATION_REPRESENTATION (  '', ( #3746 ), #2226 ) ;
#721 = FACE_OUTER_BOUND ( 'NONE', #5516, .T. ) ;
#722 = CARTESIAN_POINT ( 'NONE',  ( -1.010000000000000009, -0.6750000000000000444, 0.0000000000000000000 ) ) ;
#723 = CARTESIAN_POINT ( 'NONE',  ( 0.1164408425202699965, 0.8109243567516839502, 0.7500000000000000000 ) ) ;
#724 = FILL_AREA_STYLE ('',( #2761 ) ) ;
#725 = FILL_AREA_STYLE ('',( #1465 ) ) ;
#726 = AXIS2_PLACEMENT_3D ( 'NONE', #294, #2810, #3224 ) ;
#727 = CARTESIAN_POINT ( 'NONE',  ( -0.01180065047657699942, 0.6861269480849271352, 0.7500000000000000000 ) ) ;
#728 = CARTESIAN_POINT ( 'NONE',  ( 0.2728427897455019124, 0.9341010198513799434, 0.7500000000000000000 ) ) ;
#729 = ORIENTED_EDGE ( 'NONE', *, *, #1191, .F. ) ;
#730 = EDGE_CURVE ( 'NONE', #108, #1069, #2938, .T. ) ;
#731 = CARTESIAN_POINT ( 'NONE',  ( 0.02142463364898800071, 0.6861269480849271352, 0.7500000000000000000 ) ) ;
#732 = AXIS2_PLACEMENT_3D ( 'NONE', #2581, #5036, #1193 ) ;
#733 = VECTOR ( 'NONE', #3764, 1000.000000000000000 ) ;
#734 = FILL_AREA_STYLE_COLOUR ( '', #5498 ) ;
#735 = CARTESIAN_POINT ( 'NONE',  ( -0.3707957935893930190, 0.7521723299442820698, 0.7600000000000000089 ) ) ;
#736 = VECTOR ( 'NONE', #3963, 1000.000000000000000 ) ;
#737 =( NAMED_UNIT ( * ) SI_UNIT ( $, .STERADIAN. ) SOLID_ANGLE_UNIT ( ) );
#738 = FILL_AREA_STYLE_COLOUR ( '', #2057 ) ;
#739 = VECTOR ( 'NONE', #209, 1000.000000000000000 ) ;
#740 = FACE_OUTER_BOUND ( 'NONE', #2427, .T. ) ;
#741 = CARTESIAN_POINT ( 'NONE',  ( -0.3499999999999999778, -0.8000000000000000444, 0.0000000000000000000 ) ) ;
#742 = PRESENTATION_STYLE_ASSIGNMENT (( #851 ) ) ;
#743 = DIRECTION ( 'NONE',  ( -0.0000000000000000000, 1.000000000000000000, 0.0000000000000000000 ) ) ;
#744 = EDGE_CURVE ( 'NONE', #2606, #7, #3721, .T. ) ;
#745 = DIRECTION ( 'NONE',  ( 0.0000000000000000000, 0.0000000000000000000, -1.000000000000000000 ) ) ;
#746 = STYLED_ITEM ( 'NONE', ( #4867 ), #958 ) ;
#747 = ORIENTED_EDGE ( 'NONE', *, *, #2122, .F. ) ;
#748 = ADVANCED_BREP_SHAPE_REPRESENTATION ( 'E852EBE5-2BD2-442E-B62F-D8901DE30B2C', ( #788, #1286 ), #4354 ) ;
#749 = DIRECTION ( 'NONE',  ( 1.000000000000000000, 0.0000000000000000000, 0.0000000000000000000 ) ) ;
#750 = COLOUR_RGB ( '',0.0000000000000000000, 0.0000000000000000000, 0.0000000000000000000 ) ;
#751 = CARTESIAN_POINT ( 'NONE',  ( 0.2728427897454919759, 0.9341010198513409746, 0.7500000000000000000 ) ) ;
#752 = EDGE_CURVE ( 'NONE', #4565, #4136, #5047, .T. ) ;
#753 = ORIENTED_EDGE ( 'NONE', *, *, #5268, .T. ) ;
#754 = VECTOR ( 'NONE', #345, 1000.000000000000000 ) ;
#755 = COLOUR_RGB ( '',0.0000000000000000000, 0.0000000000000000000, 0.0000000000000000000 ) ;
#756 =( NAMED_UNIT ( * ) PLANE_ANGLE_UNIT ( ) SI_UNIT ( $, .RADIAN. ) );
#757 = EDGE_CURVE ( 'NONE', #2752, #2819, #5017, .T. ) ;
#758 = CARTESIAN_POINT ( 'NONE',  ( 0.1476401946869590198, 0.9061431588188529895, 0.7600000000000000089 ) ) ;
#759 = ORIENTED_EDGE ( 'NONE', *, *, #557, .T. ) ;
#760 =( NAMED_UNIT ( * ) PLANE_ANGLE_UNIT ( ) SI_UNIT ( $, .RADIAN. ) );
#761 = LINE ( 'NONE', #4185, #2934 ) ;
#762 = CARTESIAN_POINT ( 'NONE',  ( 0.4715867149112210610, 0.7116536907667639911, 0.7599999999999998979 ) ) ;
#763 = VECTOR ( 'NONE', #3437, 1000.000000000000000 ) ;
#764 = FILL_AREA_STYLE ('',( #2861 ) ) ;
#765 = DIRECTION ( 'NONE',  ( -0.0000000000000000000, -0.0000000000000000000, 1.000000000000000000 ) ) ;
#766 = CARTESIAN_POINT ( 'NONE',  ( -0.4597342065840460124, 0.8052517472668320186, 0.7500000000000000000 ) ) ;
#767 = VECTOR ( 'NONE', #4451, 1000.000000000000000 ) ;
#768 = CARTESIAN_POINT ( 'NONE',  ( 0.2977617528396659941, 0.6992955058176200112, 0.7500000000000000000 ) ) ;
#769 = FILL_AREA_STYLE_COLOUR ( '', #1 ) ;
#770 = CARTESIAN_POINT ( 'NONE',  ( 0.3996661303711249724, 0.9166780050050079565, 0.7500000000000000000 ) ) ;
#771 = CARTESIAN_POINT ( 'NONE',  ( -0.4240778041078300253, 0.6816698977753999911, 0.7600000000000000089 ) ) ;
#772 = DIRECTION ( 'NONE',  ( -0.0000000000000000000, 0.0000000000000000000, 1.000000000000000000 ) ) ;
#773 = CARTESIAN_POINT ( 'NONE',  ( -0.6500000000000001332, -0.6750000000000000444, -0.01000000000000000021 ) ) ;
#774 = ORIENTED_EDGE ( 'NONE', *, *, #4912, .T. ) ;
#775 = PRESENTATION_STYLE_ASSIGNMENT (( #4617 ) ) ;
#776 = DIRECTION ( 'NONE',  ( 0.0000000000000000000, 1.000000000000000000, -0.0000000000000000000 ) ) ;
#777 = LINE ( 'NONE', #2468, #3765 ) ;
#778 = CARTESIAN_POINT ( 'NONE',  ( -0.3600583542073499954, 0.8125451023187849620, 0.7500000000000000000 ) ) ;
#779 = SURFACE_STYLE_FILL_AREA ( #1218 ) ;
#780 = PRESENTATION_LAYER_ASSIGNMENT (  '', '', ( #3638 ) ) ;
#781 = VERTEX_POINT ( 'NONE', #2036 ) ;
#782 = EDGE_CURVE ( 'NONE', #1241, #4475, #2915, .T. ) ;
#783 = SURFACE_STYLE_USAGE ( .BOTH. , #2588 ) ;
#784 = CARTESIAN_POINT ( 'NONE',  ( -0.4370437686446360104, 0.8336147946910950068, 0.7500000000000000000 ) ) ;
#785 = CARTESIAN_POINT ( 'NONE',  ( -0.1540210739896679948, 0.6861269480849271352, 0.7600000000000000089 ) ) ;
#786 = ORIENTED_EDGE ( 'NONE', *, *, #1283, .F. ) ;
#787 = CIRCLE ( 'NONE', #4997, 0.1499999999999999667 ) ;
#788 = MANIFOLD_SOLID_BREP ( 'Solid1', #1702 ) ;
#789 = ADVANCED_FACE ( 'NONE', ( #2593 ), #484, .T. ) ;
#790 =( NAMED_UNIT ( * ) SI_UNIT ( $, .STERADIAN. ) SOLID_ANGLE_UNIT ( ) );
#791 = DIRECTION ( 'NONE',  ( -0.0000000000000000000, -0.0000000000000000000, 1.000000000000000000 ) ) ;
#792 = SURFACE_SIDE_STYLE ('',( #3361 ) ) ;
#793 =( NAMED_UNIT ( * ) PLANE_ANGLE_UNIT ( ) SI_UNIT ( $, .RADIAN. ) );
#794 = VECTOR ( 'NONE', #1871, 1000.000000000000000 ) ;
#795 = FACE_OUTER_BOUND ( 'NONE', #834, .T. ) ;
#796 = COLOUR_RGB ( '',1.000000000000000000, 1.000000000000000000, 1.000000000000000000 ) ;
#797 = LINE ( 'NONE', #2922, #3436 ) ;
#798 =( NAMED_UNIT ( * ) SI_UNIT ( $, .STERADIAN. ) SOLID_ANGLE_UNIT ( ) );
#799 = PLANE ( 'NONE',  #3367 ) ;
#800 = ORIENTED_EDGE ( 'NONE', *, *, #5043, .F. ) ;
#801 = VECTOR ( 'NONE', #4362, 1000.000000000000000 ) ;
#802 = CARTESIAN_POINT ( 'NONE',  ( 0.1478427878828459940, 0.7144899955091900123, 0.7600000000000000089 ) ) ;
#803 = CARTESIAN_POINT ( 'NONE',  ( -0.3707957935893930190, 0.7521723299442820698, 0.7600000000000000089 ) ) ;
#804 =( GEOMETRIC_REPRESENTATION_CONTEXT ( 3 ) GLOBAL_UNCERTAINTY_ASSIGNED_CONTEXT ( ( #388 ) ) GLOBAL_UNIT_ASSIGNED_CONTEXT ( ( #1151, #5021, #2043 ) ) REPRESENTATION_CONTEXT ( 'NONE', 'WORKASPACE' ) );
#805 =( NAMED_UNIT ( * ) SI_UNIT ( $, .STERADIAN. ) SOLID_ANGLE_UNIT ( ) );
#806 = ORIENTED_EDGE ( 'NONE', *, *, #384, .T. ) ;
#807 = DIRECTION ( 'NONE',  ( 1.000000000000000000, 0.0000000000000000000, -0.0000000000000000000 ) ) ;
#809 = ORIENTED_EDGE ( 'NONE', *, *, #631, .F. ) ;
#808 = CARTESIAN_POINT ( 'NONE',  ( 0.1510842790170479899, 0.8109243567516839502, 0.7600000000000000089 ) ) ;
#810 = CARTESIAN_POINT ( 'NONE',  ( -0.4015899593643070253, 0.7904624439670380198, 0.7600000000000000089 ) ) ;
#811 = ORIENTED_EDGE ( 'NONE', *, *, #601, .T. ) ;
#812 = ADVANCED_FACE ( 'NONE', ( #5353 ), #3637, .T. ) ;
#813 = ORIENTED_EDGE ( 'NONE', *, *, #5233, .F. ) ;
#814 = CARTESIAN_POINT ( 'NONE',  ( 0.0000000000000000000, 0.0000000000000000000, 0.0000000000000000000 ) ) ;
#815 = DIRECTION ( 'NONE',  ( 0.0000000000000000000, -0.0000000000000000000, 1.000000000000000000 ) ) ;
#816 =( NAMED_UNIT ( * ) SI_UNIT ( $, .STERADIAN. ) SOLID_ANGLE_UNIT ( ) );
#817 = LINE ( 'NONE', #431, #5486 ) ;
#818 = EDGE_CURVE ( 'NONE', #862, #3501, #4504, .T. ) ;
#819 =( NAMED_UNIT ( * ) PLANE_ANGLE_UNIT ( ) SI_UNIT ( $, .RADIAN. ) );
#820 = COLOUR_RGB ( '',1.000000000000000000, 1.000000000000000000, 1.000000000000000000 ) ;
#821 = PRESENTATION_LAYER_ASSIGNMENT (  '', '', ( #4422 ) ) ;
#822 = PLANE ( 'NONE',  #3302 ) ;
#823 =( NAMED_UNIT ( * ) PLANE_ANGLE_UNIT ( ) SI_UNIT ( $, .RADIAN. ) );
#824 = LINE ( 'NONE', #4331, #339 ) ;
#825 = ADVANCED_FACE ( 'NONE', ( #4100 ), #111, .T. ) ;
#826 = CARTESIAN_POINT ( 'NONE',  ( -0.5036969300916539494, 0.7428530429334530005, 0.7550000000000000044 ) ) ;
#827 = ORIENTED_EDGE ( 'NONE', *, *, #3654, .F. ) ;
#828 = LINE ( 'NONE', #2524, #1395 ) ;
#829 = DIRECTION ( 'NONE',  ( 0.0000000000000000000, 0.0000000000000000000, 1.000000000000000000 ) ) ;
#830 = PLANE ( 'NONE',  #3709 ) ;
#831 = DIRECTION ( 'NONE',  ( 0.0000000000000000000, 0.0000000000000000000, 1.000000000000000000 ) ) ;
#832 = UNCERTAINTY_MEASURE_WITH_UNIT (LENGTH_MEASURE( 1.000000000000000082E-05 ), #3833, 'distance_accuracy_value', 'NONE');
#833 = DIRECTION ( 'NONE',  ( -1.000000000000000000, 0.0000000000000000000, 0.0000000000000000000 ) ) ;
#834 = EDGE_LOOP ( 'NONE', ( #895, #1912, #1527, #360 ) ) ;
#835 = MECHANICAL_DESIGN_GEOMETRIC_PRESENTATION_REPRESENTATION (  '', ( #928 ), #580 ) ;
#836 =( NAMED_UNIT ( * ) PLANE_ANGLE_UNIT ( ) SI_UNIT ( $, .RADIAN. ) );
#837 =( NAMED_UNIT ( * ) SI_UNIT ( $, .STERADIAN. ) SOLID_ANGLE_UNIT ( ) );
#838 = COLOUR_RGB ( '',1.000000000000000000, 1.000000000000000000, 1.000000000000000000 ) ;
#839 = B_SPLINE_CURVE_WITH_KNOTS ( 'NONE', 2,
 ( #3559, #1901, #4449, #4477 ),
 .UNSPECIFIED., .F., .F.,
 ( 3, 1, 3 ),
 ( 0.0000000000000000000, 1.757688538882565314E-05, 3.515377077765130629E-05 ),
 .UNSPECIFIED. ) ;
#840 = EDGE_LOOP ( 'NONE', ( #4513, #1496, #4368, #4875 ) ) ;
#841 = VERTEX_POINT ( 'NONE', #3718 ) ;
#842 = PRESENTATION_LAYER_ASSIGNMENT (  '', '', ( #496 ) ) ;
#843 = EDGE_CURVE ( 'NONE', #519, #1014, #4986, .T. ) ;
#844 = CARTESIAN_POINT ( 'NONE',  ( -0.3458768305042008162, 0.9243765464531711329, 0.7600000000000000089 ) ) ;
#845 = PRESENTATION_STYLE_ASSIGNMENT (( #4690 ) ) ;
#846 = CARTESIAN_POINT ( 'NONE',  ( 0.1634424639661910261, 0.7481204660265301509, 0.7500000000000000000 ) ) ;
#847 = CIRCLE ( 'NONE', #2987, 0.1499999999999999667 ) ;
#848 = PRESENTATION_LAYER_ASSIGNMENT (  '', '', ( #1732 ) ) ;
#849 = DIRECTION ( 'NONE',  ( 0.0000000000000000000, 0.0000000000000000000, -1.000000000000000000 ) ) ;
#850 = CARTESIAN_POINT ( 'NONE',  ( -0.3707957935893930190, 0.6934203031368799675, 0.7500000000000000000 ) ) ;
#851 = SURFACE_STYLE_USAGE ( .BOTH. , #5473 ) ;
#852 = CARTESIAN_POINT ( 'NONE',  ( 0.2286774730419960100, 0.7104381315914379824, 0.7550000000000000044 ) ) ;
#853 = ORIENTED_EDGE ( 'NONE', *, *, #5341, .F. ) ;
#854 = CARTESIAN_POINT ( 'NONE',  ( -0.5686373544702379990, -1.137274708940476442, 0.7500000000000000000 ) ) ;
#855 = EDGE_CURVE ( 'NONE', #5310, #3661, #3206, .T. ) ;
#856 = LINE ( 'NONE', #3369, #3102 ) ;
#857 = SURFACE_SIDE_STYLE ('',( #1605 ) ) ;
#858 = FILL_AREA_STYLE_COLOUR ( '', #755 ) ;
#859 = FILL_AREA_STYLE_COLOUR ( '', #565 ) ;
#860 = SURFACE_SIDE_STYLE ('',( #1424 ) ) ;
#861 = PLANE ( 'NONE',  #535 ) ;
#862 = VERTEX_POINT ( 'NONE', #2818 ) ;
#863 =( NAMED_UNIT ( * ) PLANE_ANGLE_UNIT ( ) SI_UNIT ( $, .RADIAN. ) );
#864 = CARTESIAN_POINT ( 'NONE',  ( -0.3500000000000009770, -0.8000000000000000444, 0.0000000000000000000 ) ) ;
#865 = EDGE_LOOP ( 'NONE', ( #2389, #2799, #2200, #5018 ) ) ;
#866 = ORIENTED_EDGE ( 'NONE', *, *, #3948, .T. ) ;
#867 =( GEOMETRIC_REPRESENTATION_CONTEXT ( 3 ) GLOBAL_UNCERTAINTY_ASSIGNED_CONTEXT ( ( #2394 ) ) GLOBAL_UNIT_ASSIGNED_CONTEXT ( ( #3920, #59, #2229 ) ) REPRESENTATION_CONTEXT ( 'NONE', 'WORKASPACE' ) );
#868 =( GEOMETRIC_REPRESENTATION_CONTEXT ( 3 ) GLOBAL_UNCERTAINTY_ASSIGNED_CONTEXT ( ( #114 ) ) GLOBAL_UNIT_ASSIGNED_CONTEXT ( ( #5456, #383, #1243 ) ) REPRESENTATION_CONTEXT ( 'NONE', 'WORKASPACE' ) );
#869 = CARTESIAN_POINT ( 'NONE',  ( 0.4012868759382259842, 0.9369373245937679950, 0.7500000000000000000 ) ) ;
#870 = VECTOR ( 'NONE', #1342, 1000.000000000000000 ) ;
#871 = PLANE ( 'NONE',  #172 ) ;
#872 = ORIENTED_EDGE ( 'NONE', *, *, #4237, .F. ) ;
#873 = CARTESIAN_POINT ( 'NONE',  ( 0.1510842790170479899, 0.8109243567516839502, 0.7600000000000000089 ) ) ;
#874 = VECTOR ( 'NONE', #901, 1000.000000000000000 ) ;
#875 = CARTESIAN_POINT ( 'NONE',  ( -0.4370437686446360104, 0.8336147946910950068, 0.7600000000000000089 ) ) ;
#876 = DIRECTION ( 'NONE',  ( 0.0000000000000000000, -1.000000000000000000, 0.0000000000000000000 ) ) ;
#877 = DIRECTION ( 'NONE',  ( 0.0000000000000000000, -1.000000000000000000, -0.0000000000000000000 ) ) ;
#878 = CARTESIAN_POINT ( 'NONE',  ( 0.4693044419004886447, 5.747321825990683813E-17, 0.6886088838242544474 ) ) ;
#879 = VERTEX_POINT ( 'NONE', #1632 ) ;
#880 = ADVANCED_FACE ( 'NONE', ( #330 ), #1430, .T. ) ;
#881 = SURFACE_STYLE_FILL_AREA ( #4335 ) ;
#882 = VERTEX_POINT ( 'NONE', #2932 ) ;
#883 = VECTOR ( 'NONE', #2820, 1000.000000000000000 ) ;
#884 =( LENGTH_UNIT ( ) NAMED_UNIT ( * ) SI_UNIT ( .MILLI., .METRE. ) );
#885 = CARTESIAN_POINT ( 'NONE',  ( -0.4467682420472400828, 0.8018076629367429931, 0.7600000000000000089 ) ) ;
#886 = PLANE ( 'NONE',  #732 ) ;
#887 = SURFACE_SIDE_STYLE ('',( #3490 ) ) ;
#888 =( NAMED_UNIT ( * ) PLANE_ANGLE_UNIT ( ) SI_UNIT ( $, .RADIAN. ) );
#889 = ORIENTED_EDGE ( 'NONE', *, *, #5449, .F. ) ;
#890 = EDGE_CURVE ( 'NONE', #1057, #2499, #1976, .T. ) ;
#891 = PRESENTATION_LAYER_ASSIGNMENT (  '', '', ( #1870 ) ) ;
#892 = CARTESIAN_POINT ( 'NONE',  ( 0.3950064868657099937, 0.8791982637658030120, 0.7600000000000000089 ) ) ;
#893 = CARTESIAN_POINT ( 'NONE',  ( -0.3361523570926139848, 0.7574397530373601084, 0.7600000000000000089 ) ) ;
#895 = ORIENTED_EDGE ( 'NONE', *, *, #3731, .F. ) ;
#894 = FILL_AREA_STYLE ('',( #511 ) ) ;
#896 = UNCERTAINTY_MEASURE_WITH_UNIT (LENGTH_MEASURE( 1.000000000000000082E-05 ), #4675, 'distance_accuracy_value', 'NONE');
#897 = ADVANCED_FACE ( 'NONE', ( #2085 ), #1522, .T. ) ;
#898 = ORIENTED_EDGE ( 'NONE', *, *, #2384, .F. ) ;
#899 = COLOUR_RGB ( '',0.0000000000000000000, 0.0000000000000000000, 0.0000000000000000000 ) ;
#900 = FACE_OUTER_BOUND ( 'NONE', #3525, .T. ) ;
#901 = DIRECTION ( 'NONE',  ( 0.0000000000000000000, 0.0000000000000000000, 1.000000000000000000 ) ) ;
#902 = VERTEX_POINT ( 'NONE', #2718 ) ;
#903 = B_SPLINE_SURFACE_WITH_KNOTS ( 'NONE', 2, 1, ( 
 ( #665, #189 ),
 ( #1072, #2804 ),
 ( #637, #5278 ),
 ( #4028, #4084 ) ),
 .UNSPECIFIED., .F., .F., .F.,
 ( 3, 1, 3 ),
 ( 2, 2 ),
 ( -2.000000000000000000, -1.000000000000000000, 0.0000000000000000000 ),
 ( 0.0000000000000000000, 0.001000000000000000021 ),
 .UNSPECIFIED. ) ;
#904 = FACE_OUTER_BOUND ( 'NONE', #5476, .T. ) ;
#905 = CARTESIAN_POINT ( 'NONE',  ( 0.1328508913871649932, 0.7306974511801980210, 0.7600000000000000089 ) ) ;
#906 = VECTOR ( 'NONE', #2351, 1000.000000000000000 ) ;
#907 = DIRECTION ( 'NONE',  ( 0.0000000000000000000, 1.000000000000000000, 0.0000000000000000000 ) ) ;
#908 = DIRECTION ( 'NONE',  ( -1.000000000000000000, -0.0000000000000000000, -0.0000000000000000000 ) ) ;
#909 = ORIENTED_EDGE ( 'NONE', *, *, #5349, .F. ) ;
#910 = ORIENTED_EDGE ( 'NONE', *, *, #2074, .F. ) ;
#911 = VECTOR ( 'NONE', #639, 1000.000000000000000 ) ;
#912 = FILL_AREA_STYLE ('',( #3006 ) ) ;
#913 = PLANE ( 'NONE',  #2986 ) ;
#914 = EDGE_CURVE ( 'NONE', #5259, #951, #1273, .T. ) ;
#915 =( NAMED_UNIT ( * ) SI_UNIT ( $, .STERADIAN. ) SOLID_ANGLE_UNIT ( ) );
#916 = COLOUR_RGB ( '',1.000000000000000000, 1.000000000000000000, 1.000000000000000000 ) ;
#917 = ORIENTED_EDGE ( 'NONE', *, *, #213, .F. ) ;
#918 = VECTOR ( 'NONE', #981, 1000.000000000000000 ) ;
#919 = SURFACE_STYLE_USAGE ( .BOTH. , #4376 ) ;
#920 = EDGE_CURVE ( 'NONE', #4428, #2030, #4255, .T. ) ;
#921 = VERTEX_POINT ( 'NONE', #4845 ) ;
#922 =( LENGTH_UNIT ( ) NAMED_UNIT ( * ) SI_UNIT ( .MILLI., .METRE. ) );
#923 = ORIENTED_EDGE ( 'NONE', *, *, #3042, .T. ) ;
#924 = ORIENTED_EDGE ( 'NONE', *, *, #493, .T. ) ;
#925 = COLOUR_RGB ( '',1.000000000000000000, 1.000000000000000000, 1.000000000000000000 ) ;
#926 = CARTESIAN_POINT ( 'NONE',  ( 0.2430615899500150057, 0.7104381315914379824, 0.7600000000000000089 ) ) ;
#927 = EDGE_CURVE ( 'NONE', #3100, #3689, #3608, .T. ) ;
#928 = STYLED_ITEM ( 'NONE', ( #845 ), #1133 ) ;
#929 = DIRECTION ( 'NONE',  ( 0.0000000000000000000, -0.0000000000000000000, -1.000000000000000000 ) ) ;
#930 =( LENGTH_UNIT ( ) NAMED_UNIT ( * ) SI_UNIT ( .MILLI., .METRE. ) );
#931 = ORIENTED_EDGE ( 'NONE', *, *, #4132, .F. ) ;
#932 = AXIS2_PLACEMENT_3D ( 'NONE', #5001, #716, #2892 ) ;
#933 = DIRECTION ( 'NONE',  ( 1.000000000000000000, 0.0000000000000000000, -0.0000000000000000000 ) ) ;
#934 = PRESENTATION_STYLE_ASSIGNMENT (( #3970 ) ) ;
#935 = EDGE_LOOP ( 'NONE', ( #2720, #1024, #3469, #747 ) ) ;
#936 =( LENGTH_UNIT ( ) NAMED_UNIT ( * ) SI_UNIT ( .MILLI., .METRE. ) );
#937 = EDGE_LOOP ( 'NONE', ( #3086, #3653, #4145, #2341, #4304 ) ) ;
#938 = VECTOR ( 'NONE', #3290, 1000.000000000000000 ) ;
#939 = DIRECTION ( 'NONE',  ( -1.000000000000000000, -0.0000000000000000000, 0.0000000000000000000 ) ) ;
#940 = SURFACE_SIDE_STYLE ('',( #5256 ) ) ;
#941 =( NAMED_UNIT ( * ) SI_UNIT ( $, .STERADIAN. ) SOLID_ANGLE_UNIT ( ) );
#942 = DIRECTION ( 'NONE',  ( 0.0000000000000000000, 1.000000000000000000, 0.0000000000000000000 ) ) ;
#943 = VECTOR ( 'NONE', #3720, 1000.000000000000000 ) ;
#944 = ORIENTED_EDGE ( 'NONE', *, *, #1158, .T. ) ;
#945 = FILL_AREA_STYLE_COLOUR ( '', #228 ) ;
#947 = ORIENTED_EDGE ( 'NONE', *, *, #4211, .F. ) ;
#946 = CARTESIAN_POINT ( 'NONE',  ( -0.4131377715298999997, 0.7937039351012390442, 0.7600000000000000089 ) ) ;
#948 = UNCERTAINTY_MEASURE_WITH_UNIT (LENGTH_MEASURE( 1.000000000000000082E-05 ), #3115, 'distance_accuracy_value', 'NONE');
#949 = ORIENTED_EDGE ( 'NONE', *, *, #2968, .F. ) ;
#950 = B_SPLINE_SURFACE_WITH_KNOTS ( 'NONE', 2, 1, ( 
 ( #2994, #2370 ),
 ( #3159, #1873 ),
 ( #2344, #3584 ),
 ( #5388, #4860 ) ),
 .UNSPECIFIED., .F., .F., .F.,
 ( 3, 1, 3 ),
 ( 2, 2 ),
 ( -2.000000000000000000, -1.000000000000000000, 0.0000000000000000000 ),
 ( 0.0000000000000000000, 0.001000000000000000021 ),
 .UNSPECIFIED. ) ;
#951 = VERTEX_POINT ( 'NONE', #478 ) ;
#952 = EDGE_CURVE ( 'NONE', #4738, #2731, #416, .T. ) ;
#953 = CARTESIAN_POINT ( 'NONE',  ( -0.1540210739896679948, 0.9361269518102169895, 0.7500000000000000000 ) ) ;
#954 = CARTESIAN_POINT ( 'NONE',  ( 0.2989773120149910035, 0.8834527208794430431, 0.7500000000000000000 ) ) ;
#955 = VERTEX_POINT ( 'NONE', #2271 ) ;
#956 = PRESENTATION_LAYER_ASSIGNMENT (  '', '', ( #2566 ) ) ;
#957 = AXIS2_PLACEMENT_3D ( 'NONE', #4075, #4128, #3236 ) ;
#958 = ADVANCED_FACE ( 'NONE', ( #2585 ), #3540, .T. ) ;
#959 = LINE ( 'NONE', #4390, #5063 ) ;
#960 = CIRCLE ( 'NONE', #2383, 0.2500000000000000000 ) ;
#961 = MECHANICAL_DESIGN_GEOMETRIC_PRESENTATION_REPRESENTATION (  '', ( #167 ), #3733 ) ;
#962 = UNCERTAINTY_MEASURE_WITH_UNIT (LENGTH_MEASURE( 1.000000000000000082E-05 ), #4058, 'distance_accuracy_value', 'NONE');
#963 = CARTESIAN_POINT ( 'NONE',  ( 0.1052982167464519975, 0.9065483452106281037, 0.7600000000000000089 ) ) ;
#964 = CARTESIAN_POINT ( 'NONE',  ( 0.4170820393130333925, 0.8341640786260667850, 0.5841640786260677842 ) ) ;
#965 = EDGE_CURVE ( 'NONE', #485, #2824, #1101, .T. ) ;
#966 = COLOUR_RGB ( '',1.000000000000000000, 1.000000000000000000, 1.000000000000000000 ) ;
#967 = ORIENTED_EDGE ( 'NONE', *, *, #3242, .T. ) ;
#968 = CARTESIAN_POINT ( 'NONE',  ( -0.5043047096793169537, 0.8994575833545630505, 0.7600000000000000089 ) ) ;
#969 = MECHANICAL_DESIGN_GEOMETRIC_PRESENTATION_REPRESENTATION (  '', ( #264 ), #1405 ) ;
#970 =( LENGTH_UNIT ( ) NAMED_UNIT ( * ) SI_UNIT ( .MILLI., .METRE. ) );
#971 = PRESENTATION_LAYER_ASSIGNMENT (  '', '', ( #3562 ) ) ;
#972 = DIRECTION ( 'NONE',  ( 1.000000000000000000, 0.0000000000000000000, -0.0000000000000000000 ) ) ;
#973 = CARTESIAN_POINT ( 'NONE',  ( -0.2114326155760646309, -0.6523544697396524983, 0.7500000000000001110 ) ) ;
#974 = VERTEX_POINT ( 'NONE', #694 ) ;
#975 = ORIENTED_EDGE ( 'NONE', *, *, #2592, .F. ) ;
#976 = ORIENTED_EDGE ( 'NONE', *, *, #3233, .F. ) ;
#977 = ORIENTED_EDGE ( 'NONE', *, *, #2941, .T. ) ;
#978 = CARTESIAN_POINT ( 'NONE',  ( -0.01180065047657699942, -9.146724000000000172E-17, 0.7500000000000000000 ) ) ;
#979 = ORIENTED_EDGE ( 'NONE', *, *, #2485, .T. ) ;
#980 = ADVANCED_FACE ( 'NONE', ( #2404 ), #3619, .F. ) ;
#981 = DIRECTION ( 'NONE',  ( 0.0000000000000000000, -0.0000000000000000000, 1.000000000000000000 ) ) ;
#982 = CARTESIAN_POINT ( 'NONE',  ( 0.3950064868657099937, 0.7116536907667639911, 0.7500000000000000000 ) ) ;
#983 = VERTEX_POINT ( 'NONE', #3707 ) ;
#984 = VECTOR ( 'NONE', #1354, 1000.000000000000000 ) ;
#985 = LINE ( 'NONE', #1042, #4002 ) ;
#986 = MECHANICAL_DESIGN_GEOMETRIC_PRESENTATION_REPRESENTATION (  '', ( #4661 ), #2864 ) ;
#987 = ADVANCED_FACE ( 'NONE', ( #2831 ), #3253, .T. ) ;
#988 = FACE_OUTER_BOUND ( 'NONE', #3831, .T. ) ;
#989 =( NAMED_UNIT ( * ) SI_UNIT ( $, .STERADIAN. ) SOLID_ANGLE_UNIT ( ) );
#990 = PLANE ( 'NONE',  #5048 ) ;
#991 = ORIENTED_EDGE ( 'NONE', *, *, #843, .T. ) ;
#992 = ORIENTED_EDGE ( 'NONE', *, *, #3131, .T. ) ;
#993 =( GEOMETRIC_REPRESENTATION_CONTEXT ( 3 ) GLOBAL_UNCERTAINTY_ASSIGNED_CONTEXT ( ( #3705 ) ) GLOBAL_UNIT_ASSIGNED_CONTEXT ( ( #1458, #3176, #4488 ) ) REPRESENTATION_CONTEXT ( 'NONE', 'WORKASPACE' ) );
#994 = LINE ( 'NONE', #1831, #3933 ) ;
#995 = CARTESIAN_POINT ( 'NONE',  ( 0.3034343623245179811, 0.8794008569616911242, 0.7600000000000000089 ) ) ;
#996 = B_SPLINE_SURFACE_WITH_KNOTS ( 'NONE', 2, 1, ( 
 ( #1305, #3077 ),
 ( #4806, #5134 ),
 ( #954, #127 ),
 ( #1280, #4386 ) ),
 .UNSPECIFIED., .F., .F., .F.,
 ( 3, 1, 3 ),
 ( 2, 2 ),
 ( -2.000000000000000000, -1.000000000000000000, 0.0000000000000000000 ),
 ( 0.0000000000000000000, 0.001000000000000000021 ),
 .UNSPECIFIED. ) ;
#997 = EDGE_CURVE ( 'NONE', #1989, #879, #5337, .T. ) ;
#998 = PRESENTATION_STYLE_ASSIGNMENT (( #112 ) ) ;
#999 = LINE ( 'NONE', #4434, #4014 ) ;
#1000 = CARTESIAN_POINT ( 'NONE',  ( 1.000000000000000000, 0.3250000000000000111, 0.08999999999999999667 ) ) ;
#1001 = EDGE_LOOP ( 'NONE', ( #3953, #2179, #2939, #176 ) ) ;
#1002 = MECHANICAL_DESIGN_GEOMETRIC_PRESENTATION_REPRESENTATION (  '', ( #5117 ), #3859 ) ;
#1003 = CARTESIAN_POINT ( 'NONE',  ( -0.3707957935893930190, 0.7521723299442820698, 0.7500000000000000000 ) ) ;
#1004 = DIRECTION ( 'NONE',  ( 0.0000000000000000000, 0.0000000000000000000, 1.000000000000000000 ) ) ;
#1006 = ORIENTED_EDGE ( 'NONE', *, *, #920, .T. ) ;
#1005 = SURFACE_STYLE_USAGE ( .BOTH. , #1440 ) ;
#1007 = UNCERTAINTY_MEASURE_WITH_UNIT (LENGTH_MEASURE( 1.000000000000000082E-05 ), #4633, 'distance_accuracy_value', 'NONE');
#1008 = VERTEX_POINT ( 'NONE', #269 ) ;
#1009 = PRESENTATION_LAYER_ASSIGNMENT (  '', '', ( #2965 ) ) ;
#1010 = CARTESIAN_POINT ( 'NONE',  ( 0.1510842790170479899, 0.8109243567516839502, 0.7600000000000000089 ) ) ;
#1011 =( NAMED_UNIT ( * ) SI_UNIT ( $, .STERADIAN. ) SOLID_ANGLE_UNIT ( ) );
#1012 = PRESENTATION_LAYER_ASSIGNMENT (  '', '', ( #2700 ) ) ;
#1013 = CARTESIAN_POINT ( 'NONE',  ( -1.734722999999999918E-16, 0.6750000000000000444, 0.0000000000000000000 ) ) ;
#1014 = VERTEX_POINT ( 'NONE', #2328 ) ;
#1015 = DIRECTION ( 'NONE',  ( -0.0000000000000000000, 0.0000000000000000000, -1.000000000000000000 ) ) ;
#1016 = COLOUR_RGB ( '',1.000000000000000000, 1.000000000000000000, 1.000000000000000000 ) ;
#1017 = DIRECTION ( 'NONE',  ( 1.000000000000000000, 0.0000000000000000000, 0.0000000000000000000 ) ) ;
#1018 = CARTESIAN_POINT ( 'NONE',  ( 0.2282722866502210068, 0.6816698977753999911, 0.7600000000000000089 ) ) ;
#1019 = CARTESIAN_POINT ( 'NONE',  ( -0.5512747163063557165, 0.4179369256108629860, 0.7500000000000002220 ) ) ;
#1020 = MECHANICAL_DESIGN_GEOMETRIC_PRESENTATION_REPRESENTATION (  '', ( #4163 ), #1108 ) ;
#1021 = ORIENTED_EDGE ( 'NONE', *, *, #2647, .F. ) ;
#1022 = EDGE_CURVE ( 'NONE', #3397, #983, #2352, .T. ) ;
#1023 =( LENGTH_UNIT ( ) NAMED_UNIT ( * ) SI_UNIT ( .MILLI., .METRE. ) );
#1024 = ORIENTED_EDGE ( 'NONE', *, *, #1691, .T. ) ;
#1025 = PRESENTATION_LAYER_ASSIGNMENT (  '', '', ( #680 ) ) ;
#1026 = DIRECTION ( 'NONE',  ( -0.0000000000000000000, 1.000000000000000000, 0.0000000000000000000 ) ) ;
#1027 = CARTESIAN_POINT ( 'NONE',  ( 0.6500000000000001332, 0.3250000000000000666, 0.0000000000000000000 ) ) ;
#1028 = CARTESIAN_POINT ( 'NONE',  ( -1.010000000000000009, -0.5000000000000000000, 0.04000000000000000083 ) ) ;
#1029 = CARTESIAN_POINT ( 'NONE',  ( -1.000000000000000000, -0.9999999999999988898, 0.0000000000000000000 ) ) ;
#1030 = ORIENTED_EDGE ( 'NONE', *, *, #3131, .F. ) ;
#1031 = EDGE_CURVE ( 'NONE', #3579, #2537, #714, .T. ) ;
#1032 =( NAMED_UNIT ( * ) SI_UNIT ( $, .STERADIAN. ) SOLID_ANGLE_UNIT ( ) );
#1033 = PLANE ( 'NONE',  #5141 ) ;
#1035 = ORIENTED_EDGE ( 'NONE', *, *, #3553, .F. ) ;
#1034 =( LENGTH_UNIT ( ) NAMED_UNIT ( * ) SI_UNIT ( .MILLI., .METRE. ) );
#1036 = PRESENTATION_LAYER_ASSIGNMENT (  '', '', ( #3893 ) ) ;
#1037 = VERTEX_POINT ( 'NONE', #5367 ) ;
#1038 = FILL_AREA_STYLE ('',( #4803 ) ) ;
#1039 = LINE ( 'NONE', #1500, #1825 ) ;
#1040 = CARTESIAN_POINT ( 'NONE',  ( -0.4202285333859649974, 0.9405840021197440226, 0.7600000000000000089 ) ) ;
#1041 = ORIENTED_EDGE ( 'NONE', *, *, #1181, .F. ) ;
#1042 = CARTESIAN_POINT ( 'NONE',  ( -0.09567423357404102047, 0.9361269518102169895, 0.7600000000000000089 ) ) ;
#1043 = CARTESIAN_POINT ( 'NONE',  ( 0.2286774730419960100, 0.7104381315914379824, 0.7600000000000000089 ) ) ;
#1044 = VECTOR ( 'NONE', #3548, 1000.000000000000000 ) ;
#1045 = SURFACE_STYLE_USAGE ( .BOTH. , #2243 ) ;
#1046 = CARTESIAN_POINT ( 'NONE',  ( -0.4180000082312019805, 0.9118157683037061423, 0.7600000000000000089 ) ) ;
#1047 = CARTESIAN_POINT ( 'NONE',  ( 0.3399856317084135049, 0.6026471808364115557, 0.7500000000000002220 ) ) ;
#1048 = ORIENTED_EDGE ( 'NONE', *, *, #4274, .F. ) ;
#1049 = VECTOR ( 'NONE', #4454, 1000.000000000000000 ) ;
#1050 = FILL_AREA_STYLE ('',( #4484 ) ) ;
#1051 = ORIENTED_EDGE ( 'NONE', *, *, #3247, .F. ) ;
#1052 = CARTESIAN_POINT ( 'NONE',  ( -0.2500000001361968316, 3.061616999536312922E-17, 0.2499999999372448656 ) ) ;
#1053 = LINE ( 'NONE', #593, #3351 ) ;
#1054 = CARTESIAN_POINT ( 'NONE',  ( -0.4696612731825379750, 0.8725126883015129620, 0.7500000000000000000 ) ) ;
#1055 = EDGE_CURVE ( 'NONE', #1917, #1501, #5424, .T. ) ;
#1056 = AXIS2_PLACEMENT_3D ( 'NONE', #1473, #99, #2656 ) ;
#1057 = VERTEX_POINT ( 'NONE', #243 ) ;
#1058 = FILL_AREA_STYLE_COLOUR ( '', #428 ) ;
#1059 = VECTOR ( 'NONE', #5366, 1000.000000000000114 ) ;
#1060 = CARTESIAN_POINT ( 'NONE',  ( -0.3707957935893930190, 0.7671642264399639588, 0.7500000000000000000 ) ) ;
#1061 = UNCERTAINTY_MEASURE_WITH_UNIT (LENGTH_MEASURE( 1.000000000000000082E-05 ), #4600, 'distance_accuracy_value', 'NONE');
#1062 = ADVANCED_FACE ( 'NONE', ( #2862 ), #4461, .T. ) ;
#1063 = CARTESIAN_POINT ( 'NONE',  ( -0.4467682420472400828, 0.8018076629367429931, 0.7500000000000000000 ) ) ;
#1064 = PRESENTATION_LAYER_ASSIGNMENT (  '', '', ( #346 ) ) ;
#1065 = CARTESIAN_POINT ( 'NONE',  ( 0.1510842790170479899, 0.8350329470623080175, 0.7600000000000000089 ) ) ;
#1066 =( LENGTH_UNIT ( ) NAMED_UNIT ( * ) SI_UNIT ( .MILLI., .METRE. ) );
#1067 = EDGE_CURVE ( 'NONE', #237, #3256, #817, .T. ) ;
#1068 = CARTESIAN_POINT ( 'NONE',  ( 0.2288800662378840112, 0.9405840021197440226, 0.7500000000000000000 ) ) ;
#1069 = VERTEX_POINT ( 'NONE', #2461 ) ;
#1070 = AXIS2_PLACEMENT_3D ( 'NONE', #2834, #4541, #5373 ) ;
#1071 = CARTESIAN_POINT ( 'NONE',  ( 0.4272188050118380098, 0.9369373245937679950, 0.7500000000000000000 ) ) ;
#1072 = CARTESIAN_POINT ( 'NONE',  ( 0.2432641831459030068, 0.6816698977753999911, 0.7500000000000000000 ) ) ;
#1073 = PLANE ( 'NONE',  #5205 ) ;
#1074 = LINE ( 'NONE', #4814, #3108 ) ;
#1075 = SURFACE_STYLE_USAGE ( .BOTH. , #5308 ) ;
#1076 = ORIENTED_EDGE ( 'NONE', *, *, #2583, .F. ) ;
#1077 = VECTOR ( 'NONE', #14, 1000.000000000000000 ) ;
#1078 = DIRECTION ( 'NONE',  ( 0.0000000000000000000, 0.0000000000000000000, 1.000000000000000000 ) ) ;
#1079 = DIRECTION ( 'NONE',  ( -1.000000000000000000, -0.0000000000000000000, 0.0000000000000000000 ) ) ;
#1080 = FACE_OUTER_BOUND ( 'NONE', #1386, .T. ) ;
#1081 = DIRECTION ( 'NONE',  ( -1.000000000000000000, 0.0000000000000000000, 0.0000000000000000000 ) ) ;
#1082 = FILL_AREA_STYLE_COLOUR ( '', #2110 ) ;
#1083 = ORIENTED_EDGE ( 'NONE', *, *, #5349, .T. ) ;
#1084 =( GEOMETRIC_REPRESENTATION_CONTEXT ( 3 ) GLOBAL_UNCERTAINTY_ASSIGNED_CONTEXT ( ( #2747 ) ) GLOBAL_UNIT_ASSIGNED_CONTEXT ( ( #2612, #2638, #1431 ) ) REPRESENTATION_CONTEXT ( 'NONE', 'WORKASPACE' ) );
#1085 = EDGE_CURVE ( 'NONE', #1814, #1119, #4557, .T. ) ;
#1086 =( NAMED_UNIT ( * ) PLANE_ANGLE_UNIT ( ) SI_UNIT ( $, .RADIAN. ) );
#1087 =( NAMED_UNIT ( * ) SI_UNIT ( $, .STERADIAN. ) SOLID_ANGLE_UNIT ( ) );
#1088 = VECTOR ( 'NONE', #4593, 1000.000000000000000 ) ;
#1089 = ORIENTED_EDGE ( 'NONE', *, *, #4935, .F. ) ;
#1090 = EDGE_CURVE ( 'NONE', #3483, #3427, #2045, .T. ) ;
#1091 = VECTOR ( 'NONE', #4742, 1000.000000000000000 ) ;
#1092 = LINE ( 'NONE', #2796, #2035 ) ;
#1093 = CARTESIAN_POINT ( 'NONE',  ( -0.2690940092538209871, 0.8380718450006220399, 0.7600000000000000089 ) ) ;
#1094 = CARTESIAN_POINT ( 'NONE',  ( 0.2288800662378840112, 0.9405840021197440226, 0.7500000000000000000 ) ) ;
#1095 = VERTEX_POINT ( 'NONE', #5136 ) ;
#1096 = PRESENTATION_LAYER_ASSIGNMENT (  '', '', ( #2068 ) ) ;
#1097 = FILL_AREA_STYLE ('',( #3249 ) ) ;
#1098 = PRESENTATION_LAYER_ASSIGNMENT (  '', '', ( #1625 ) ) ;
#1099 =( LENGTH_UNIT ( ) NAMED_UNIT ( * ) SI_UNIT ( .MILLI., .METRE. ) );
#1100 = LINE ( 'NONE', #3252, #4561 ) ;
#1101 = LINE ( 'NONE', #4143, #2613 ) ;
#1102 = CARTESIAN_POINT ( 'NONE',  ( 0.6854101966249678268, 0.08733645284845832635, 0.7499999999999998890 ) ) ;
#1103 = VERTEX_POINT ( 'NONE', #5082 ) ;
#1104 = VECTOR ( 'NONE', #1564, 1000.000000000000000 ) ;
#1105 = LINE ( 'NONE', #1619, #4499 ) ;
#1106 = DIRECTION ( 'NONE',  ( -0.0000000000000000000, -1.000000000000000000, 0.0000000000000000000 ) ) ;
#1107 = PLANE ( 'NONE',  #2332 ) ;
#1108 =( GEOMETRIC_REPRESENTATION_CONTEXT ( 3 ) GLOBAL_UNCERTAINTY_ASSIGNED_CONTEXT ( ( #4936 ) ) GLOBAL_UNIT_ASSIGNED_CONTEXT ( ( #2474, #2060, #837 ) ) REPRESENTATION_CONTEXT ( 'NONE', 'WORKASPACE' ) );
#1109 = DIRECTION ( 'NONE',  ( -1.000000000000000000, -0.0000000000000000000, 0.0000000000000000000 ) ) ;
#1110 =( LENGTH_UNIT ( ) NAMED_UNIT ( * ) SI_UNIT ( .MILLI., .METRE. ) );
#1111 = ORIENTED_EDGE ( 'NONE', *, *, #3310, .F. ) ;
#1112 = VECTOR ( 'NONE', #2283, 1000.000000000000000 ) ;
#1113 = LINE ( 'NONE', #2816, #258 ) ;
#1114 = CARTESIAN_POINT ( 'NONE',  ( -0.3023192933793860115, 0.6861269480849271352, 0.7600000000000000089 ) ) ;
#1115 = FILL_AREA_STYLE ('',( #1467 ) ) ;
#1116 = CARTESIAN_POINT ( 'NONE',  ( -0.3481053556499820179, 0.7142874023133020112, 0.7600000000000000089 ) ) ;
#1117 = AXIS2_PLACEMENT_3D ( 'NONE', #741, #3227, #2811 ) ;
#1118 = CARTESIAN_POINT ( 'NONE',  ( -1.000000000000000000, 0.6750000000000000444, 0.0000000000000000000 ) ) ;
#1119 = VERTEX_POINT ( 'NONE', #1232 ) ;
#1120 = EDGE_CURVE ( 'NONE', #5202, #2599, #3468, .T. ) ;
#1121 = VECTOR ( 'NONE', #3532, 1000.000000000000000 ) ;
#1122 = CARTESIAN_POINT ( 'NONE',  ( 0.1741799033482339942, 0.7353570946856119450, 0.7500000000000000000 ) ) ;
#1123 =( NAMED_UNIT ( * ) SI_UNIT ( $, .STERADIAN. ) SOLID_ANGLE_UNIT ( ) );
#1124 = CARTESIAN_POINT ( 'NONE',  ( 1.000000000000000000, -0.3250000000000000111, 0.0000000000000000000 ) ) ;
#1125 = DIRECTION ( 'NONE',  ( 1.000000000000000000, 0.0000000000000000000, 0.0000000000000000000 ) ) ;
#1126 = EDGE_CURVE ( 'NONE', #2956, #1241, #2515, .T. ) ;
#1127 = PLANE ( 'NONE',  #3070 ) ;
#1128 = ORIENTED_EDGE ( 'NONE', *, *, #2543, .T. ) ;
#1129 =( LENGTH_UNIT ( ) NAMED_UNIT ( * ) SI_UNIT ( .MILLI., .METRE. ) );
#1130 = DIRECTION ( 'NONE',  ( -0.0000000000000000000, -1.000000000000000000, 0.0000000000000000000 ) ) ;
#1131 = SURFACE_SIDE_STYLE ('',( #3686 ) ) ;
#1132 = CARTESIAN_POINT ( 'NONE',  ( -0.4512252923567670049, 0.6816698977753999911, 0.7600000000000000089 ) ) ;
#1133 = ADVANCED_FACE ( 'NONE', ( #3844 ), #2153, .T. ) ;
#1134 = CARTESIAN_POINT ( 'NONE',  ( -0.8499999999999999778, 0.6999999999999999556, 0.7500000000000000000 ) ) ;
#1135 = EDGE_LOOP ( 'NONE', ( #18, #444, #2507, #1128 ) ) ;
#1136 = VECTOR ( 'NONE', #1188, 1000.000000000000000 ) ;
#1137 = B_SPLINE_CURVE_WITH_KNOTS ( 'NONE', 2,
 ( #3901, #905, #3052, #4813 ),
 .UNSPECIFIED., .F., .F.,
 ( 3, 1, 3 ),
 ( 0.0000000000000000000, 5.204560209392085026E-05, 0.0001040912041878417005 ),
 .UNSPECIFIED. ) ;
#1138 =( NAMED_UNIT ( * ) PLANE_ANGLE_UNIT ( ) SI_UNIT ( $, .RADIAN. ) );
#1139 = STYLED_ITEM ( 'NONE', ( #775 ), #3898 ) ;
#1140 = CARTESIAN_POINT ( 'NONE',  ( 0.2128752037627640037, 0.7104381315914379824, 0.7500000000000000000 ) ) ;
#1141 = MECHANICAL_DESIGN_GEOMETRIC_PRESENTATION_REPRESENTATION (  '', ( #3552 ), #73 ) ;
#1142 = B_SPLINE_CURVE_WITH_KNOTS ( 'NONE', 2,
 ( #2692, #589, #1911, #4925 ),
 .UNSPECIFIED., .F., .F.,
 ( 3, 1, 3 ),
 ( 0.0000000000000000000, 3.827736200724859950E-05, 7.655472401449719901E-05 ),
 .UNSPECIFIED. ) ;
#1143 = CARTESIAN_POINT ( 'NONE',  ( -1.734722999999999918E-16, 0.7116536907667639911, 0.7500000000000000000 ) ) ;
#1144 = CARTESIAN_POINT ( 'NONE',  ( -0.4370437686446360104, 0.8336147946910950068, 0.7600000000000000089 ) ) ;
#1145 = FILL_AREA_STYLE_COLOUR ( '', #5153 ) ;
#1146 = ORIENTED_EDGE ( 'NONE', *, *, #3060, .F. ) ;
#1147 = COLOUR_RGB ( '',1.000000000000000000, 1.000000000000000000, 1.000000000000000000 ) ;
#1148 = DIRECTION ( 'NONE',  ( -1.000000000000000000, -0.0000000000000000000, -0.0000000000000000000 ) ) ;
#1149 = LINE ( 'NONE', #3646, #3556 ) ;
#1150 = ADVANCED_FACE ( 'NONE', ( #553 ), #3482, .T. ) ;
#1151 =( LENGTH_UNIT ( ) NAMED_UNIT ( * ) SI_UNIT ( .MILLI., .METRE. ) );
#1152 =( LENGTH_UNIT ( ) NAMED_UNIT ( * ) SI_UNIT ( .MILLI., .METRE. ) );
#1153 = DIRECTION ( 'NONE',  ( -1.000000000000000000, -0.0000000000000000000, -0.0000000000000000000 ) ) ;
#1154 = DIRECTION ( 'NONE',  ( -1.000000000000000000, -0.0000000000000000000, 0.0000000000000000000 ) ) ;
#1155 =( GEOMETRIC_REPRESENTATION_CONTEXT ( 3 ) GLOBAL_UNCERTAINTY_ASSIGNED_CONTEXT ( ( #4311 ) ) GLOBAL_UNIT_ASSIGNED_CONTEXT ( ( #5149, #4728, #4755 ) ) REPRESENTATION_CONTEXT ( 'NONE', 'WORKASPACE' ) );
#1156 = VERTEX_POINT ( 'NONE', #1707 ) ;
#1157 = AXIS2_PLACEMENT_3D ( 'NONE', #2867, #2489, #4612 ) ;
#1158 = EDGE_CURVE ( 'NONE', #5495, #2819, #46, .T. ) ;
#1159 = PLANE ( 'NONE',  #1323 ) ;
#1160 = DIRECTION ( 'NONE',  ( 0.0000000000000000000, -0.0000000000000000000, -1.000000000000000000 ) ) ;
#1161 = CARTESIAN_POINT ( 'NONE',  ( -0.4202285333859649974, 0.9405840021197440226, 0.7600000000000000089 ) ) ;
#1162 = DIRECTION ( 'NONE',  ( -0.0000000000000000000, -1.000000000000000000, 0.0000000000000000000 ) ) ;
#1163 = VERTEX_POINT ( 'NONE', #2244 ) ;
#1164 = PRESENTATION_LAYER_ASSIGNMENT (  '', '', ( #3669 ) ) ;
#1165 = EDGE_CURVE ( 'NONE', #3878, #4259, #5526, .T. ) ;
#1166 = SURFACE_SIDE_STYLE ('',( #5013 ) ) ;
#1167 = MECHANICAL_DESIGN_GEOMETRIC_PRESENTATION_REPRESENTATION (  '', ( #3308 ), #1690 ) ;
#1168 = CARTESIAN_POINT ( 'NONE',  ( -0.3600583542073499954, 0.8125451023187849620, 0.7600000000000000089 ) ) ;
#1169 = FILL_AREA_STYLE_COLOUR ( '', #1810 ) ;
#1170 = ORIENTED_EDGE ( 'NONE', *, *, #2255, .F. ) ;
#1172 = ORIENTED_EDGE ( 'NONE', *, *, #217, .T. ) ;
#1171 = FACE_OUTER_BOUND ( 'NONE', #1513, .T. ) ;
#1173 = SURFACE_SIDE_STYLE ('',( #4161 ) ) ;
#1174 = ORIENTED_EDGE ( 'NONE', *, *, #3319, .F. ) ;
#1175 = VECTOR ( 'NONE', #2779, 1000.000000000000000 ) ;
#1176 = CARTESIAN_POINT ( 'NONE',  ( -0.3588427950320249860, 0.7043603357148100486, 0.7500000000000000000 ) ) ;
#1177 = FACE_OUTER_BOUND ( 'NONE', #3079, .T. ) ;
#1178 = VECTOR ( 'NONE', #1389, 1000.000000000000000 ) ;
#1179 = CARTESIAN_POINT ( 'NONE',  ( -0.6999999999999999556, 0.6999999999999999556, 0.7600000000000000089 ) ) ;
#1180 = PLANE ( 'NONE',  #932 ) ;
#1181 = EDGE_CURVE ( 'NONE', #237, #3878, #2185, .T. ) ;
#1182 = FACE_OUTER_BOUND ( 'NONE', #2215, .T. ) ;
#1183 =( GEOMETRIC_REPRESENTATION_CONTEXT ( 3 ) GLOBAL_UNCERTAINTY_ASSIGNED_CONTEXT ( ( #4208 ) ) GLOBAL_UNIT_ASSIGNED_CONTEXT ( ( #922, #3922, #1087 ) ) REPRESENTATION_CONTEXT ( 'NONE', 'WORKASPACE' ) );
#1184 = DIRECTION ( 'NONE',  ( -1.000000000000000000, 0.0000000000000000000, 0.0000000000000000000 ) ) ;
#1185 = DIRECTION ( 'NONE',  ( 1.000000000000000000, 0.0000000000000000000, 0.0000000000000000000 ) ) ;
#1186 = CARTESIAN_POINT ( 'NONE',  ( -0.4240778041078300253, 0.6816698977753999911, 0.7500000000000000000 ) ) ;
#1187 = LINE ( 'NONE', #5009, #2649 ) ;
#1188 = DIRECTION ( 'NONE',  ( -0.0000000000000000000, -0.0000000000000000000, 1.000000000000000000 ) ) ;
#1189 = EDGE_CURVE ( 'NONE', #4478, #381, #528, .T. ) ;
#1190 = VERTEX_POINT ( 'NONE', #1681 ) ;
#1191 = EDGE_CURVE ( 'NONE', #578, #675, #3396, .T. ) ;
#1192 = SURFACE_STYLE_FILL_AREA ( #4199 ) ;
#1193 = DIRECTION ( 'NONE',  ( 0.0000000000000000000, 0.0000000000000000000, 1.000000000000000000 ) ) ;
#1194 = SURFACE_SIDE_STYLE ('',( #3296 ) ) ;
#1195 = CARTESIAN_POINT ( 'NONE',  ( -0.3361523570926139848, 0.7426504497375649994, 0.7500000000000000000 ) ) ;
#1196 = CARTESIAN_POINT ( 'NONE',  ( -0.4467682420472400828, 0.8018076629367429931, 0.7600000000000000089 ) ) ;
#1197 = EDGE_CURVE ( 'NONE', #1897, #2230, #4744, .T. ) ;
#1198 = STYLED_ITEM ( 'NONE', ( #3747 ), #1324 ) ;
#1199 = VECTOR ( 'NONE', #3431, 1000.000000000000000 ) ;
#1200 = CARTESIAN_POINT ( 'NONE',  ( -0.6500000000000001332, -0.3250000000000000666, 0.08999999999999999667 ) ) ;
#1201 = ORIENTED_EDGE ( 'NONE', *, *, #4394, .T. ) ;
#1202 = PRESENTATION_LAYER_ASSIGNMENT (  '', '', ( #2448 ) ) ;
#1203 = LINE ( 'NONE', #5420, #2031 ) ;
#1204 = STYLED_ITEM ( 'NONE', ( #285 ), #2203 ) ;
#1205 = CARTESIAN_POINT ( 'NONE',  ( -1.734722999999999918E-16, 0.6750000000000000444, 0.0000000000000000000 ) ) ;
#1206 = PRESENTATION_STYLE_ASSIGNMENT (( #3811 ) ) ;
#1207 = DIRECTION ( 'NONE',  ( 0.0000000000000000000, -1.000000000000000000, 0.0000000000000000000 ) ) ;
#1208 =( NAMED_UNIT ( * ) SI_UNIT ( $, .STERADIAN. ) SOLID_ANGLE_UNIT ( ) );
#1209 = DIRECTION ( 'NONE',  ( -1.000000000000000000, -0.0000000000000000000, 0.0000000000000000000 ) ) ;
#1210 = FILL_AREA_STYLE_COLOUR ( '', #2815 ) ;
#1211 = CARTESIAN_POINT ( 'NONE',  ( -1.000000000000000000, 0.3250000000000000111, 0.0000000000000000000 ) ) ;
#1212 = CARTESIAN_POINT ( 'NONE',  ( -1.010000000000000009, -0.5000000000000000000, -0.009999999999999998473 ) ) ;
#1213 = ORIENTED_EDGE ( 'NONE', *, *, #5074, .F. ) ;
#1214 = CARTESIAN_POINT ( 'NONE',  ( 0.2770972468591310078, 0.7227963165405809631, 0.7500000000000000000 ) ) ;
#1215 = CARTESIAN_POINT ( 'NONE',  ( 0.2069458130325330381, 0.8110799044589840356, 0.7600000000000000089 ) ) ;
#1216 = CARTESIAN_POINT ( 'NONE',  ( -0.3361523570926139848, 0.7807379705644329482, 0.7500000000000000000 ) ) ;
#1217 = UNCERTAINTY_MEASURE_WITH_UNIT (LENGTH_MEASURE( 1.000000000000000082E-05 ), #2650, 'distance_accuracy_value', 'NONE');
#1218 = FILL_AREA_STYLE ('',( #1169 ) ) ;
#1219 = VECTOR ( 'NONE', #3577, 1000.000000000000000 ) ;
#1220 = FILL_AREA_STYLE ('',( #1928 ) ) ;
#1221 = ORIENTED_EDGE ( 'NONE', *, *, #890, .T. ) ;
#1222 = AXIS2_PLACEMENT_3D ( 'NONE', #4573, #3234, #1575 ) ;
#1223 = STYLED_ITEM ( 'NONE', ( #2749 ), #2905 ) ;
#1224 = EDGE_CURVE ( 'NONE', #5455, #1501, #5309, .T. ) ;
#1225 = SURFACE_STYLE_USAGE ( .BOTH. , #4258 ) ;
#1226 = ORIENTED_EDGE ( 'NONE', *, *, #5341, .T. ) ;
#1227 = MECHANICAL_DESIGN_GEOMETRIC_PRESENTATION_REPRESENTATION (  '', ( #2564 ), #2653 ) ;
#1228 =( GEOMETRIC_REPRESENTATION_CONTEXT ( 3 ) GLOBAL_UNCERTAINTY_ASSIGNED_CONTEXT ( ( #2231 ) ) GLOBAL_UNIT_ASSIGNED_CONTEXT ( ( #930, #5245, #3931 ) ) REPRESENTATION_CONTEXT ( 'NONE', 'WORKASPACE' ) );
#1229 = ADVANCED_FACE ( 'NONE', ( #2329 ), #990, .T. ) ;
#1230 = CARTESIAN_POINT ( 'NONE',  ( -0.4265089224584809879, 0.7104381315914379824, 0.7500000000000000000 ) ) ;
#1231 = CARTESIAN_POINT ( 'NONE',  ( -0.3959173498794539836, 0.8234851348967151541, 0.7500000000000000000 ) ) ;
#1232 = CARTESIAN_POINT ( 'NONE',  ( -0.4370437686446360104, 0.8336147946910950068, 0.7600000000000000089 ) ) ;
#1233 = CARTESIAN_POINT ( 'NONE',  ( 0.1052982167464519975, 0.9065483452106281037, 0.7600000000000000089 ) ) ;
#1234 = MECHANICAL_DESIGN_GEOMETRIC_PRESENTATION_REPRESENTATION (  '', ( #3836 ), #3201 ) ;
#1235 = SURFACE_SIDE_STYLE ('',( #3363 ) ) ;
#1236 = PRESENTATION_LAYER_ASSIGNMENT (  '', '', ( #2218 ) ) ;
#1237 = SURFACE_STYLE_FILL_AREA ( #4694 ) ;
#1238 = FILL_AREA_STYLE ('',( #4148 ) ) ;
#1239 = DIRECTION ( 'NONE',  ( -1.000000000000000000, 0.0000000000000000000, 0.0000000000000000000 ) ) ;
#1240 = B_SPLINE_CURVE_WITH_KNOTS ( 'NONE', 2,
 ( #2806, #5023, #3757, #5466 ),
 .UNSPECIFIED., .F., .F.,
 ( 3, 1, 3 ),
 ( 0.0000000000000000000, 2.227040041871356584E-05, 4.454080083742713167E-05 ),
 .UNSPECIFIED. ) ;
#1241 = VERTEX_POINT ( 'NONE', #3285 ) ;
#1242 = LINE ( 'NONE', #531, #10 ) ;
#1243 =( NAMED_UNIT ( * ) SI_UNIT ( $, .STERADIAN. ) SOLID_ANGLE_UNIT ( ) );
#1244 = CARTESIAN_POINT ( 'NONE',  ( 0.2862139406740730196, 0.7280637396336590017, 0.7600000000000000089 ) ) ;
#1245 = ORIENTED_EDGE ( 'NONE', *, *, #3443, .F. ) ;
#1246 = EDGE_CURVE ( 'NONE', #3501, #3483, #4212, .T. ) ;
#1247 = SURFACE_STYLE_FILL_AREA ( #4286 ) ;
#1248 = FACE_OUTER_BOUND ( 'NONE', #1300, .T. ) ;
#1249 = VERTEX_POINT ( 'NONE', #1233 ) ;
#1250 = CARTESIAN_POINT ( 'NONE',  ( -0.3707957935893930190, 0.7521723299442820698, 0.7500000000000000000 ) ) ;
#1251 = VERTEX_POINT ( 'NONE', #2920 ) ;
#1252 = ORIENTED_EDGE ( 'NONE', *, *, #3891, .T. ) ;
#1253 = EDGE_CURVE ( 'NONE', #27, #512, #372, .T. ) ;
#1254 = VECTOR ( 'NONE', #4873, 1000.000000000000000 ) ;
#1255 = FILL_AREA_STYLE ('',( #3020 ) ) ;
#1256 = FILL_AREA_STYLE ('',( #343 ) ) ;
#1257 = CARTESIAN_POINT ( 'NONE',  ( 0.3496256109868899897, 0.9020912949011019588, 0.7600000000000000089 ) ) ;
#1258 = SURFACE_STYLE_FILL_AREA ( #5111 ) ;
#1259 = MECHANICAL_DESIGN_GEOMETRIC_PRESENTATION_REPRESENTATION (  '', ( #22 ), #3051 ) ;
#1260 = ADVANCED_FACE ( 'NONE', ( #4168 ), #1127, .T. ) ;
#1261 =( GEOMETRIC_REPRESENTATION_CONTEXT ( 3 ) GLOBAL_UNCERTAINTY_ASSIGNED_CONTEXT ( ( #133 ) ) GLOBAL_UNIT_ASSIGNED_CONTEXT ( ( #1422, #2044, #816 ) ) REPRESENTATION_CONTEXT ( 'NONE', 'WORKASPACE' ) );
#1262 = PLANE ( 'NONE',  #3574 ) ;
#1263 = DIRECTION ( 'NONE',  ( 0.0000000000000000000, -0.0000000000000000000, 1.000000000000000000 ) ) ;
#1264 = CARTESIAN_POINT ( 'NONE',  ( -1.734722999999999918E-16, 0.8791982637658030120, 0.7500000000000000000 ) ) ;
#1265 = VERTEX_POINT ( 'NONE', #270 ) ;
#1266 = PRESENTATION_LAYER_ASSIGNMENT (  '', '', ( #660 ) ) ;
#1267 = SURFACE_STYLE_FILL_AREA ( #5528 ) ;
#1268 = ORIENTED_EDGE ( 'NONE', *, *, #2993, .F. ) ;
#1269 = DIRECTION ( 'NONE',  ( 0.0000000000000000000, 0.0000000000000000000, 1.000000000000000000 ) ) ;
#1270 = DIRECTION ( 'NONE',  ( 0.0000000000000000000, -0.0000000000000000000, -1.000000000000000000 ) ) ;
#1271 = PRESENTATION_STYLE_ASSIGNMENT (( #2982 ) ) ;
#1272 = CARTESIAN_POINT ( 'NONE',  ( 0.6643560278362675708, -0.1701779908896713933, 0.7500000000000002220 ) ) ;
#1273 = LINE ( 'NONE', #448, #1900 ) ;
#1274 =( NAMED_UNIT ( * ) SI_UNIT ( $, .STERADIAN. ) SOLID_ANGLE_UNIT ( ) );
#1275 = FACE_OUTER_BOUND ( 'NONE', #4276, .T. ) ;
#1276 = VERTEX_POINT ( 'NONE', #1961 ) ;
#1277 = ORIENTED_EDGE ( 'NONE', *, *, #5305, .F. ) ;
#1278 =( NAMED_UNIT ( * ) PLANE_ANGLE_UNIT ( ) SI_UNIT ( $, .RADIAN. ) );
#1279 = ADVANCED_FACE ( 'NONE', ( #3254 ), #1180, .F. ) ;
#1280 = CARTESIAN_POINT ( 'NONE',  ( 0.3034343623245179811, 0.8794008569616911242, 0.7500000000000000000 ) ) ;
#1281 =( NAMED_UNIT ( * ) SI_UNIT ( $, .STERADIAN. ) SOLID_ANGLE_UNIT ( ) );
#1282 =( NAMED_UNIT ( * ) PLANE_ANGLE_UNIT ( ) SI_UNIT ( $, .RADIAN. ) );
#1283 = EDGE_CURVE ( 'NONE', #5429, #5195, #4189, .T. ) ;
#1284 = LINE ( 'NONE', #4668, #2783 ) ;
#1285 = DIRECTION ( 'NONE',  ( 0.0000000000000000000, -0.0000000000000000000, -1.000000000000000000 ) ) ;
#1286 = AXIS2_PLACEMENT_3D ( 'NONE', #814, #1724, #5132 ) ;
#1287 =( LENGTH_UNIT ( ) NAMED_UNIT ( * ) SI_UNIT ( .MILLI., .METRE. ) );
#1288 = ORIENTED_EDGE ( 'NONE', *, *, #3902, .T. ) ;
#1289 = B_SPLINE_CURVE_WITH_KNOTS ( 'NONE', 2,
 ( #23, #4597, #4176, #2025 ),
 .UNSPECIFIED., .F., .F.,
 ( 3, 1, 3 ),
 ( 0.0000000000000000000, 2.958095674857005614E-05, 5.916191349714011228E-05 ),
 .UNSPECIFIED. ) ;
#1290 = ORIENTED_EDGE ( 'NONE', *, *, #2407, .F. ) ;
#1291 = STYLED_ITEM ( 'NONE', ( #289 ), #5464 ) ;
#1292 = SURFACE_STYLE_USAGE ( .BOTH. , #1166 ) ;
#1293 = FILL_AREA_STYLE ('',( #858 ) ) ;
#1294 = ADVANCED_FACE ( 'NONE', ( #3871 ), #4360, .T. ) ;
#1295 = CARTESIAN_POINT ( 'NONE',  ( 0.1716057808422999931, -0.6693011955690362225, 0.7500000000000003331 ) ) ;
#1296 = EDGE_LOOP ( 'NONE', ( #2644, #3994, #3213, #4398 ) ) ;
#1297 = DIRECTION ( 'NONE',  ( 0.0000000000000000000, 0.0000000000000000000, 1.000000000000000000 ) ) ;
#1298 =( NAMED_UNIT ( * ) SI_UNIT ( $, .STERADIAN. ) SOLID_ANGLE_UNIT ( ) );
#1300 = EDGE_LOOP ( 'NONE', ( #1041, #3072, #774, #4183 ) ) ;
#1299 = LINE ( 'NONE', #1329, #763 ) ;
#1301 = ORIENTED_EDGE ( 'NONE', *, *, #4897, .F. ) ;
#1302 = COLOUR_RGB ( '',1.000000000000000000, 1.000000000000000000, 1.000000000000000000 ) ;
#1303 = SURFACE_SIDE_STYLE ('',( #3412 ) ) ;
#1304 =( LENGTH_UNIT ( ) NAMED_UNIT ( * ) SI_UNIT ( .MILLI., .METRE. ) );
#1305 = CARTESIAN_POINT ( 'NONE',  ( 0.2752739080961429941, 0.9002679561381129458, 0.7500000000000000000 ) ) ;
#1306 = VERTEX_POINT ( 'NONE', #1701 ) ;
#1307 = EDGE_CURVE ( 'NONE', #1668, #3939, #2034, .T. ) ;
#1308 = PRESENTATION_LAYER_ASSIGNMENT (  '', '', ( #530 ) ) ;
#1309 = FACE_OUTER_BOUND ( 'NONE', #2632, .T. ) ;
#1310 = CARTESIAN_POINT ( 'NONE',  ( 0.3496256109868899897, 0.7116536907667639911, 0.7500000000000000000 ) ) ;
#1311 =( LENGTH_UNIT ( ) NAMED_UNIT ( * ) SI_UNIT ( .MILLI., .METRE. ) );
#1312 = VECTOR ( 'NONE', #3211, 1000.000000000000000 ) ;
#1313 = CARTESIAN_POINT ( 'NONE',  ( -0.4170820393130334480, 0.8341640786260667850, 0.5841640786260677842 ) ) ;
#1314 = ORIENTED_EDGE ( 'NONE', *, *, #1735, .T. ) ;
#1315 = CARTESIAN_POINT ( 'NONE',  ( -0.4170820393130335035, -1.021556368853114120E-16, 0.5841640786260677842 ) ) ;
#1316 = ORIENTED_EDGE ( 'NONE', *, *, #1491, .T. ) ;
#1317 = AXIS2_PLACEMENT_3D ( 'NONE', #2788, #2846, #2444 ) ;
#1318 = DIRECTION ( 'NONE',  ( 0.0000000000000000000, 0.0000000000000000000, -1.000000000000000000 ) ) ;
#1319 = CARTESIAN_POINT ( 'NONE',  ( 1.000000000000000000, 0.3250000000000000666, 0.08999999999999999667 ) ) ;
#1320 = FILL_AREA_STYLE ('',( #3856 ) ) ;
#1321 = UNCERTAINTY_MEASURE_WITH_UNIT (LENGTH_MEASURE( 1.000000000000000082E-05 ), #4109, 'distance_accuracy_value', 'NONE');
#1322 = ORIENTED_EDGE ( 'NONE', *, *, #3593, .T. ) ;
#1323 = AXIS2_PLACEMENT_3D ( 'NONE', #2518, #3420, #2436 ) ;
#1324 = ADVANCED_FACE ( 'NONE', ( #4991 ), #5295, .T. ) ;
#1325 =( GEOMETRIC_REPRESENTATION_CONTEXT ( 3 ) GLOBAL_UNCERTAINTY_ASSIGNED_CONTEXT ( ( #5433 ) ) GLOBAL_UNIT_ASSIGNED_CONTEXT ( ( #2228, #3151, #3986 ) ) REPRESENTATION_CONTEXT ( 'NONE', 'WORKASPACE' ) );
#1326 = CARTESIAN_POINT ( 'NONE',  ( -1.000000000000000000, -0.9999999999999991118, 0.7500000000000000000 ) ) ;
#1327 = B_SPLINE_CURVE_WITH_KNOTS ( 'NONE', 2,
 ( #2267, #636, #3136, #1451 ),
 .UNSPECIFIED., .F., .F.,
 ( 3, 1, 3 ),
 ( 0.0000000000000000000, 4.293706534927268413E-05, 8.587413069854536827E-05 ),
 .UNSPECIFIED. ) ;
#1328 = FILL_AREA_STYLE ('',( #3466 ) ) ;
#1330 = EDGE_LOOP ( 'NONE', ( #1006, #2131, #5222, #3904, #1827, #244, #2898, #3780, #1802, #1868, #5389 ) ) ;
#1329 = CARTESIAN_POINT ( 'NONE',  ( 1.000000000000000000, 0.9999999999999988898, 0.0000000000000000000 ) ) ;
#1331 = UNCERTAINTY_MEASURE_WITH_UNIT (LENGTH_MEASURE( 1.000000000000000082E-05 ), #4677, 'distance_accuracy_value', 'NONE');
#1332 = PRESENTATION_STYLE_ASSIGNMENT (( #5182 ) ) ;
#1333 = ORIENTED_EDGE ( 'NONE', *, *, #4184, .T. ) ;
#1334 = STYLED_ITEM ( 'NONE', ( #4317 ), #4865 ) ;
#1335 = CARTESIAN_POINT ( 'NONE',  ( 1.000000000000000000, -0.3250000000000000666, 0.08999999999999999667 ) ) ;
#1336 = COLOUR_RGB ( '',1.000000000000000000, 1.000000000000000000, 1.000000000000000000 ) ;
#1337 = DIRECTION ( 'NONE',  ( 0.0000000000000000000, -0.0000000000000000000, 1.000000000000000000 ) ) ;
#1338 = LINE ( 'NONE', #2125, #874 ) ;
#1339 = ORIENTED_EDGE ( 'NONE', *, *, #4500, .T. ) ;
#1340 = PLANE ( 'NONE',  #2774 ) ;
#1341 = DIRECTION ( 'NONE',  ( -1.000000000000000000, -0.0000000000000000000, -0.0000000000000000000 ) ) ;
#1342 = DIRECTION ( 'NONE',  ( -0.7071067811865474617, -0.7071067811865475727, 0.0000000000000000000 ) ) ;
#1343 = ORIENTED_EDGE ( 'NONE', *, *, #2211, .F. ) ;
#1344 = CARTESIAN_POINT ( 'NONE',  ( 0.4170820393130335590, -0.8341640786260667850, 0.5841640786260677842 ) ) ;
#1345 = EDGE_LOOP ( 'NONE', ( #659, #2871, #4968, #5246 ) ) ;
#1346 = CARTESIAN_POINT ( 'NONE',  ( -0.5036969300916539494, 0.7428530429334530005, 0.7500000000000000000 ) ) ;
#1347 = DIRECTION ( 'NONE',  ( 0.0000000000000000000, -0.0000000000000000000, 1.000000000000000000 ) ) ;
#1348 = DIRECTION ( 'NONE',  ( 0.0000000000000000000, -1.000000000000000000, 0.0000000000000000000 ) ) ;
#1349 = EDGE_CURVE ( 'NONE', #4938, #3397, #5413, .T. ) ;
#1350 = STYLED_ITEM ( 'NONE', ( #287 ), #788 ) ;
#1351 = ORIENTED_EDGE ( 'NONE', *, *, #1735, .F. ) ;
#1352 =( GEOMETRIC_REPRESENTATION_CONTEXT ( 3 ) GLOBAL_UNCERTAINTY_ASSIGNED_CONTEXT ( ( #1331 ) ) GLOBAL_UNIT_ASSIGNED_CONTEXT ( ( #4677, #4455, #989 ) ) REPRESENTATION_CONTEXT ( 'NONE', 'WORKASPACE' ) );
#1353 = DIRECTION ( 'NONE',  ( 0.0000000000000000000, 0.0000000000000000000, 1.000000000000000000 ) ) ;
#1354 = DIRECTION ( 'NONE',  ( -0.0000000000000000000, -0.0000000000000000000, 1.000000000000000000 ) ) ;
#1355 = DIRECTION ( 'NONE',  ( 0.0000000000000000000, 0.0000000000000000000, -1.000000000000000000 ) ) ;
#1356 = ADVANCED_FACE ( 'NONE', ( #1248 ), #3698, .T. ) ;
#1357 = VERTEX_POINT ( 'NONE', #2170 ) ;
#1358 = ORIENTED_EDGE ( 'NONE', *, *, #310, .F. ) ;
#1359 = PRESENTATION_LAYER_ASSIGNMENT (  '', '', ( #2798 ) ) ;
#1360 = B_SPLINE_CURVE_WITH_KNOTS ( 'NONE', 2,
 ( #4510, #667, #4087, #3650 ),
 .UNSPECIFIED., .F., .F.,
 ( 3, 1, 3 ),
 ( 0.0000000000000000000, 4.357342614460606417E-05, 8.714685228921212833E-05 ),
 .UNSPECIFIED. ) ;
#1361 = LINE ( 'NONE', #2519, #1461 ) ;
#1362 = EDGE_CURVE ( 'NONE', #4421, #2976, #3519, .T. ) ;
#1363 = CARTESIAN_POINT ( 'NONE',  ( -0.1540210739896679948, 0.9361269518102169895, 0.7600000000000000089 ) ) ;
#1364 = VERTEX_POINT ( 'NONE', #3834 ) ;
#1365 = PRESENTATION_LAYER_ASSIGNMENT (  '', '', ( #1198 ) ) ;
#1366 = LINE ( 'NONE', #3165, #4260 ) ;
#1367 = CARTESIAN_POINT ( 'NONE',  ( -0.3707957935893930190, 0.7521723299442820698, 0.7500000000000000000 ) ) ;
#1368 = VECTOR ( 'NONE', #1026, 1000.000000000000000 ) ;
#1369 = CARTESIAN_POINT ( 'NONE',  ( 0.6854101966249679379, 1.370820393249935876, 0.7500000000000000000 ) ) ;
#1370 = B_SPLINE_CURVE_WITH_KNOTS ( 'NONE', 2,
 ( #3339, #4958, #770, #5374 ),
 .UNSPECIFIED., .F., .F.,
 ( 3, 1, 3 ),
 ( 0.0000000000000000000, 3.546826211102742865E-05, 7.093652422205485729E-05 ),
 .UNSPECIFIED. ) ;
#1371 = CARTESIAN_POINT ( 'NONE',  ( -0.5043047096793169537, 0.8690686039714240474, 0.7600000000000000089 ) ) ;
#1372 = ORIENTED_EDGE ( 'NONE', *, *, #3803, .T. ) ;
#1373 = AXIS2_PLACEMENT_3D ( 'NONE', #3119, #3090, #5315 ) ;
#1374 = PLANE ( 'NONE',  #3013 ) ;
#1375 = DIRECTION ( 'NONE',  ( 1.000000000000000000, 1.224646799147353700E-16, 0.0000000000000000000 ) ) ;
#1376 = CARTESIAN_POINT ( 'NONE',  ( 0.4513499387387241990, -0.5180188340864310126, 0.7500000000000001110 ) ) ;
#1377 = UNCERTAINTY_MEASURE_WITH_UNIT (LENGTH_MEASURE( 1.000000000000000082E-05 ), #2944, 'distance_accuracy_value', 'NONE');
#1378 = SURFACE_STYLE_USAGE ( .BOTH. , #3063 ) ;
#1379 = AXIS2_PLACEMENT_3D ( 'NONE', #1982, #5329, #3640 ) ;
#1380 = ORIENTED_EDGE ( 'NONE', *, *, #588, .F. ) ;
#1381 = EDGE_CURVE ( 'NONE', #27, #5264, #4346, .T. ) ;
#1382 = CARTESIAN_POINT ( 'NONE',  ( 0.01441556471560800044, 0.8000000000000000444, -0.01000000000000000021 ) ) ;
#1383 = CARTESIAN_POINT ( 'NONE',  ( 0.2728427897454919759, 0.6889632528273530454, 0.7550000000000000044 ) ) ;
#1385 = ORIENTED_EDGE ( 'NONE', *, *, #843, .F. ) ;
#1384 = DIRECTION ( 'NONE',  ( 0.0000000000000000000, -0.0000000000000000000, -1.000000000000000000 ) ) ;
#1386 = EDGE_LOOP ( 'NONE', ( #4040, #1380, #4358, #3098 ) ) ;
#1387 = VERTEX_POINT ( 'NONE', #454 ) ;
#1388 = CARTESIAN_POINT ( 'NONE',  ( 0.2432641831459030068, 0.6816698977753999911, 0.7500000000000000000 ) ) ;
#1389 = DIRECTION ( 'NONE',  ( 0.0000000000000000000, 1.000000000000000000, 0.0000000000000000000 ) ) ;
#1390 = CARTESIAN_POINT ( 'NONE',  ( 0.1510842790170479899, 0.8109243567516839502, 0.7550000000000000044 ) ) ;
#1391 = EDGE_LOOP ( 'NONE', ( #1035, #1550, #572, #2657 ) ) ;
#1392 = MECHANICAL_DESIGN_GEOMETRIC_PRESENTATION_REPRESENTATION (  '', ( #2378 ), #3729 ) ;
#1393 = EDGE_CURVE ( 'NONE', #1037, #5274, #2589, .T. ) ;
#1394 = CARTESIAN_POINT ( 'NONE',  ( -1.734722999999999918E-16, 0.6861269480849271352, 0.7500000000000000000 ) ) ;
#1395 = VECTOR ( 'NONE', #749, 1000.000000000000000 ) ;
#1396 = AXIS2_PLACEMENT_3D ( 'NONE', #2604, #4272, #2155 ) ;
#1397 = SURFACE_SIDE_STYLE ('',( #525 ) ) ;
#1398 =( LENGTH_UNIT ( ) NAMED_UNIT ( * ) SI_UNIT ( .MILLI., .METRE. ) );
#1399 = CARTESIAN_POINT ( 'NONE',  ( -0.4528460379238680167, 0.8378692518047340387, 0.7500000000000000000 ) ) ;
#1400 = PRESENTATION_STYLE_ASSIGNMENT (( #3377 ) ) ;
#1401 = CARTESIAN_POINT ( 'NONE',  ( -0.2724683888612028371, 0.6292826789212352390, 0.7500000000000000000 ) ) ;
#1402 = ORIENTED_EDGE ( 'NONE', *, *, #2728, .T. ) ;
#1403 = DIRECTION ( 'NONE',  ( -1.000000000000000000, -0.0000000000000000000, -0.0000000000000000000 ) ) ;
#1404 = VERTEX_POINT ( 'NONE', #3495 ) ;
#1405 =( GEOMETRIC_REPRESENTATION_CONTEXT ( 3 ) GLOBAL_UNCERTAINTY_ASSIGNED_CONTEXT ( ( #4599 ) ) GLOBAL_UNIT_ASSIGNED_CONTEXT ( ( #2992, #1278, #4716 ) ) REPRESENTATION_CONTEXT ( 'NONE', 'WORKASPACE' ) );
#1406 = DIRECTION ( 'NONE',  ( 0.0000000000000000000, -0.0000000000000000000, 1.000000000000000000 ) ) ;
#1407 = CARTESIAN_POINT ( 'NONE',  ( 0.2728427897454919759, 0.6889632528273530454, 0.7600000000000000089 ) ) ;
#1408 = ORIENTED_EDGE ( 'NONE', *, *, #4658, .T. ) ;
#1409 = VECTOR ( 'NONE', #3554, 1000.000000000000000 ) ;
#1410 = DIRECTION ( 'NONE',  ( 1.000000000000000000, 0.0000000000000000000, -0.0000000000000000000 ) ) ;
#1411 = VERTEX_POINT ( 'NONE', #1326 ) ;
#1412 =( GEOMETRIC_REPRESENTATION_CONTEXT ( 3 ) GLOBAL_UNCERTAINTY_ASSIGNED_CONTEXT ( ( #5039 ) ) GLOBAL_UNIT_ASSIGNED_CONTEXT ( ( #257, #1519, #3770 ) ) REPRESENTATION_CONTEXT ( 'NONE', 'WORKASPACE' ) );
#1413 = DIRECTION ( 'NONE',  ( 1.000000000000000000, 0.0000000000000000000, 0.0000000000000000000 ) ) ;
#1414 = ORIENTED_EDGE ( 'NONE', *, *, #2823, .F. ) ;
#1415 = EDGE_CURVE ( 'NONE', #1276, #4682, #57, .T. ) ;
#1416 = DIRECTION ( 'NONE',  ( -1.000000000000000000, 0.0000000000000000000, 0.0000000000000000000 ) ) ;
#1417 = SURFACE_STYLE_FILL_AREA ( #5271 ) ;
#1418 = FILL_AREA_STYLE_COLOUR ( '', #29 ) ;
#1419 = EDGE_CURVE ( 'NONE', #4444, #519, #1747, .T. ) ;
#1420 = VERTEX_POINT ( 'NONE', #3066 ) ;
#1421 = ADVANCED_FACE ( 'NONE', ( #30 ), #2195, .T. ) ;
#1422 =( LENGTH_UNIT ( ) NAMED_UNIT ( * ) SI_UNIT ( .MILLI., .METRE. ) );
#1423 = CARTESIAN_POINT ( 'NONE',  ( 0.2039611031437099931, 0.6816698977753999911, 0.7500000000000000000 ) ) ;
#1424 = SURFACE_STYLE_FILL_AREA ( #4003 ) ;
#1425 = ADVANCED_FACE ( 'NONE', ( #4315 ), #3041, .T. ) ;
#1426 = DIRECTION ( 'NONE',  ( -1.000000000000000000, -0.0000000000000000000, 0.0000000000000000000 ) ) ;
#1427 = ORIENTED_EDGE ( 'NONE', *, *, #1362, .T. ) ;
#1428 = EDGE_LOOP ( 'NONE', ( #4249, #1434, #5509, #1792 ) ) ;
#1429 = LINE ( 'NONE', #4819, #1368 ) ;
#1430 = B_SPLINE_SURFACE_WITH_KNOTS ( 'NONE', 2, 1, ( 
 ( #2469, #4156 ),
 ( #3350, #358 ),
 ( #3298, #2058 ),
 ( #4229, #5070 ) ),
 .UNSPECIFIED., .F., .F., .F.,
 ( 3, 1, 3 ),
 ( 2, 2 ),
 ( -2.000000000000000000, -1.000000000000000000, 0.0000000000000000000 ),
 ( 0.0000000000000000000, 0.001000000000000000021 ),
 .UNSPECIFIED. ) ;
#1431 =( NAMED_UNIT ( * ) SI_UNIT ( $, .STERADIAN. ) SOLID_ANGLE_UNIT ( ) );
#1432 = CARTESIAN_POINT ( 'NONE',  ( -0.6187806312886120486, -0.2957643688013765759, 0.7500000000000004441 ) ) ;
#1433 = B_SPLINE_CURVE_WITH_KNOTS ( 'NONE', 2,
 ( #1257, #4689, #400, #2568 ),
 .UNSPECIFIED., .F., .F.,
 ( 3, 1, 3 ),
 ( 0.0000000000000000000, 3.546826211102742865E-05, 7.093652422205485729E-05 ),
 .UNSPECIFIED. ) ;
#1434 = ORIENTED_EDGE ( 'NONE', *, *, #3171, .T. ) ;
#1435 = AXIS2_PLACEMENT_3D ( 'NONE', #4086, #2828, #4481 ) ;
#1436 = SURFACE_STYLE_FILL_AREA ( #1811 ) ;
#1437 = CARTESIAN_POINT ( 'NONE',  ( 0.6500000000000001332, 0.3250000000000000666, 0.0000000000000000000 ) ) ;
#1438 = DIRECTION ( 'NONE',  ( 1.000000000000000000, 0.0000000000000000000, -0.0000000000000000000 ) ) ;
#1439 = COLOUR_RGB ( '',1.000000000000000000, 1.000000000000000000, 1.000000000000000000 ) ;
#1441 = ORIENTED_EDGE ( 'NONE', *, *, #2246, .F. ) ;
#1440 = SURFACE_SIDE_STYLE ('',( #1495 ) ) ;
#1442 = UNCERTAINTY_MEASURE_WITH_UNIT (LENGTH_MEASURE( 1.000000000000000082E-05 ), #3433, 'distance_accuracy_value', 'NONE');
#1443 = CARTESIAN_POINT ( 'NONE',  ( -0.4457552760678020198, 0.7104381315914379824, 0.7500000000000000000 ) ) ;
#1444 = ORIENTED_EDGE ( 'NONE', *, *, #280, .T. ) ;
#1445 = LINE ( 'NONE', #5269, #4567 ) ;
#1446 = DIRECTION ( 'NONE',  ( 0.0000000000000000000, 1.000000000000000000, -0.0000000000000000000 ) ) ;
#1447 = CARTESIAN_POINT ( 'NONE',  ( 0.3496256109868899342, 0.8791982637658030120, 0.7500000000000001110 ) ) ;
#1448 =( GEOMETRIC_REPRESENTATION_CONTEXT ( 3 ) GLOBAL_UNCERTAINTY_ASSIGNED_CONTEXT ( ( #2287 ) ) GLOBAL_UNIT_ASSIGNED_CONTEXT ( ( #2365, #4831, #3695 ) ) REPRESENTATION_CONTEXT ( 'NONE', 'WORKASPACE' ) );
#1449 = CARTESIAN_POINT ( 'NONE',  ( 0.4170820392651943820, 0.0000000000000000000, 0.5841640786499873172 ) ) ;
#1450 = EDGE_LOOP ( 'NONE', ( #2465, #4783, #992, #635 ) ) ;
#1451 = CARTESIAN_POINT ( 'NONE',  ( -0.4265089224584809879, 0.7104381315914379824, 0.7600000000000000089 ) ) ;
#1452 = EDGE_CURVE ( 'NONE', #781, #3445, #2560, .T. ) ;
#1453 = PRESENTATION_STYLE_ASSIGNMENT (( #666 ) ) ;
#1454 = DIRECTION ( 'NONE',  ( -0.0000000000000000000, 0.0000000000000000000, 1.000000000000000000 ) ) ;
#1455 = ORIENTED_EDGE ( 'NONE', *, *, #1833, .T. ) ;
#1456 = CARTESIAN_POINT ( 'NONE',  ( 0.2809465175809949811, 0.9314673083048029545, 0.7500000000000000000 ) ) ;
#1457 = ORIENTED_EDGE ( 'NONE', *, *, #3242, .F. ) ;
#1458 =( LENGTH_UNIT ( ) NAMED_UNIT ( * ) SI_UNIT ( .MILLI., .METRE. ) );
#1459 = CARTESIAN_POINT ( 'NONE',  ( -0.4410956325623880403, 0.9118157683037061423, 0.7500000000000000000 ) ) ;
#1460 = VERTEX_POINT ( 'NONE', #5262 ) ;
#1461 = VECTOR ( 'NONE', #3527, 1000.000000000000000 ) ;
#1462 = B_SPLINE_CURVE_WITH_KNOTS ( 'NONE', 2,
 ( #604, #633, #1952, #4943 ),
 .UNSPECIFIED., .F., .F.,
 ( 3, 1, 3 ),
 ( 0.0000000000000000000, 2.427763188764342785E-05, 4.855526377528685569E-05 ),
 .UNSPECIFIED. ) ;
#1463 = EDGE_CURVE ( 'NONE', #955, #3152, #2792, .T. ) ;
#1464 = CARTESIAN_POINT ( 'NONE',  ( -0.3975380954465550509, 0.9118157683037061423, 0.7500000000000000000 ) ) ;
#1465 = FILL_AREA_STYLE_COLOUR ( '', #1770 ) ;
#1466 = VECTOR ( 'NONE', #2397, 1000.000000000000000 ) ;
#1467 = FILL_AREA_STYLE_COLOUR ( '', #1302 ) ;
#1468 = CARTESIAN_POINT ( 'NONE',  ( -0.4015899593643070253, 0.7904624439670380198, 0.7500000000000000000 ) ) ;
#1469 = B_SPLINE_CURVE_WITH_KNOTS ( 'NONE', 2,
 ( #3919, #2284, #3951, #175 ),
 .UNSPECIFIED., .F., .F.,
 ( 3, 1, 3 ),
 ( 0.0000000000000000000, 2.445374691185258587E-05, 4.890749382370517174E-05 ),
 .UNSPECIFIED. ) ;
#1470 = STYLED_ITEM ( 'NONE', ( #4323 ), #748 ) ;
#1471 = DIRECTION ( 'NONE',  ( 0.0000000000000000000, 0.0000000000000000000, 1.000000000000000000 ) ) ;
#1472 =( LENGTH_UNIT ( ) NAMED_UNIT ( * ) SI_UNIT ( .MILLI., .METRE. ) );
#1473 = CARTESIAN_POINT ( 'NONE',  ( 0.3060680738710570004, 0.9195143097474349769, 0.7500000000000000000 ) ) ;
#1474 = VERTEX_POINT ( 'NONE', #1437 ) ;
#1475 = SURFACE_STYLE_USAGE ( .BOTH. , #3511 ) ;
#1476 = PLANE ( 'NONE',  #2745 ) ;
#1477 = CARTESIAN_POINT ( 'NONE',  ( -0.4696612731825379750, 0.8901382963437329821, 0.7500000000000000000 ) ) ;
#1478 = CARTESIAN_POINT ( 'NONE',  ( 0.1700610526683193902, 0.6644022207600119856, 0.7500000000000000000 ) ) ;
#1479 = ORIENTED_EDGE ( 'NONE', *, *, #1521, .F. ) ;
#1480 = EDGE_CURVE ( 'NONE', #1404, #3778, #4045, .T. ) ;
#1481 = PRESENTATION_LAYER_ASSIGNMENT (  '', '', ( #2295 ) ) ;
#1482 = CARTESIAN_POINT ( 'NONE',  ( 0.2728427897454919759, 0.9341010198513409746, 0.7600000000000000089 ) ) ;
#1483 = ORIENTED_EDGE ( 'NONE', *, *, #2765, .F. ) ;
#1484 = CARTESIAN_POINT ( 'NONE',  ( -0.6500000000000001332, 0.3250000000000000666, -0.01000000000000000021 ) ) ;
#1485 = CARTESIAN_POINT ( 'NONE',  ( 0.1634424639661910261, 0.7481204660265301509, 0.7600000000000000089 ) ) ;
#1486 = CARTESIAN_POINT ( 'NONE',  ( -0.4180000082312019805, 0.9118157683037061423, 0.7500000000000000000 ) ) ;
#1487 = COLOUR_RGB ( '',1.000000000000000000, 1.000000000000000000, 1.000000000000000000 ) ;
#1488 =( GEOMETRIC_REPRESENTATION_CONTEXT ( 3 ) GLOBAL_UNCERTAINTY_ASSIGNED_CONTEXT ( ( #4099 ) ) GLOBAL_UNIT_ASSIGNED_CONTEXT ( ( #4142, #2069, #737 ) ) REPRESENTATION_CONTEXT ( 'NONE', 'WORKASPACE' ) );
#1489 = DIRECTION ( 'NONE',  ( 0.0000000000000000000, 0.0000000000000000000, -1.000000000000000000 ) ) ;
#1490 = ORIENTED_EDGE ( 'NONE', *, *, #4912, .F. ) ;
#1491 = EDGE_CURVE ( 'NONE', #554, #983, #4410, .T. ) ;
#1492 = CARTESIAN_POINT ( 'NONE',  ( 0.02142463364898800071, 0.9065483452106281037, 0.7600000000000000089 ) ) ;
#1493 = STYLED_ITEM ( 'NONE', ( #617 ), #3484 ) ;
#1494 = CARTESIAN_POINT ( 'NONE',  ( -0.4801961193686929974, 0.8155840002570989844, 0.7600000000000000089 ) ) ;
#1495 = SURFACE_STYLE_FILL_AREA ( #5352 ) ;
#1496 = ORIENTED_EDGE ( 'NONE', *, *, #1090, .T. ) ;
#1497 =( GEOMETRIC_REPRESENTATION_CONTEXT ( 3 ) GLOBAL_UNCERTAINTY_ASSIGNED_CONTEXT ( ( #2001 ) ) GLOBAL_UNIT_ASSIGNED_CONTEXT ( ( #3526, #124, #2680 ) ) REPRESENTATION_CONTEXT ( 'NONE', 'WORKASPACE' ) );
#1498 = EDGE_CURVE ( 'NONE', #1689, #3427, #1580, .T. ) ;
#1499 = DIRECTION ( 'NONE',  ( -0.0000000000000000000, -1.000000000000000000, -0.0000000000000000000 ) ) ;
#1501 = VERTEX_POINT ( 'NONE', #3124 ) ;
#1500 = CARTESIAN_POINT ( 'NONE',  ( -0.5061280484423049675, 0.7011188445806090241, 0.7600000000000000089 ) ) ;
#1502 = CARTESIAN_POINT ( 'NONE',  ( 0.2862139406740730196, 0.7280637396336590017, 0.7500000000000000000 ) ) ;
#1503 = ORIENTED_EDGE ( 'NONE', *, *, #2575, .F. ) ;
#1504 = CARTESIAN_POINT ( 'NONE',  ( -0.5061280484423049675, 0.7428530429334530005, 0.7500000000000000000 ) ) ;
#1505 = MECHANICAL_DESIGN_GEOMETRIC_PRESENTATION_REPRESENTATION (  '', ( #3036 ), #1325 ) ;
#1506 = FILL_AREA_STYLE_COLOUR ( '', #1439 ) ;
#1507 = LINE ( 'NONE', #4950, #707 ) ;
#1508 = FILL_AREA_STYLE_COLOUR ( '', #218 ) ;
#1509 = CARTESIAN_POINT ( 'NONE',  ( -0.3372008218743989261, 0.5973039032871546583, 0.7500000000000001110 ) ) ;
#1510 = ORIENTED_EDGE ( 'NONE', *, *, #147, .F. ) ;
#1511 = COLOUR_RGB ( '',1.000000000000000000, 1.000000000000000000, 1.000000000000000000 ) ;
#1512 = SURFACE_SIDE_STYLE ('',( #1538 ) ) ;
#1513 = EDGE_LOOP ( 'NONE', ( #4485, #4312, #1929, #3839 ) ) ;
#1514 = SURFACE_STYLE_FILL_AREA ( #5472 ) ;
#1515 = SURFACE_STYLE_USAGE ( .BOTH. , #250 ) ;
#1516 = DIRECTION ( 'NONE',  ( 1.000000000000000000, 0.0000000000000000000, -0.0000000000000000000 ) ) ;
#1517 = DIRECTION ( 'NONE',  ( 1.000000000000000000, -0.0000000000000000000, 0.0000000000000000000 ) ) ;
#1518 = ORIENTED_EDGE ( 'NONE', *, *, #1498, .T. ) ;
#1519 =( NAMED_UNIT ( * ) PLANE_ANGLE_UNIT ( ) SI_UNIT ( $, .RADIAN. ) );
#1520 = DIRECTION ( 'NONE',  ( 0.0000000000000000000, 0.0000000000000000000, 1.000000000000000000 ) ) ;
#1521 = EDGE_CURVE ( 'NONE', #3538, #4945, #1839, .T. ) ;
#1522 = PLANE ( 'NONE',  #5311 ) ;
#1523 = VERTEX_POINT ( 'NONE', #2363 ) ;
#1524 = EDGE_CURVE ( 'NONE', #5455, #3932, #2257, .T. ) ;
#1525 = DIRECTION ( 'NONE',  ( 1.000000000000000000, 0.0000000000000000000, -0.0000000000000000000 ) ) ;
#1526 =( NAMED_UNIT ( * ) SI_UNIT ( $, .STERADIAN. ) SOLID_ANGLE_UNIT ( ) );
#1527 = ORIENTED_EDGE ( 'NONE', *, *, #4013, .F. ) ;
#1528 =( GEOMETRIC_REPRESENTATION_CONTEXT ( 3 ) GLOBAL_UNCERTAINTY_ASSIGNED_CONTEXT ( ( #3193 ) ) GLOBAL_UNIT_ASSIGNED_CONTEXT ( ( #4505, #4528, #1526 ) ) REPRESENTATION_CONTEXT ( 'NONE', 'WORKASPACE' ) );
#1529 = DIRECTION ( 'NONE',  ( -0.0000000000000000000, 0.0000000000000000000, 1.000000000000000000 ) ) ;
#1530 = DIRECTION ( 'NONE',  ( 0.0000000000000000000, 1.000000000000000000, 0.0000000000000000000 ) ) ;
#1531 = EDGE_CURVE ( 'NONE', #1683, #862, #3864, .T. ) ;
#1532 = CARTESIAN_POINT ( 'NONE',  ( -0.2690940092538209871, 0.9361269518102169895, 0.7500000000000000000 ) ) ;
#1533 = CARTESIAN_POINT ( 'NONE',  ( 0.2286774730419960100, 0.9122209546954810344, 0.7500000000000000000 ) ) ;
#1534 = PRESENTATION_STYLE_ASSIGNMENT (( #1075 ) ) ;
#1535 = FILL_AREA_STYLE ('',( #5467 ) ) ;
#1536 = ORIENTED_EDGE ( 'NONE', *, *, #4223, .F. ) ;
#1537 = AXIS2_PLACEMENT_3D ( 'NONE', #5394, #4060, #4537 ) ;
#1538 = SURFACE_STYLE_FILL_AREA ( #696 ) ;
#1539 = DIRECTION ( 'NONE',  ( 0.0000000000000000000, -1.000000000000000000, -0.0000000000000000000 ) ) ;
#1540 = CARTESIAN_POINT ( 'NONE',  ( 1.000000000000000000, 0.9999999999999991118, 0.0000000000000000000 ) ) ;
#1541 = DIRECTION ( 'NONE',  ( 1.000000000000000000, 0.0000000000000000000, -0.0000000000000000000 ) ) ;
#1542 = MECHANICAL_DESIGN_GEOMETRIC_PRESENTATION_REPRESENTATION (  '', ( #1198 ), #307 ) ;
#1543 = CARTESIAN_POINT ( 'NONE',  ( -1.734722999999999918E-16, 0.6861269480849271352, 0.7500000000000000000 ) ) ;
#1544 = DIRECTION ( 'NONE',  ( 0.0000000000000000000, 0.0000000000000000000, 1.000000000000000000 ) ) ;
#1545 = ORIENTED_EDGE ( 'NONE', *, *, #1197, .F. ) ;
#1546 = CARTESIAN_POINT ( 'NONE',  ( 0.1510842790170479899, 0.8109243567516839502, 0.7500000000000000000 ) ) ;
#1547 = CARTESIAN_POINT ( 'NONE',  ( 0.2288800662378840112, 0.9405840021197440226, 0.7500000000000000000 ) ) ;
#1548 = UNCERTAINTY_MEASURE_WITH_UNIT (LENGTH_MEASURE( 1.000000000000000082E-05 ), #1650, 'distance_accuracy_value', 'NONE');
#1549 = VECTOR ( 'NONE', #4221, 1000.000000000000000 ) ;
#1550 = ORIENTED_EDGE ( 'NONE', *, *, #2414, .F. ) ;
#1551 = EDGE_CURVE ( 'NONE', #4539, #4627, #3207, .T. ) ;
#1552 = PRESENTATION_LAYER_ASSIGNMENT (  '', '', ( #3264 ) ) ;
#1553 = PLANE ( 'NONE',  #4032 ) ;
#1554 = PLANE ( 'NONE',  #5062 ) ;
#1555 = FACE_OUTER_BOUND ( 'NONE', #288, .T. ) ;
#1556 = VERTEX_POINT ( 'NONE', #4098 ) ;
#1557 = ADVANCED_FACE ( 'NONE', ( #4907 ), #1033, .T. ) ;
#1558 = VECTOR ( 'NONE', #2775, 1000.000000000000000 ) ;
#1559 = DIRECTION ( 'NONE',  ( -1.000000000000000000, -0.0000000000000000000, -0.0000000000000000000 ) ) ;
#1560 = DIRECTION ( 'NONE',  ( 0.0000000000000000000, 1.000000000000000000, -0.0000000000000000000 ) ) ;
#1561 = SURFACE_SIDE_STYLE ('',( #3279 ) ) ;
#1562 = CARTESIAN_POINT ( 'NONE',  ( 0.3496256109868899897, 0.6861269480849271352, 0.7500000000000000000 ) ) ;
#1563 = DIRECTION ( 'NONE',  ( 0.0000000000000000000, -1.000000000000000000, 0.0000000000000000000 ) ) ;
#1564 = DIRECTION ( 'NONE',  ( 1.000000000000000000, 0.0000000000000000000, -0.0000000000000000000 ) ) ;
#1565 = DIRECTION ( 'NONE',  ( 0.0000000000000000000, -0.0000000000000000000, -1.000000000000000000 ) ) ;
#1566 = VERTEX_POINT ( 'NONE', #4963 ) ;
#1567 = ADVANCED_FACE ( 'NONE', ( #2672 ), #4809, .T. ) ;
#1568 =( NAMED_UNIT ( * ) SI_UNIT ( $, .STERADIAN. ) SOLID_ANGLE_UNIT ( ) );
#1569 = FACE_OUTER_BOUND ( 'NONE', #1767, .T. ) ;
#1570 = FACE_OUTER_BOUND ( 'NONE', #4101, .T. ) ;
#1571 = FILL_AREA_STYLE ('',( #3792 ) ) ;
#1572 = CARTESIAN_POINT ( 'NONE',  ( 0.1164408425202699965, 0.8109243567516839502, 0.7500000000000000000 ) ) ;
#1573 = ORIENTED_EDGE ( 'NONE', *, *, #2658, .F. ) ;
#1574 = VECTOR ( 'NONE', #562, 1000.000000000000000 ) ;
#1575 = DIRECTION ( 'NONE',  ( 0.0000000000000000000, 0.0000000000000000000, 1.000000000000000000 ) ) ;
#1576 = CARTESIAN_POINT ( 'NONE',  ( 0.1478427878828459940, 0.7144899955091900123, 0.7500000000000000000 ) ) ;
#1577 = FILL_AREA_STYLE ('',( #4984 ) ) ;
#1578 = ORIENTED_EDGE ( 'NONE', *, *, #4080, .F. ) ;
#1579 = COLOUR_RGB ( '',1.000000000000000000, 1.000000000000000000, 1.000000000000000000 ) ;
#1580 = B_SPLINE_CURVE_WITH_KNOTS ( 'NONE', 2,
 ( #1921, #5351, #1494, #142 ),
 .UNSPECIFIED., .F., .F.,
 ( 3, 1, 3 ),
 ( 0.0000000000000000000, 2.372923906409484736E-05, 4.745847812818969471E-05 ),
 .UNSPECIFIED. ) ;
#1581 = CARTESIAN_POINT ( 'NONE',  ( 0.02142463364898800418, 0.9065483452106281037, 0.7500000000000000000 ) ) ;
#1582 = FILL_AREA_STYLE_COLOUR ( '', #838 ) ;
#1583 = DIRECTION ( 'NONE',  ( 0.0000000000000000000, 0.0000000000000000000, 1.000000000000000000 ) ) ;
#1584 = ORIENTED_EDGE ( 'NONE', *, *, #2699, .T. ) ;
#1585 = AXIS2_PLACEMENT_3D ( 'NONE', #2424, #5355, #4158 ) ;
#1586 = CARTESIAN_POINT ( 'NONE',  ( 0.1634424639661910261, 0.7481204660265301509, 0.7500000000000000000 ) ) ;
#1587 = EDGE_CURVE ( 'NONE', #1523, #3028, #2495, .T. ) ;
#1588 = CARTESIAN_POINT ( 'NONE',  ( -0.3361523570926139848, 0.7807379705644329482, 0.7600000000000000089 ) ) ;
#1589 = EDGE_CURVE ( 'NONE', #879, #2782, #4152, .T. ) ;
#1590 = CARTESIAN_POINT ( 'NONE',  ( -0.4221498560106070053, 0.8091362118503520051, 0.7600000000000000089 ) ) ;
#1591 = CARTESIAN_POINT ( 'NONE',  ( 0.3950064868657099937, 0.7116536907667639911, 0.7600000000000000089 ) ) ;
#1592 = CARTESIAN_POINT ( 'NONE',  ( -0.5043047096793169537, 0.8690686039714240474, 0.7600000000000000089 ) ) ;
#1593 = VECTOR ( 'NONE', #5500, 1000.000000000000000 ) ;
#1594 = SURFACE_STYLE_FILL_AREA ( #3972 ) ;
#1595 = CARTESIAN_POINT ( 'NONE',  ( 0.2728427897454919759, 0.6889632528273530454, 0.7500000000000000000 ) ) ;
#1596 = VECTOR ( 'NONE', #1209, 1000.000000000000000 ) ;
#1597 = FACE_OUTER_BOUND ( 'NONE', #517, .T. ) ;
#1598 = CARTESIAN_POINT ( 'NONE',  ( 1.010000000000000009, -0.5000000000000000000, -0.01000000000000000021 ) ) ;
#1599 = EDGE_CURVE ( 'NONE', #278, #3510, #4618, .T. ) ;
#1600 = LINE ( 'NONE', #2438, #1088 ) ;
#1601 = CARTESIAN_POINT ( 'NONE',  ( -1.010000000000000009, 0.3250000000000000666, 0.08999999999999999667 ) ) ;
#1602 = CARTESIAN_POINT ( 'NONE',  ( -0.8249999999999999556, 0.5000000000000000000, -0.01000000000000000021 ) ) ;
#1603 = ORIENTED_EDGE ( 'NONE', *, *, #5203, .T. ) ;
#1604 = CARTESIAN_POINT ( 'NONE',  ( 0.2675753666524139929, 0.7175288934475040348, 0.7500000000000000000 ) ) ;
#1605 = SURFACE_STYLE_FILL_AREA ( #1684 ) ;
#1606 = PLANE ( 'NONE',  #4144 ) ;
#1607 = UNCERTAINTY_MEASURE_WITH_UNIT (LENGTH_MEASURE( 1.000000000000000082E-05 ), #1304, 'distance_accuracy_value', 'NONE');
#1608 = FACE_OUTER_BOUND ( 'NONE', #1943, .T. ) ;
#1609 = ORIENTED_EDGE ( 'NONE', *, *, #520, .T. ) ;
#1610 = FACE_OUTER_BOUND ( 'NONE', #2167, .T. ) ;
#1611 = STYLED_ITEM ( 'NONE', ( #1453 ), #440 ) ;
#1612 = CARTESIAN_POINT ( 'NONE',  ( 0.1733695305646829887, 0.8864916188177570655, 0.7500000000000000000 ) ) ;
#1613 = SURFACE_STYLE_USAGE ( .BOTH. , #1173 ) ;
#1614 = VERTEX_POINT ( 'NONE', #1546 ) ;
#1615 = SURFACE_SIDE_STYLE ('',( #662 ) ) ;
#1616 = LINE ( 'NONE', #3331, #4285 ) ;
#1617 = CARTESIAN_POINT ( 'NONE',  ( -0.3499999999999999778, -0.8000000000000000444, -0.01000000000000000021 ) ) ;
#1618 = EDGE_CURVE ( 'NONE', #2606, #4413, #3717, .T. ) ;
#1619 = CARTESIAN_POINT ( 'NONE',  ( 0.3496256109868899897, 0.9020912949011019588, 0.7550000000000000044 ) ) ;
#1620 = PRESENTATION_LAYER_ASSIGNMENT (  '', '', ( #3693 ) ) ;
#1621 = PLANE ( 'NONE',  #1157 ) ;
#1622 = CARTESIAN_POINT ( 'NONE',  ( 1.000000000000000000, 0.6750000000000000444, -0.01000000000000000021 ) ) ;
#1623 = SURFACE_STYLE_USAGE ( .BOTH. , #277 ) ;
#1624 = CARTESIAN_POINT ( 'NONE',  ( 0.1164408425202699965, 0.8423263021142610718, 0.7500000000000000000 ) ) ;
#1625 = STYLED_ITEM ( 'NONE', ( #2849 ), #880 ) ;
#1626 = ORIENTED_EDGE ( 'NONE', *, *, #5107, .T. ) ;
#1627 = ADVANCED_FACE ( 'NONE', ( #2027 ), #3500, .T. ) ;
#1628 = CARTESIAN_POINT ( 'NONE',  ( -0.4696612731825379750, 0.8725126883015129620, 0.7500000000000000000 ) ) ;
#1629 = COLOUR_RGB ( '',1.000000000000000000, 1.000000000000000000, 1.000000000000000000 ) ;
#1630 = DIRECTION ( 'NONE',  ( 0.0000000000000000000, -1.000000000000000000, -0.0000000000000000000 ) ) ;
#1631 = LINE ( 'NONE', #727, #1660 ) ;
#1632 = CARTESIAN_POINT ( 'NONE',  ( 0.3499999999999999778, 0.8000000000000000444, 0.0000000000000000000 ) ) ;
#1633 = LINE ( 'NONE', #3800, #260 ) ;
#1634 = ORIENTED_EDGE ( 'NONE', *, *, #3829, .F. ) ;
#1635 = EDGE_CURVE ( 'NONE', #1364, #5429, #5197, .T. ) ;
#1636 = CARTESIAN_POINT ( 'NONE',  ( 0.1510842790170479899, 0.8350329470623080175, 0.7500000000000000000 ) ) ;
#1637 = CARTESIAN_POINT ( 'NONE',  ( -0.3707957935893930190, 0.7671642264399639588, 0.7600000000000000089 ) ) ;
#1638 = ORIENTED_EDGE ( 'NONE', *, *, #3477, .T. ) ;
#1639 = B_SPLINE_CURVE_WITH_KNOTS ( 'NONE', 2,
 ( #3582, #5296, #2738, #4552 ),
 .UNSPECIFIED., .F., .F.,
 ( 3, 1, 3 ),
 ( 0.0000000000000000000, 3.922698481667355702E-05, 7.845396963334711404E-05 ),
 .UNSPECIFIED. ) ;
#1640 = PRESENTATION_LAYER_ASSIGNMENT (  '', '', ( #4701 ) ) ;
#1641 =( LENGTH_UNIT ( ) NAMED_UNIT ( * ) SI_UNIT ( .MILLI., .METRE. ) );
#1642 = LINE ( 'NONE', #1335, #1860 ) ;
#1643 = FILL_AREA_STYLE_COLOUR ( '', #4495 ) ;
#1644 = DIRECTION ( 'NONE',  ( 0.0000000000000000000, 0.0000000000000000000, 1.000000000000000000 ) ) ;
#1645 = CARTESIAN_POINT ( 'NONE',  ( -0.4696612731825379750, 0.8725126883015129620, 0.7600000000000000089 ) ) ;
#1646 = AXIS2_PLACEMENT_3D ( 'NONE', #1071, #4584, #2041 ) ;
#1647 = FILL_AREA_STYLE ('',( #1731 ) ) ;
#1648 = FILL_AREA_STYLE ('',( #769 ) ) ;
#1649 = DIRECTION ( 'NONE',  ( 0.0000000000000000000, -0.0000000000000000000, -1.000000000000000000 ) ) ;
#1650 =( LENGTH_UNIT ( ) NAMED_UNIT ( * ) SI_UNIT ( .MILLI., .METRE. ) );
#1651 = ADVANCED_FACE ( 'NONE', ( #1773 ), #913, .T. ) ;
#1652 = DIRECTION ( 'NONE',  ( 0.0000000000000000000, 0.0000000000000000000, -1.000000000000000000 ) ) ;
#1653 = EDGE_LOOP ( 'NONE', ( #5061, #3498, #5076, #4130, #587, #4734 ) ) ;
#1654 = FACE_OUTER_BOUND ( 'NONE', #4470, .T. ) ;
#1655 = DIRECTION ( 'NONE',  ( 1.000000000000000000, 0.0000000000000000000, 0.0000000000000000000 ) ) ;
#1656 = SURFACE_SIDE_STYLE ('',( #2083 ) ) ;
#1657 = CARTESIAN_POINT ( 'NONE',  ( 0.2635235027346620740, 0.9369373245937679950, 0.7600000000000000089 ) ) ;
#1658 = UNCERTAINTY_MEASURE_WITH_UNIT (LENGTH_MEASURE( 1.000000000000000082E-05 ), #3032, 'distance_accuracy_value', 'NONE');
#1659 = EDGE_CURVE ( 'NONE', #2599, #4104, #4306, .T. ) ;
#1660 = VECTOR ( 'NONE', #831, 1000.000000000000000 ) ;
#1661 = CARTESIAN_POINT ( 'NONE',  ( 0.2997876847985420090, 0.7390037722115889718, 0.7600000000000000089 ) ) ;
#1662 = ORIENTED_EDGE ( 'NONE', *, *, #3654, .T. ) ;
#1663 = COLOUR_RGB ( '',1.000000000000000000, 1.000000000000000000, 1.000000000000000000 ) ;
#1664 = MECHANICAL_DESIGN_GEOMETRIC_PRESENTATION_REPRESENTATION (  '', ( #4107 ), #5170 ) ;
#1665 = CARTESIAN_POINT ( 'NONE',  ( 0.2282722866502210068, 0.6816698977753999911, 0.7550000000000000044 ) ) ;
#1666 = ADVANCED_FACE ( 'NONE', ( #4254 ), #830, .T. ) ;
#1667 = CARTESIAN_POINT ( 'NONE',  ( 0.3496256109868899897, 0.7116536907667639911, 0.7600000000000000089 ) ) ;
#1668 = VERTEX_POINT ( 'NONE', #5532 ) ;
#1669 = STYLED_ITEM ( 'NONE', ( #3830 ), #3373 ) ;
#1670 = ORIENTED_EDGE ( 'NONE', *, *, #4538, .F. ) ;
#1671 =( NAMED_UNIT ( * ) SI_UNIT ( $, .STERADIAN. ) SOLID_ANGLE_UNIT ( ) );
#1672 =( GEOMETRIC_REPRESENTATION_CONTEXT ( 3 ) GLOBAL_UNCERTAINTY_ASSIGNED_CONTEXT ( ( #121 ) ) GLOBAL_UNIT_ASSIGNED_CONTEXT ( ( #2371, #3642, #4529 ) ) REPRESENTATION_CONTEXT ( 'NONE', 'WORKASPACE' ) );
#1673 = ORIENTED_EDGE ( 'NONE', *, *, #3117, .F. ) ;
#1674 = PLANE ( 'NONE',  #375 ) ;
#1675 = SURFACE_STYLE_USAGE ( .BOTH. , #3474 ) ;
#1676 = FILL_AREA_STYLE ('',( #4267 ) ) ;
#1677 = PRESENTATION_LAYER_ASSIGNMENT (  '', '', ( #439 ) ) ;
#1678 = FACE_OUTER_BOUND ( 'NONE', #2908, .T. ) ;
#1679 = SURFACE_SIDE_STYLE ('',( #1417 ) ) ;
#1680 =( NAMED_UNIT ( * ) SI_UNIT ( $, .STERADIAN. ) SOLID_ANGLE_UNIT ( ) );
#1681 = CARTESIAN_POINT ( 'NONE',  ( 1.000000000000000000, 0.3250000000000000111, 0.0000000000000000000 ) ) ;
#1682 = VERTEX_POINT ( 'NONE', #1685 ) ;
#1683 = VERTEX_POINT ( 'NONE', #1712 ) ;
#1684 = FILL_AREA_STYLE ('',( #3824 ) ) ;
#1685 = CARTESIAN_POINT ( 'NONE',  ( 1.000000000000000000, -0.3250000000000000111, 0.08999999999999999667 ) ) ;
#1686 = CARTESIAN_POINT ( 'NONE',  ( -0.5973039032871590992, -0.3372008218743913766, 0.7500000000000001110 ) ) ;
#1687 = VECTOR ( 'NONE', #3887, 1000.000000000000000 ) ;
#1688 = SURFACE_SIDE_STYLE ('',( #5536 ) ) ;
#1689 = VERTEX_POINT ( 'NONE', #885 ) ;
#1690 =( GEOMETRIC_REPRESENTATION_CONTEXT ( 3 ) GLOBAL_UNCERTAINTY_ASSIGNED_CONTEXT ( ( #4372 ) ) GLOBAL_UNIT_ASSIGNED_CONTEXT ( ( #2356, #2305, #4898 ) ) REPRESENTATION_CONTEXT ( 'NONE', 'WORKASPACE' ) );
#1691 = EDGE_CURVE ( 'NONE', #1404, #479, #5119, .T. ) ;
#1692 = FACE_OUTER_BOUND ( 'NONE', #227, .T. ) ;
#1693 = SURFACE_STYLE_FILL_AREA ( #2503 ) ;
#1694 = ORIENTED_EDGE ( 'NONE', *, *, #4767, .F. ) ;
#1695 = EDGE_LOOP ( 'NONE', ( #2003, #313, #3668, #1076 ) ) ;
#1696 = MECHANICAL_DESIGN_GEOMETRIC_PRESENTATION_REPRESENTATION (  '', ( #2500 ), #4313 ) ;
#1697 =( NAMED_UNIT ( * ) SI_UNIT ( $, .STERADIAN. ) SOLID_ANGLE_UNIT ( ) );
#1698 = B_SPLINE_CURVE_WITH_KNOTS ( 'NONE', 2,
 ( #3687, #1132, #4194, #5030 ),
 .UNSPECIFIED., .F., .F.,
 ( 3, 1, 3 ),
 ( 0.0000000000000000000, 4.256739375638955540E-05, 8.513478751277911080E-05 ),
 .UNSPECIFIED. ) ;
#1699 = CARTESIAN_POINT ( 'NONE',  ( -0.4240778041078300253, 0.6816698977753999911, 0.7500000000000000000 ) ) ;
#1700 =( NAMED_UNIT ( * ) PLANE_ANGLE_UNIT ( ) SI_UNIT ( $, .RADIAN. ) );
#1701 = CARTESIAN_POINT ( 'NONE',  ( -0.09567423357404102047, 0.9065483452106281037, 0.7600000000000000089 ) ) ;
#1702 = CLOSED_SHELL ( 'NONE', ( #5025, #4840, #2736, #3, #480, #5418, #1651, #35, #1936, #3494, #1914, #187, #1666, #1944, #3662, #2221, #340, #3447, #2800, #3974, #2391, #980, #3942, #2203, #2458, #2686, #5166, #1279, #3561, #171, #5242, #1771, #4324, #1421, #5033, #4665, #5496, #4718, #1133, #4359, #247, #2103, #825, #2446, #1324, #615, #958, #3719, #5143, #1150, #3410, #4543, #1062, #3898, #2374, #699, #4872, #812, #4021, #4687, #2039, #2416, #440, #4437, #180, #3935, #4149, #3484, #140, #5113, #2809, #897, #2323, #1229, #4492, #205, #1356, #3983, #4179, #3005, #2905, #4834, #1425, #4290, #5172, #3373, #4160, #1627, #1294, #2310, #5276, #880, #597, #5443, #3164, #5069, #2479, #691, #3529, #1567, #3111, #2935, #4650, #5464, #2527, #4904, #4865, #4724, #3795, #333, #1557, #4175, #4758, #1757, #457, #447, #987, #4352, #28, #1260, #789, #4693 ) ) ;
#1703 = EDGE_CURVE ( 'NONE', #3778, #5300, #3401, .T. ) ;
#1704 = CARTESIAN_POINT ( 'NONE',  ( -1.734722999999999918E-16, 0.3250000000000000666, 0.0000000000000000000 ) ) ;
#1705 = CARTESIAN_POINT ( 'NONE',  ( 0.6500000000000001332, 0.3250000000000000666, 0.08999999999999999667 ) ) ;
#1706 = LINE ( 'NONE', #3422, #4373 ) ;
#1707 = CARTESIAN_POINT ( 'NONE',  ( -0.4170820392651943820, 5.107781843679710107E-17, 0.5841640786499873172 ) ) ;
#1708 = ORIENTED_EDGE ( 'NONE', *, *, #4085, .T. ) ;
#1709 = MECHANICAL_DESIGN_GEOMETRIC_PRESENTATION_REPRESENTATION (  '', ( #1350 ), #4866 ) ;
#1710 = B_SPLINE_CURVE_WITH_KNOTS ( 'NONE', 2,
 ( #3625, #5344, #1485, #4192 ),
 .UNSPECIFIED., .F., .F.,
 ( 3, 1, 3 ),
 ( 0.0000000000000000000, 4.045236854300223947E-05, 8.090473708600447894E-05 ),
 .UNSPECIFIED. ) ;
#1711 = ORIENTED_EDGE ( 'NONE', *, *, #4935, .T. ) ;
#1712 = CARTESIAN_POINT ( 'NONE',  ( -0.3707957935893930190, 0.7521723299442820698, 0.7500000000000000000 ) ) ;
#1713 = SURFACE_SIDE_STYLE ('',( #3742 ) ) ;
#1714 =( NAMED_UNIT ( * ) PLANE_ANGLE_UNIT ( ) SI_UNIT ( $, .RADIAN. ) );
#1715 = UNCERTAINTY_MEASURE_WITH_UNIT (LENGTH_MEASURE( 1.000000000000000082E-05 ), #2844, 'distance_accuracy_value', 'NONE');
#1716 = FILL_AREA_STYLE ('',( #5258 ) ) ;
#1717 = ORIENTED_EDGE ( 'NONE', *, *, #2520, .F. ) ;
#1718 = CYLINDRICAL_SURFACE ( 'NONE', #5368, 0.1499999999999999667 ) ;
#1719 = FILL_AREA_STYLE ('',( #945 ) ) ;
#1720 = ORIENTED_EDGE ( 'NONE', *, *, #1808, .T. ) ;
#1721 = ORIENTED_EDGE ( 'NONE', *, *, #211, .F. ) ;
#1722 = EDGE_CURVE ( 'NONE', #4682, #3269, #4787, .T. ) ;
#1723 = ORIENTED_EDGE ( 'NONE', *, *, #1126, .T. ) ;
#1724 = DIRECTION ( 'NONE',  ( 0.0000000000000000000, 0.0000000000000000000, 1.000000000000000000 ) ) ;
#1725 =( GEOMETRIC_REPRESENTATION_CONTEXT ( 3 ) GLOBAL_UNCERTAINTY_ASSIGNED_CONTEXT ( ( #4766 ) ) GLOBAL_UNIT_ASSIGNED_CONTEXT ( ( #2928, #2445, #3741 ) ) REPRESENTATION_CONTEXT ( 'NONE', 'WORKASPACE' ) );
#1726 = FILL_AREA_STYLE ('',( #2147 ) ) ;
#1727 = PRESENTATION_STYLE_ASSIGNMENT (( #1675 ) ) ;
#1728 = VERTEX_POINT ( 'NONE', #3943 ) ;
#1729 = EDGE_CURVE ( 'NONE', #2819, #278, #84, .T. ) ;
#1730 = VECTOR ( 'NONE', #4474, 1000.000000000000000 ) ;
#1731 = FILL_AREA_STYLE_COLOUR ( '', #2408 ) ;
#1732 = STYLED_ITEM ( 'NONE', ( #5508 ), #2323 ) ;
#1733 = SURFACE_STYLE_USAGE ( .BOTH. , #1397 ) ;
#1734 =( GEOMETRIC_REPRESENTATION_CONTEXT ( 3 ) GLOBAL_UNCERTAINTY_ASSIGNED_CONTEXT ( ( #1377 ) ) GLOBAL_UNIT_ASSIGNED_CONTEXT ( ( #2944, #2516, #2571 ) ) REPRESENTATION_CONTEXT ( 'NONE', 'WORKASPACE' ) );
#1735 = EDGE_CURVE ( 'NONE', #4738, #4475, #3880, .T. ) ;
#1736 = ORIENTED_EDGE ( 'NONE', *, *, #5387, .F. ) ;
#1737 =( NAMED_UNIT ( * ) PLANE_ANGLE_UNIT ( ) SI_UNIT ( $, .RADIAN. ) );
#1738 = ORIENTED_EDGE ( 'NONE', *, *, #4471, .F. ) ;
#1739 = CARTESIAN_POINT ( 'NONE',  ( -1.010000000000000009, -0.3250000000000000666, 0.08999999999999999667 ) ) ;
#1740 = DIRECTION ( 'NONE',  ( 0.0000000000000000000, 1.000000000000000000, -0.0000000000000000000 ) ) ;
#1741 = B_SPLINE_SURFACE_WITH_KNOTS ( 'NONE', 2, 1, ( 
 ( #1094, #3995 ),
 ( #1850, #3750 ),
 ( #4209, #3700 ),
 ( #5440, #758 ) ),
 .UNSPECIFIED., .F., .F., .F.,
 ( 3, 1, 3 ),
 ( 2, 2 ),
 ( -2.000000000000000000, -1.000000000000000000, 0.0000000000000000000 ),
 ( 0.0000000000000000000, 0.001000000000000000021 ),
 .UNSPECIFIED. ) ;
#1742 = LINE ( 'NONE', #4462, #3680 ) ;
#1743 = CARTESIAN_POINT ( 'NONE',  ( 0.6854101966249681599, -0.04348985379240188909, 0.7499999999999998890 ) ) ;
#1744 = DIRECTION ( 'NONE',  ( 0.0000000000000000000, -1.000000000000000000, -0.0000000000000000000 ) ) ;
#1745 = EDGE_LOOP ( 'NONE', ( #5097, #4605, #3246, #4817 ) ) ;
#1746 = CARTESIAN_POINT ( 'NONE',  ( 0.6500000000000001332, 0.3250000000000000666, -0.01000000000000000021 ) ) ;
#1747 = LINE ( 'NONE', #90, #3791 ) ;
#1748 = AXIS2_PLACEMENT_3D ( 'NONE', #4202, #2028, #4676 ) ;
#1749 = CARTESIAN_POINT ( 'NONE',  ( 0.4012868759382259842, 0.9369373245937679950, 0.7500000000000000000 ) ) ;
#1751 = ORIENTED_EDGE ( 'NONE', *, *, #1463, .T. ) ;
#1750 = CARTESIAN_POINT ( 'NONE',  ( -0.5043047096793169537, 0.8544818938675170505, 0.7500000000000000000 ) ) ;
#1752 =( NAMED_UNIT ( * ) PLANE_ANGLE_UNIT ( ) SI_UNIT ( $, .RADIAN. ) );
#1753 = ORIENTED_EDGE ( 'NONE', *, *, #4093, .F. ) ;
#1754 = MECHANICAL_DESIGN_GEOMETRIC_PRESENTATION_REPRESENTATION (  '', ( #2295 ), #72 ) ;
#1755 = PRESENTATION_LAYER_ASSIGNMENT (  '', '', ( #3644 ) ) ;
#1756 = DIRECTION ( 'NONE',  ( 0.0000000000000000000, 0.0000000000000000000, 1.000000000000000000 ) ) ;
#1757 = ADVANCED_FACE ( 'NONE', ( #50 ), #4531, .F. ) ;
#1758 = ORIENTED_EDGE ( 'NONE', *, *, #347, .T. ) ;
#1759 = CARTESIAN_POINT ( 'NONE',  ( 0.2752739080961429941, 0.9002679561381129458, 0.7600000000000000089 ) ) ;
#1760 = VECTOR ( 'NONE', #3109, 1000.000000000000000 ) ;
#1761 = ORIENTED_EDGE ( 'NONE', *, *, #409, .T. ) ;
#1762 = CARTESIAN_POINT ( 'NONE',  ( -0.3857876900850750190, 0.8204462369584010206, 0.7600000000000000089 ) ) ;
#1763 = EDGE_CURVE ( 'NONE', #88, #578, #1429, .T. ) ;
#1764 = DIRECTION ( 'NONE',  ( -1.000000000000000000, 0.0000000000000000000, 0.0000000000000000000 ) ) ;
#1765 = DIRECTION ( 'NONE',  ( 0.0000000000000000000, -0.0000000000000000000, 1.000000000000000000 ) ) ;
#1766 = DIRECTION ( 'NONE',  ( 0.0000000000000000000, 0.0000000000000000000, 1.000000000000000000 ) ) ;
#1767 = EDGE_LOOP ( 'NONE', ( #556, #2399, #3560, #423 ) ) ;
#1768 = SURFACE_SIDE_STYLE ('',( #881 ) ) ;
#1769 = ORIENTED_EDGE ( 'NONE', *, *, #2004, .F. ) ;
#1770 = COLOUR_RGB ( '',1.000000000000000000, 1.000000000000000000, 1.000000000000000000 ) ;
#1771 = ADVANCED_FACE ( 'NONE', ( #2724, #2276, #4403, #647, #4007, #222, #560, #1080 ), #4092, .T. ) ;
#1772 = CARTESIAN_POINT ( 'NONE',  ( -0.5043047096793169537, 0.8690686039714240474, 0.7500000000000000000 ) ) ;
#1773 = FACE_OUTER_BOUND ( 'NONE', #5435, .T. ) ;
#1774 = LINE ( 'NONE', #3910, #3954 ) ;
#1775 = CARTESIAN_POINT ( 'NONE',  ( 0.2286774730419960100, 0.7104381315914379824, 0.7600000000000000089 ) ) ;
#1776 = UNCERTAINTY_MEASURE_WITH_UNIT (LENGTH_MEASURE( 1.000000000000000082E-05 ), #2942, 'distance_accuracy_value', 'NONE');
#1777 = CARTESIAN_POINT ( 'NONE',  ( -0.4202285333859649974, 0.9405840021197440226, 0.7600000000000000089 ) ) ;
#1778 = EDGE_LOOP ( 'NONE', ( #1089, #5354, #1890, #60 ) ) ;
#1779 = PRESENTATION_LAYER_ASSIGNMENT (  '', '', ( #2766 ) ) ;
#1780 =( LENGTH_UNIT ( ) NAMED_UNIT ( * ) SI_UNIT ( .MILLI., .METRE. ) );
#1781 = DIRECTION ( 'NONE',  ( -1.000000000000000000, -0.0000000000000000000, -0.0000000000000000000 ) ) ;
#1782 = CARTESIAN_POINT ( 'NONE',  ( 0.3996661303711249724, 0.9166780050050079565, 0.7500000000000000000 ) ) ;
#1784 = ORIENTED_EDGE ( 'NONE', *, *, #4801, .T. ) ;
#1783 = CARTESIAN_POINT ( 'NONE',  ( -0.4015899593643070253, 0.7904624439670380198, 0.7600000000000000089 ) ) ;
#1785 = ORIENTED_EDGE ( 'NONE', *, *, #2872, .T. ) ;
#1786 = ORIENTED_EDGE ( 'NONE', *, *, #3816, .T. ) ;
#1787 = AXIS2_PLACEMENT_3D ( 'NONE', #2274, #3596, #3172 ) ;
#1788 = DIRECTION ( 'NONE',  ( -1.000000000000000000, 0.0000000000000000000, 0.0000000000000000000 ) ) ;
#1789 =( NAMED_UNIT ( * ) PLANE_ANGLE_UNIT ( ) SI_UNIT ( $, .RADIAN. ) );
#1790 =( NAMED_UNIT ( * ) SI_UNIT ( $, .STERADIAN. ) SOLID_ANGLE_UNIT ( ) );
#1791 = LINE ( 'NONE', #4025, #2655 ) ;
#1792 = ORIENTED_EDGE ( 'NONE', *, *, #527, .F. ) ;
#1793 = AXIS2_PLACEMENT_3D ( 'NONE', #223, #276, #197 ) ;
#1794 = LINE ( 'NONE', #156, #1925 ) ;
#1795 = CARTESIAN_POINT ( 'NONE',  ( -0.3707957935893930190, 0.7333311627267361521, 0.7500000000000000000 ) ) ;
#1796 = UNCERTAINTY_MEASURE_WITH_UNIT (LENGTH_MEASURE( 1.000000000000000082E-05 ), #3375, 'distance_accuracy_value', 'NONE');
#1797 = STYLED_ITEM ( 'NONE', ( #4426 ), #333 ) ;
#1798 = CARTESIAN_POINT ( 'NONE',  ( 0.1478427878828459940, 0.7144899955091900123, 0.7500000000000000000 ) ) ;
#1799 = FILL_AREA_STYLE_COLOUR ( '', #1629 ) ;
#1800 = VERTEX_POINT ( 'NONE', #4037 ) ;
#1801 = SURFACE_STYLE_USAGE ( .BOTH. , #4064 ) ;
#1802 = ORIENTED_EDGE ( 'NONE', *, *, #1521, .T. ) ;
#1803 = AXIS2_PLACEMENT_3D ( 'NONE', #4948, #1932, #2377 ) ;
#1804 = CARTESIAN_POINT ( 'NONE',  ( 0.2282722866502210068, 0.6816698977753999911, 0.7600000000000000089 ) ) ;
#1805 = DIRECTION ( 'NONE',  ( 0.0000000000000000000, 1.000000000000000000, 0.0000000000000000000 ) ) ;
#1806 =( LENGTH_UNIT ( ) NAMED_UNIT ( * ) SI_UNIT ( .MILLI., .METRE. ) );
#1807 = ORIENTED_EDGE ( 'NONE', *, *, #36, .T. ) ;
#1808 = EDGE_CURVE ( 'NONE', #2225, #571, #538, .T. ) ;
#1809 = B_SPLINE_CURVE_WITH_KNOTS ( 'NONE', 2,
 ( #4554, #3186, #2709, #657 ),
 .UNSPECIFIED., .F., .F.,
 ( 3, 1, 3 ),
 ( 0.0000000000000000000, 4.256739375638955540E-05, 8.513478751277911080E-05 ),
 .UNSPECIFIED. ) ;
#1810 = COLOUR_RGB ( '',1.000000000000000000, 1.000000000000000000, 1.000000000000000000 ) ;
#1811 = FILL_AREA_STYLE ('',( #3949 ) ) ;
#1812 = CARTESIAN_POINT ( 'NONE',  ( 1.000000000000000000, 0.3250000000000000666, 0.08999999999999999667 ) ) ;
#1813 = CARTESIAN_POINT ( 'NONE',  ( -1.734722999999999918E-16, -0.3250000000000000666, 0.0000000000000000000 ) ) ;
#1814 = VERTEX_POINT ( 'NONE', #249 ) ;
#1815 = ORIENTED_EDGE ( 'NONE', *, *, #2239, .T. ) ;
#1816 = EDGE_CURVE ( 'NONE', #5357, #2569, #1053, .T. ) ;
#1817 = VERTEX_POINT ( 'NONE', #3144 ) ;
#1818 = MECHANICAL_DESIGN_GEOMETRIC_PRESENTATION_REPRESENTATION (  '', ( #2798 ), #4521 ) ;
#1820 = ORIENTED_EDGE ( 'NONE', *, *, #4793, .T. ) ;
#1819 =( LENGTH_UNIT ( ) NAMED_UNIT ( * ) SI_UNIT ( .MILLI., .METRE. ) );
#1821 = LINE ( 'NONE', #5244, #918 ) ;
#1822 = ORIENTED_EDGE ( 'NONE', *, *, #1659, .T. ) ;
#1823 = CARTESIAN_POINT ( 'NONE',  ( 0.1478427878828459940, 0.7144899955091900123, 0.7550000000000000044 ) ) ;
#1824 = SURFACE_STYLE_FILL_AREA ( #5249 ) ;
#1825 = VECTOR ( 'NONE', #1446, 1000.000000000000000 ) ;
#1826 = CARTESIAN_POINT ( 'NONE',  ( 0.1628346843785279940, 0.6980799466422950017, 0.7600000000000000089 ) ) ;
#1827 = ORIENTED_EDGE ( 'NONE', *, *, #1763, .T. ) ;
#1828 = CARTESIAN_POINT ( 'NONE',  ( 1.000000000000000000, 0.9999999999999988898, 0.0000000000000000000 ) ) ;
#1829 = EDGE_LOOP ( 'NONE', ( #233, #1314, #3614, #947 ) ) ;
#1830 = CARTESIAN_POINT ( 'NONE',  ( -1.000000000000000000, -0.6750000000000000444, 0.08999999999999999667 ) ) ;
#1831 = CARTESIAN_POINT ( 'NONE',  ( -1.734722999999999918E-16, 0.9361269518102169895, 0.7500000000000000000 ) ) ;
#1832 =( NAMED_UNIT ( * ) SI_UNIT ( $, .STERADIAN. ) SOLID_ANGLE_UNIT ( ) );
#1833 = EDGE_CURVE ( 'NONE', #381, #1069, #2513, .T. ) ;
#1834 = CARTESIAN_POINT ( 'NONE',  ( 0.4012868759382259842, 0.9369373245937679950, 0.7600000000000000089 ) ) ;
#1835 = EDGE_LOOP ( 'NONE', ( #3521, #2886, #564, #4896 ) ) ;
#1836 =( GEOMETRIC_REPRESENTATION_CONTEXT ( 3 ) GLOBAL_UNCERTAINTY_ASSIGNED_CONTEXT ( ( #4822 ) ) GLOBAL_UNIT_ASSIGNED_CONTEXT ( ( #5333, #3277, #2801 ) ) REPRESENTATION_CONTEXT ( 'NONE', 'WORKASPACE' ) );
#1837 = B_SPLINE_CURVE_WITH_KNOTS ( 'NONE', 2,
 ( #4357, #3362, #1231, #5081 ),
 .UNSPECIFIED., .F., .F.,
 ( 3, 1, 3 ),
 ( 0.0000000000000000000, 2.646215249490277823E-05, 5.292430498980555645E-05 ),
 .UNSPECIFIED. ) ;
#1838 = CARTESIAN_POINT ( 'NONE',  ( 0.2288800662378840112, 0.9405840021197440226, 0.7600000000000000089 ) ) ;
#1839 = LINE ( 'NONE', #4012, #45 ) ;
#1840 = EDGE_CURVE ( 'NONE', #2230, #3210, #3617, .T. ) ;
#1841 = CARTESIAN_POINT ( 'NONE',  ( 0.3753549468646140141, 0.9020912949011019588, 0.7600000000000000089 ) ) ;
#1843 = EDGE_LOOP ( 'NONE', ( #4157, #4648, #2780, #5283 ) ) ;
#1842 = CARTESIAN_POINT ( 'NONE',  ( -0.4131377715298999997, 0.7937039351012390442, 0.7500000000000000000 ) ) ;
#1844 = UNCERTAINTY_MEASURE_WITH_UNIT (LENGTH_MEASURE( 1.000000000000000082E-05 ), #4172, 'distance_accuracy_value', 'NONE');
#1845 = EDGE_LOOP ( 'NONE', ( #2238, #1322, #2023, #4798 ) ) ;
#1846 = B_SPLINE_SURFACE_WITH_KNOTS ( 'NONE', 2, 1, ( 
 ( #413, #534 ),
 ( #3089, #2190 ),
 ( #4818, #968 ),
 ( #1772, #4848 ) ),
 .UNSPECIFIED., .F., .F., .F.,
 ( 3, 1, 3 ),
 ( 2, 2 ),
 ( -2.000000000000000000, -1.000000000000000000, 0.0000000000000000000 ),
 ( 0.0000000000000000000, 0.001000000000000000021 ),
 .UNSPECIFIED. ) ;
#1847 = EDGE_CURVE ( 'NONE', #4248, #2808, #1710, .T. ) ;
#1849 = EDGE_LOOP ( 'NONE', ( #2627, #185, #2217, #3877 ) ) ;
#1848 = CARTESIAN_POINT ( 'NONE',  ( 0.2728427897454919759, 0.6889632528273530454, 0.7500000000000000000 ) ) ;
#1850 = CARTESIAN_POINT ( 'NONE',  ( 0.2035559167519349899, 0.9405840021197440226, 0.7500000000000000000 ) ) ;
#1851 = LINE ( 'NONE', #4506, #1941 ) ;
#1852 = ORIENTED_EDGE ( 'NONE', *, *, #622, .T. ) ;
#1853 = CIRCLE ( 'NONE', #4989, 0.2500000000000000000 ) ;
#1854 = FILL_AREA_STYLE ('',( #4479 ) ) ;
#1855 = CARTESIAN_POINT ( 'NONE',  ( -0.4265089224584809879, 0.7104381315914379824, 0.7500000000000000000 ) ) ;
#1856 = UNCERTAINTY_MEASURE_WITH_UNIT (LENGTH_MEASURE( 1.000000000000000082E-05 ), #3273, 'distance_accuracy_value', 'NONE');
#1857 = VERTEX_POINT ( 'NONE', #4067 ) ;
#1858 = COLOUR_RGB ( '',1.000000000000000000, 1.000000000000000000, 1.000000000000000000 ) ;
#1859 = ORIENTED_EDGE ( 'NONE', *, *, #2999, .T. ) ;
#1860 = VECTOR ( 'NONE', #3360, 1000.000000000000000 ) ;
#1861 = PRESENTATION_LAYER_ASSIGNMENT (  '', '', ( #4118 ) ) ;
#1862 = DIRECTION ( 'NONE',  ( 1.000000000000000000, 0.0000000000000000000, -0.0000000000000000000 ) ) ;
#1863 = SURFACE_STYLE_FILL_AREA ( #4440 ) ;
#1864 = LINE ( 'NONE', #1813, #1876 ) ;
#1866 = EDGE_LOOP ( 'NONE', ( #1402, #1333, #4381, #3037, #5343, #4700, #3385, #2355 ) ) ;
#1865 =( NAMED_UNIT ( * ) SI_UNIT ( $, .STERADIAN. ) SOLID_ANGLE_UNIT ( ) );
#1867 = MECHANICAL_DESIGN_GEOMETRIC_PRESENTATION_REPRESENTATION (  '', ( #94 ), #1155 ) ;
#1868 = ORIENTED_EDGE ( 'NONE', *, *, #305, .T. ) ;
#1869 = EDGE_CURVE ( 'NONE', #3579, #5287, #847, .T. ) ;
#1870 = STYLED_ITEM ( 'NONE', ( #3533 ), #4724 ) ;
#1871 = DIRECTION ( 'NONE',  ( 0.0000000000000000000, 1.000000000000000000, 0.0000000000000000000 ) ) ;
#1872 = CARTESIAN_POINT ( 'NONE',  ( 0.3496256109868899897, -9.146724000000000172E-17, 0.7500000000000000000 ) ) ;
#1873 = CARTESIAN_POINT ( 'NONE',  ( -0.4528460379238680167, 0.8378692518047340387, 0.7600000000000000089 ) ) ;
#1874 = LINE ( 'NONE', #5299, #2032 ) ;
#1875 = ORIENTED_EDGE ( 'NONE', *, *, #3816, .F. ) ;
#1876 = VECTOR ( 'NONE', #1438, 1000.000000000000000 ) ;
#1877 = EDGE_CURVE ( 'NONE', #2331, #951, #4592, .T. ) ;
#1878 = CARTESIAN_POINT ( 'NONE',  ( -0.6500000000000001332, -0.6750000000000000444, -0.01000000000000000021 ) ) ;
#1879 = B_SPLINE_CURVE_WITH_KNOTS ( 'NONE', 2,
 ( #803, #4620, #5501, #5067 ),
 .UNSPECIFIED., .F., .F.,
 ( 3, 1, 3 ),
 ( 0.0000000000000000000, 2.649644361651609881E-05, 5.299288723303219762E-05 ),
 .UNSPECIFIED. ) ;
#1880 = STYLED_ITEM ( 'NONE', ( #4514 ), #5113 ) ;
#1881 =( NAMED_UNIT ( * ) SI_UNIT ( $, .STERADIAN. ) SOLID_ANGLE_UNIT ( ) );
#1882 =( NAMED_UNIT ( * ) SI_UNIT ( $, .STERADIAN. ) SOLID_ANGLE_UNIT ( ) );
#1883 = CARTESIAN_POINT ( 'NONE',  ( 0.6854101966249680489, 8.393854016998626807E-17, 0.7500000000000000000 ) ) ;
#1884 = ORIENTED_EDGE ( 'NONE', *, *, #152, .T. ) ;
#1885 = EDGE_CURVE ( 'NONE', #306, #2606, #5426, .T. ) ;
#1886 = ORIENTED_EDGE ( 'NONE', *, *, #2583, .T. ) ;
#1887 = COLOUR_RGB ( '',1.000000000000000000, 1.000000000000000000, 1.000000000000000000 ) ;
#1888 = PRESENTATION_STYLE_ASSIGNMENT (( #671 ) ) ;
#1889 = CARTESIAN_POINT ( 'NONE',  ( -0.6854101966249680489, 8.393854033997251810E-17, 0.7500000000000000000 ) ) ;
#1890 = ORIENTED_EDGE ( 'NONE', *, *, #3865, .T. ) ;
#1891 = VECTOR ( 'NONE', #1341, 1000.000000000000000 ) ;
#1892 =( NAMED_UNIT ( * ) PLANE_ANGLE_UNIT ( ) SI_UNIT ( $, .RADIAN. ) );
#1893 = DIRECTION ( 'NONE',  ( 0.0000000000000000000, 0.0000000000000000000, 1.000000000000000000 ) ) ;
#1894 = B_SPLINE_CURVE_WITH_KNOTS ( 'NONE', 2,
 ( #623, #3985, #4439, #1838 ),
 .UNSPECIFIED., .F., .F.,
 ( 3, 1, 3 ),
 ( 0.0000000000000000000, 4.568120824134391268E-05, 9.136241648268782537E-05 ),
 .UNSPECIFIED. ) ;
#1895 = ORIENTED_EDGE ( 'NONE', *, *, #5203, .F. ) ;
#1896 = CARTESIAN_POINT ( 'NONE',  ( -0.4872868812247589942, 0.7274559600459959974, 0.7500000000000000000 ) ) ;
#1897 = VERTEX_POINT ( 'NONE', #1992 ) ;
#1898 = AXIS2_PLACEMENT_3D ( 'NONE', #2315, #3153, #1413 ) ;
#1899 = SURFACE_STYLE_FILL_AREA ( #3244 ) ;
#1900 = VECTOR ( 'NONE', #2138, 1000.000000000000000 ) ;
#1901 = CARTESIAN_POINT ( 'NONE',  ( 0.2989773120149910035, 0.8834527208794430431, 0.7500000000000000000 ) ) ;
#1902 = ORIENTED_EDGE ( 'NONE', *, *, #4119, .T. ) ;
#1903 = CARTESIAN_POINT ( 'NONE',  ( -0.5500000000000000444, 0.6999999999999999556, 0.7500000000000000000 ) ) ;
#1904 =( GEOMETRIC_REPRESENTATION_CONTEXT ( 3 ) GLOBAL_UNCERTAINTY_ASSIGNED_CONTEXT ( ( #679 ) ) GLOBAL_UNIT_ASSIGNED_CONTEXT ( ( #3708, #4218, #321 ) ) REPRESENTATION_CONTEXT ( 'NONE', 'WORKASPACE' ) );
#1905 = FILL_AREA_STYLE_COLOUR ( '', #4133 ) ;
#1906 = EDGE_CURVE ( 'NONE', #259, #1119, #797, .T. ) ;
#1907 = DIRECTION ( 'NONE',  ( 0.0000000000000000000, 0.0000000000000000000, 1.000000000000000000 ) ) ;
#1908 = CARTESIAN_POINT ( 'NONE',  ( -1.734722999999999918E-16, 0.9999999999999988898, 0.0000000000000000000 ) ) ;
#1909 = VECTOR ( 'NONE', #2, 1000.000000000000000 ) ;
#1910 = ORIENTED_EDGE ( 'NONE', *, *, #211, .T. ) ;
#1911 = CARTESIAN_POINT ( 'NONE',  ( -0.3975380954465550509, 0.9118157683037061423, 0.7500000000000000000 ) ) ;
#1912 = ORIENTED_EDGE ( 'NONE', *, *, #752, .F. ) ;
#1913 = DIRECTION ( 'NONE',  ( 0.0000000000000000000, 1.000000000000000000, 0.0000000000000000000 ) ) ;
#1914 = ADVANCED_FACE ( 'NONE', ( #3712 ), #5006, .T. ) ;
#1915 = CARTESIAN_POINT ( 'NONE',  ( -0.4180000082312019805, 0.9118157683037061423, 0.7600000000000000089 ) ) ;
#1916 =( NAMED_UNIT ( * ) SI_UNIT ( $, .STERADIAN. ) SOLID_ANGLE_UNIT ( ) );
#1917 = VERTEX_POINT ( 'NONE', #1540 ) ;
#1918 = VECTOR ( 'NONE', #3259, 1000.000000000000000 ) ;
#1919 =( LENGTH_UNIT ( ) NAMED_UNIT ( * ) SI_UNIT ( .MILLI., .METRE. ) );
#1920 = CARTESIAN_POINT ( 'NONE',  ( -0.6854101966249680489, 0.0000000000000000000, 0.4500000000000000666 ) ) ;
#1921 = CARTESIAN_POINT ( 'NONE',  ( -0.4467682420472400828, 0.8018076629367429931, 0.7600000000000000089 ) ) ;
#1922 = AXIS2_PLACEMENT_3D ( 'NONE', #4503, #2821, #683 ) ;
#1923 = CARTESIAN_POINT ( 'NONE',  ( -0.3361523570926139848, 0.7574397530373601084, 0.7500000000000000000 ) ) ;
#1924 = SURFACE_STYLE_USAGE ( .BOTH. , #3127 ) ;
#1925 = VECTOR ( 'NONE', #2743, 1000.000000000000000 ) ;
#1926 = CARTESIAN_POINT ( 'NONE',  ( 0.3060680738710570004, 0.7428530429334530005, 0.7500000000000000000 ) ) ;
#1927 = VERTEX_POINT ( 'NONE', #5028 ) ;
#1928 = FILL_AREA_STYLE_COLOUR ( '', #4111 ) ;
#1929 = ORIENTED_EDGE ( 'NONE', *, *, #4223, .T. ) ;
#1930 = CARTESIAN_POINT ( 'NONE',  ( 0.4272188050118380098, 0.7116536907667639911, 0.7599999999999998979 ) ) ;
#1931 = CYLINDRICAL_SURFACE ( 'NONE', #357, 0.1499999999999999667 ) ;
#1932 = DIRECTION ( 'NONE',  ( 0.0000000000000000000, 1.000000000000000000, 0.0000000000000000000 ) ) ;
#1933 = CARTESIAN_POINT ( 'NONE',  ( -0.5043047096793169537, 0.8690686039714240474, 0.7500000000000000000 ) ) ;
#1934 = CARTESIAN_POINT ( 'NONE',  ( 0.1074953970803412956, 0.6794535108220532971, 0.7500000000000000000 ) ) ;
#1935 = ORIENTED_EDGE ( 'NONE', *, *, #4998, .F. ) ;
#1936 = ADVANCED_FACE ( 'NONE', ( #1569 ), #2868, .T. ) ;
#1937 = VECTOR ( 'NONE', #4364, 1000.000000000000000 ) ;
#1938 = ORIENTED_EDGE ( 'NONE', *, *, #36, .F. ) ;
#1939 = DIRECTION ( 'NONE',  ( -0.0000000000000000000, -0.0000000000000000000, -1.000000000000000000 ) ) ;
#1940 = CARTESIAN_POINT ( 'NONE',  ( -0.4696612731825379750, 0.8725126883015129620, 0.7600000000000000089 ) ) ;
#1941 = VECTOR ( 'NONE', #2710, 1000.000000000000000 ) ;
#1942 = SURFACE_STYLE_FILL_AREA ( #2360 ) ;
#1943 = EDGE_LOOP ( 'NONE', ( #3173, #2395, #4089, #3033 ) ) ;
#1944 = ADVANCED_FACE ( 'NONE', ( #4638 ), #4147, .F. ) ;
#1945 =( NAMED_UNIT ( * ) SI_UNIT ( $, .STERADIAN. ) SOLID_ANGLE_UNIT ( ) );
#1946 = VECTOR ( 'NONE', #3516, 1000.000000000000000 ) ;
#1947 = UNCERTAINTY_MEASURE_WITH_UNIT (LENGTH_MEASURE( 1.000000000000000082E-05 ), #5519, 'distance_accuracy_value', 'NONE');
#1948 = ORIENTED_EDGE ( 'NONE', *, *, #5449, .T. ) ;
#1949 = EDGE_CURVE ( 'NONE', #1474, #7, #2437, .T. ) ;
#1950 = STYLED_ITEM ( 'NONE', ( #5506 ), #4359 ) ;
#1951 = DIRECTION ( 'NONE',  ( 0.0000000000000000000, -0.0000000000000000000, -1.000000000000000000 ) ) ;
#1952 = CARTESIAN_POINT ( 'NONE',  ( 0.2432641831459030068, 0.9122209546954810344, 0.7500000000000000000 ) ) ;
#1953 = CARTESIAN_POINT ( 'NONE',  ( -0.3458768304952190009, 0.9243765464487370132, 0.7500000000000000000 ) ) ;
#1954 = COLOUR_RGB ( '',1.000000000000000000, 1.000000000000000000, 1.000000000000000000 ) ;
#1955 = CARTESIAN_POINT ( 'NONE',  ( 0.1741799033482339942, 0.7353570946856119450, 0.7500000000000000000 ) ) ;
#1956 = DIRECTION ( 'NONE',  ( 0.0000000000000000000, -1.000000000000000000, -0.0000000000000000000 ) ) ;
#1957 = DIRECTION ( 'NONE',  ( 0.0000000000000000000, 0.0000000000000000000, 1.000000000000000000 ) ) ;
#1958 = PRESENTATION_LAYER_ASSIGNMENT (  '', '', ( #4578 ) ) ;
#1959 = SURFACE_STYLE_USAGE ( .BOTH. , #4113 ) ;
#1960 = DIRECTION ( 'NONE',  ( 0.0000000000000000000, 1.000000000000000000, -0.0000000000000000000 ) ) ;
#1961 = CARTESIAN_POINT ( 'NONE',  ( -0.1540210739896679948, 0.8380718450006220399, 0.7500000000000000000 ) ) ;
#1962 = ORIENTED_EDGE ( 'NONE', *, *, #914, .T. ) ;
#1963 = AXIS2_PLACEMENT_3D ( 'NONE', #348, #3761, #494 ) ;
#1964 = CARTESIAN_POINT ( 'NONE',  ( 0.3060680738710570004, 0.7428530429334530005, 0.7500000000000001110 ) ) ;
#1965 = CARTESIAN_POINT ( 'NONE',  ( -0.3857876900850750190, 0.8204462369584010206, 0.7600000000000000089 ) ) ;
#1966 = CARTESIAN_POINT ( 'NONE',  ( -0.6500000000000001332, 0.3250000000000000666, 0.0000000000000000000 ) ) ;
#1967 = PLANE ( 'NONE',  #559 ) ;
#1968 = PRESENTATION_STYLE_ASSIGNMENT (( #4615 ) ) ;
#1969 = EDGE_CURVE ( 'NONE', #4855, #2289, #3386, .T. ) ;
#1970 = DIRECTION ( 'NONE',  ( 0.0000000000000000000, 0.0000000000000000000, 1.000000000000000000 ) ) ;
#1971 = EDGE_LOOP ( 'NONE', ( #529, #4273, #93, #1738 ) ) ;
#1972 = PRESENTATION_LAYER_ASSIGNMENT (  '', '', ( #2957 ) ) ;
#1973 = SURFACE_SIDE_STYLE ('',( #5406 ) ) ;
#1974 = CARTESIAN_POINT ( 'NONE',  ( 0.1164408425202699965, 0.8109243567516839502, 0.7600000000000000089 ) ) ;
#1975 = EDGE_CURVE ( 'NONE', #2752, #450, #2490, .T. ) ;
#1976 = LINE ( 'NONE', #389, #2517 ) ;
#1977 = COLOUR_RGB ( '',0.0000000000000000000, 0.0000000000000000000, 0.0000000000000000000 ) ;
#1978 = ORIENTED_EDGE ( 'NONE', *, *, #1729, .F. ) ;
#1979 =( BOUNDED_SURFACE ( )  B_SPLINE_SURFACE ( 3, 3, ( 
 ( #2158, #19, #4782, #4725 ),
 ( #2549, #2216, #854, #5115 ),
 ( #4303, #472, #2950, #3821 ),
 ( #3485, #1344, #4672, #1315 ) ),
 .UNSPECIFIED., .F., .F., .T. ) 
 B_SPLINE_SURFACE_WITH_KNOTS ( ( 4, 4 ),
 ( 4, 4 ),
 ( 0.0000000000000000000, 1.000000000000000000 ),
 ( 0.0000000000000000000, 1.000000000000000000 ),
 .UNSPECIFIED. ) 
 GEOMETRIC_REPRESENTATION_ITEM ( )  RATIONAL_B_SPLINE_SURFACE ( (
 ( 1.000000000000000000, 0.3333333333333334259, 0.3333333333333334259, 1.000000000000000000),
 ( 0.9004338722190713407, 0.3001446240730238912, 0.3001446240730238912, 0.9004338722190713407),
 ( 0.9004338722190713407, 0.3001446240730238912, 0.3001446240730238912, 0.9004338722190713407),
 ( 1.000000000000000000, 0.3333333333333334259, 0.3333333333333334259, 1.000000000000000000) ) ) 
 REPRESENTATION_ITEM ( '' )  SURFACE ( )  );
#1980 = MECHANICAL_DESIGN_GEOMETRIC_PRESENTATION_REPRESENTATION (  '', ( #4422 ), #3598 ) ;
#1981 = CARTESIAN_POINT ( 'NONE',  ( -0.1207957898641019989, 0.9361269518102169895, 0.7600000000000000089 ) ) ;
#1982 = CARTESIAN_POINT ( 'NONE',  ( 1.000000000000000000, -1.000000000000000000, 0.0000000000000000000 ) ) ;
#1983 = EDGE_CURVE ( 'NONE', #882, #3538, #1370, .T. ) ;
#1984 = CARTESIAN_POINT ( 'NONE',  ( 0.2770972468591310078, 0.7227963165405809631, 0.7550000000000000044 ) ) ;
#1985 = ORIENTED_EDGE ( 'NONE', *, *, #1847, .F. ) ;
#1986 = LINE ( 'NONE', #3753, #1558 ) ;
#1987 = CARTESIAN_POINT ( 'NONE',  ( -0.09567423357404102047, 0.9361269518102169895, 0.7500000000000000000 ) ) ;
#1988 = CARTESIAN_POINT ( 'NONE',  ( -0.8499999999999999778, 0.6999999999999999556, 0.7500000000000000000 ) ) ;
#1989 = VERTEX_POINT ( 'NONE', #4122 ) ;
#1990 =( GEOMETRIC_REPRESENTATION_CONTEXT ( 3 ) GLOBAL_UNCERTAINTY_ASSIGNED_CONTEXT ( ( #4830 ) ) GLOBAL_UNIT_ASSIGNED_CONTEXT ( ( #1287, #4397, #3054 ) ) REPRESENTATION_CONTEXT ( 'NONE', 'WORKASPACE' ) );
#1991 = SURFACE_STYLE_USAGE ( .BOTH. , #1512 ) ;
#1992 = CARTESIAN_POINT ( 'NONE',  ( -0.6854101966249680489, 8.393854033997251810E-17, 0.7500000000000000000 ) ) ;
#1993 = COLOUR_RGB ( '',1.000000000000000000, 1.000000000000000000, 1.000000000000000000 ) ;
#1994 = SURFACE_STYLE_FILL_AREA ( #1238 ) ;
#1995 = FACE_OUTER_BOUND ( 'NONE', #1843, .T. ) ;
#1996 = ORIENTED_EDGE ( 'NONE', *, *, #1635, .T. ) ;
#1997 = VECTOR ( 'NONE', #1740, 1000.000000000000000 ) ;
#1998 = EDGE_CURVE ( 'NONE', #1817, #27, #275, .T. ) ;
#1999 = CARTESIAN_POINT ( 'NONE',  ( -0.3483079488458700745, 0.8846682800547691627, 0.7500000000000000000 ) ) ;
#2000 = CARTESIAN_POINT ( 'NONE',  ( 0.2414408443829150208, 0.9405840021197440226, 0.7500000000000000000 ) ) ;
#2001 = UNCERTAINTY_MEASURE_WITH_UNIT (LENGTH_MEASURE( 1.000000000000000082E-05 ), #3526, 'distance_accuracy_value', 'NONE');
#2002 = DIRECTION ( 'NONE',  ( 0.0000000000000000000, -0.0000000000000000000, 1.000000000000000000 ) ) ;
#2003 = ORIENTED_EDGE ( 'NONE', *, *, #305, .F. ) ;
#2004 = EDGE_CURVE ( 'NONE', #902, #3655, #350, .T. ) ;
#2005 = CIRCLE ( 'NONE', #1922, 0.1499999999999999667 ) ;
#2006 = PRESENTATION_STYLE_ASSIGNMENT (( #4501 ) ) ;
#2007 = CARTESIAN_POINT ( 'NONE',  ( -0.4202285333859649974, 0.9405840021197440226, 0.7500000000000000000 ) ) ;
#2008 = PRODUCT_DEFINITION_FORMATION_WITH_SPECIFIED_SOURCE ( 'ANY', '', #2735, .NOT_KNOWN. ) ;
#2009 = CARTESIAN_POINT ( 'NONE',  ( -0.3855850968891870179, 0.7858028004616229856, 0.7500000000000000000 ) ) ;
#2010 = VERTEX_POINT ( 'NONE', #323 ) ;
#2011 = EDGE_CURVE ( 'NONE', #3510, #2958, #5057, .T. ) ;
#2012 = FACE_OUTER_BOUND ( 'NONE', #4409, .T. ) ;
#2013 = CARTESIAN_POINT ( 'NONE',  ( 0.1164408425202699965, 0.8109243567516839502, 0.7500000000000000000 ) ) ;
#2014 = DIRECTION ( 'NONE',  ( -1.000000000000000000, 0.0000000000000000000, 0.0000000000000000000 ) ) ;
#2015 = DIRECTION ( 'NONE',  ( 0.0000000000000000000, 0.0000000000000000000, 1.000000000000000000 ) ) ;
#2016 = DIRECTION ( 'NONE',  ( 0.0000000000000000000, 0.0000000000000000000, 1.000000000000000000 ) ) ;
#2017 = CARTESIAN_POINT ( 'NONE',  ( -0.4957957954520380572, 0.8321966423198819962, 0.7500000000000000000 ) ) ;
#2018 = PLANE ( 'NONE',  #4137 ) ;
#2019 =( NAMED_UNIT ( * ) SI_UNIT ( $, .STERADIAN. ) SOLID_ANGLE_UNIT ( ) );
#2020 = DIRECTION ( 'NONE',  ( 0.0000000000000000000, -0.0000000000000000000, -1.000000000000000000 ) ) ;
#2021 = LINE ( 'NONE', #2972, #733 ) ;
#2022 = CARTESIAN_POINT ( 'NONE',  ( -1.000000000000000000, -0.3250000000000000111, 0.0000000000000000000 ) ) ;
#2023 = ORIENTED_EDGE ( 'NONE', *, *, #318, .T. ) ;
#2024 = VECTOR ( 'NONE', #3694, 1000.000000000000000 ) ;
#2025 = CARTESIAN_POINT ( 'NONE',  ( -0.3588427950320249860, 0.7043603357148100486, 0.7600000000000000089 ) ) ;
#2026 = AXIS2_PLACEMENT_3D ( 'NONE', #2160, #533, #4919 ) ;
#2027 = FACE_OUTER_BOUND ( 'NONE', #456, .T. ) ;
#2028 = DIRECTION ( 'NONE',  ( 0.0000000000000000000, 0.0000000000000000000, 1.000000000000000000 ) ) ;
#2029 =( NAMED_UNIT ( * ) PLANE_ANGLE_UNIT ( ) SI_UNIT ( $, .RADIAN. ) );
#2030 = VERTEX_POINT ( 'NONE', #3736 ) ;
#2031 = VECTOR ( 'NONE', #341, 1000.000000000000000 ) ;
#2032 = VECTOR ( 'NONE', #3503, 1000.000000000000000 ) ;
#2033 = LINE ( 'NONE', #4579, #2213 ) ;
#2034 = LINE ( 'NONE', #1665, #2980 ) ;
#2035 = VECTOR ( 'NONE', #4525, 1000.000000000000000 ) ;
#2036 = CARTESIAN_POINT ( 'NONE',  ( 0.2288800662378840112, 0.9405840021197440226, 0.7500000000000000000 ) ) ;
#2037 = PRODUCT_RELATED_PRODUCT_CATEGORY ( 'part', '', ( #2735 ) ) ;
#2038 = VERTEX_POINT ( 'NONE', #4568 ) ;
#2039 = ADVANCED_FACE ( 'NONE', ( #3763 ), #3657, .T. ) ;
#2040 = AXIS2_PLACEMENT_3D ( 'NONE', #4200, #5094, #3346 ) ;
#2041 = DIRECTION ( 'NONE',  ( 0.0000000000000000000, 0.0000000000000000000, -1.000000000000000000 ) ) ;
#2042 = DIRECTION ( 'NONE',  ( 0.4472135950130852189, 0.0000000000000000000, 0.8944271912433521265 ) ) ;
#2043 =( NAMED_UNIT ( * ) SI_UNIT ( $, .STERADIAN. ) SOLID_ANGLE_UNIT ( ) );
#2044 =( NAMED_UNIT ( * ) PLANE_ANGLE_UNIT ( ) SI_UNIT ( $, .RADIAN. ) );
#2045 = LINE ( 'NONE', #3758, #2434 ) ;
#2046 = VECTOR ( 'NONE', #74, 1000.000000000000000 ) ;
#2047 = EDGE_CURVE ( 'NONE', #1163, #5495, #1361, .T. ) ;
#2048 = CARTESIAN_POINT ( 'NONE',  ( 0.2831750427357589972, 0.6922047439615549580, 0.7500000000000000000 ) ) ;
#2049 = VECTOR ( 'NONE', #91, 1000.000000000000000 ) ;
#2050 = SURFACE_STYLE_USAGE ( .BOTH. , #5085 ) ;
#2051 = DIRECTION ( 'NONE',  ( 0.0000000000000000000, 1.000000000000000000, 0.0000000000000000000 ) ) ;
#2052 = LINE ( 'NONE', #1705, #4226 ) ;
#2053 = FACE_OUTER_BOUND ( 'NONE', #2884, .T. ) ;
#2054 = EDGE_CURVE ( 'NONE', #2232, #4643, #5055, .T. ) ;
#2055 = CARTESIAN_POINT ( 'NONE',  ( 0.4715867149112210055, 0.7116536907667639911, 0.7500000000000000000 ) ) ;
#2056 = VECTOR ( 'NONE', #3478, 1000.000000000000000 ) ;
#2057 = COLOUR_RGB ( '',1.000000000000000000, 1.000000000000000000, 1.000000000000000000 ) ;
#2058 = CARTESIAN_POINT ( 'NONE',  ( 0.2657520278894259791, 0.9055353792311909844, 0.7600000000000000089 ) ) ;
#2059 = ORIENTED_EDGE ( 'NONE', *, *, #1949, .T. ) ;
#2060 =( NAMED_UNIT ( * ) PLANE_ANGLE_UNIT ( ) SI_UNIT ( $, .RADIAN. ) );
#2061 = VECTOR ( 'NONE', #1263, 1000.000000000000000 ) ;
#2062 = CARTESIAN_POINT ( 'NONE',  ( 0.1628346843785279940, 0.8737282474768379714, 0.7600000000000000089 ) ) ;
#2063 = DIRECTION ( 'NONE',  ( 1.000000000000000000, 0.0000000000000000000, -0.0000000000000000000 ) ) ;
#2064 = ORIENTED_EDGE ( 'NONE', *, *, #685, .F. ) ;
#2065 = SURFACE_STYLE_USAGE ( .BOTH. , #1303 ) ;
#2066 = FACE_OUTER_BOUND ( 'NONE', #5002, .T. ) ;
#2067 =( NAMED_UNIT ( * ) SI_UNIT ( $, .STERADIAN. ) SOLID_ANGLE_UNIT ( ) );
#2068 = STYLED_ITEM ( 'NONE', ( #1332 ), #789 ) ;
#2069 =( NAMED_UNIT ( * ) PLANE_ANGLE_UNIT ( ) SI_UNIT ( $, .RADIAN. ) );
#2070 = CARTESIAN_POINT ( 'NONE',  ( -0.4528460379238680167, 0.8378692518047340387, 0.7600000000000000089 ) ) ;
#2071 =( NAMED_UNIT ( * ) PLANE_ANGLE_UNIT ( ) SI_UNIT ( $, .RADIAN. ) );
#2072 = LINE ( 'NONE', #434, #3852 ) ;
#2073 = MECHANICAL_DESIGN_GEOMETRIC_PRESENTATION_REPRESENTATION (  '', ( #3241 ), #1352 ) ;
#2074 = EDGE_CURVE ( 'NONE', #921, #1668, #5403, .T. ) ;
#2075 = CARTESIAN_POINT ( 'NONE',  ( -0.4011847729725320222, 0.6816698977753999911, 0.7600000000000000089 ) ) ;
#2076 = CARTESIAN_POINT ( 'NONE',  ( -0.2690940092538209871, 0.8084932384010330431, 0.7500000000000000000 ) ) ;
#2077 = CARTESIAN_POINT ( 'NONE',  ( 0.1164408425202699965, 0.8109243567516839502, 0.7500000000000000000 ) ) ;
#2078 = VECTOR ( 'NONE', #1154, 1000.000000000000000 ) ;
#2079 = ORIENTED_EDGE ( 'NONE', *, *, #1589, .T. ) ;
#2080 = EDGE_CURVE ( 'NONE', #4262, #278, #2945, .T. ) ;
#2081 = CARTESIAN_POINT ( 'NONE',  ( -0.4467682420472400828, 0.8018076629367429931, 0.7600000000000000089 ) ) ;
#2082 = PRESENTATION_STYLE_ASSIGNMENT (( #2393 ) ) ;
#2083 = SURFACE_STYLE_FILL_AREA ( #2528 ) ;
#2084 = PLANE ( 'NONE',  #1748 ) ;
#2085 = FACE_OUTER_BOUND ( 'NONE', #4815, .T. ) ;
#2086 = CARTESIAN_POINT ( 'NONE',  ( 0.2997876847985420090, 0.7390037722115889718, 0.7500000000000000000 ) ) ;
#2087 = VERTEX_POINT ( 'NONE', #4244 ) ;
#2088 = MECHANICAL_DESIGN_GEOMETRIC_PRESENTATION_REPRESENTATION (  '', ( #4526 ), #2531 ) ;
#2089 = AXIS2_PLACEMENT_3D ( 'NONE', #2953, #5150, #3979 ) ;
#2091 = ORIENTED_EDGE ( 'NONE', *, *, #2993, .T. ) ;
#2090 = CARTESIAN_POINT ( 'NONE',  ( 0.1628346843785279940, 0.8737282474768379714, 0.7500000000000000000 ) ) ;
#2092 = EDGE_LOOP ( 'NONE', ( #575, #2698, #3366, #5128, #47, #923, #2985, #4401, #489, #4987, #1852, #500, #5124, #5171, #866, #2591, #2634, #148, #5294, #2286 ) ) ;
#2093 = ORIENTED_EDGE ( 'NONE', *, *, #109, .F. ) ;
#2094 = PRESENTATION_STYLE_ASSIGNMENT (( #427 ) ) ;
#2095 = FILL_AREA_STYLE_COLOUR ( '', #2880 ) ;
#2096 = CARTESIAN_POINT ( 'NONE',  ( -0.1540210739896679948, 0.9361269518102169895, 0.7500000000000000000 ) ) ;
#2097 = CARTESIAN_POINT ( 'NONE',  ( 0.3060680738710570004, 0.9195143097474349769, 0.7600000000000000089 ) ) ;
#2098 = AXIS2_PLACEMENT_3D ( 'NONE', #4108, #3724, #4083 ) ;
#2099 =( LENGTH_UNIT ( ) NAMED_UNIT ( * ) SI_UNIT ( .MILLI., .METRE. ) );
#2100 = FACE_OUTER_BOUND ( 'NONE', #1829, .T. ) ;
#2101 = DIRECTION ( 'NONE',  ( -0.0000000000000000000, 1.000000000000000000, 0.0000000000000000000 ) ) ;
#2102 = ORIENTED_EDGE ( 'NONE', *, *, #1531, .F. ) ;
#2103 = ADVANCED_FACE ( 'NONE', ( #125 ), #653, .T. ) ;
#2104 = SURFACE_STYLE_USAGE ( .BOTH. , #1768 ) ;
#2105 = VERTEX_POINT ( 'NONE', #4804 ) ;
#2106 = CARTESIAN_POINT ( 'NONE',  ( -0.4801961193686929974, 0.8155840002570989844, 0.7500000000000000000 ) ) ;
#2107 = DIRECTION ( 'NONE',  ( 0.0000000000000000000, 1.000000000000000000, 0.0000000000000000000 ) ) ;
#2108 = DIRECTION ( 'NONE',  ( 1.000000000000000000, 0.0000000000000000000, 0.0000000000000000000 ) ) ;
#2109 = UNCERTAINTY_MEASURE_WITH_UNIT (LENGTH_MEASURE( 1.000000000000000082E-05 ), #4146, 'distance_accuracy_value', 'NONE');
#2110 = COLOUR_RGB ( '',1.000000000000000000, 1.000000000000000000, 1.000000000000000000 ) ;
#2111 = CARTESIAN_POINT ( 'NONE',  ( 0.1841069699467260123, 0.8990523969627870482, 0.7500000000000000000 ) ) ;
#2112 = FILL_AREA_STYLE ('',( #4256 ) ) ;
#2113 = ORIENTED_EDGE ( 'NONE', *, *, #2629, .T. ) ;
#2114 = EDGE_CURVE ( 'NONE', #3161, #3269, #3789, .T. ) ;
#2115 = AXIS2_PLACEMENT_3D ( 'NONE', #4042, #3603, #703 ) ;
#2116 =( GEOMETRIC_REPRESENTATION_CONTEXT ( 3 ) GLOBAL_UNCERTAINTY_ASSIGNED_CONTEXT ( ( #5265 ) ) GLOBAL_UNIT_ASSIGNED_CONTEXT ( ( #4396, #5336, #1881 ) ) REPRESENTATION_CONTEXT ( 'NONE', 'WORKASPACE' ) );
#2117 = FILL_AREA_STYLE_COLOUR ( '', #2756 ) ;
#2118 = CARTESIAN_POINT ( 'NONE',  ( 0.3060680738710570004, 0.7031447765394850391, 0.7600000000000000089 ) ) ;
#2119 = ORIENTED_EDGE ( 'NONE', *, *, #4093, .T. ) ;
#2120 = SURFACE_STYLE_FILL_AREA ( #3889 ) ;
#2121 = ORIENTED_EDGE ( 'NONE', *, *, #42, .F. ) ;
#2122 = EDGE_CURVE ( 'NONE', #3778, #2722, #3961, .T. ) ;
#2123 = MECHANICAL_DESIGN_GEOMETRIC_PRESENTATION_REPRESENTATION (  '', ( #530 ), #1488 ) ;
#2124 = CARTESIAN_POINT ( 'NONE',  ( -1.000000000000000000, 0.3250000000000000111, 0.08999999999999999667 ) ) ;
#2125 = CARTESIAN_POINT ( 'NONE',  ( -0.3483079488458700745, 0.8846682800547691627, 0.7550000000000000044 ) ) ;
#2126 = CARTESIAN_POINT ( 'NONE',  ( -0.1207957898641019989, 0.6861269480849271352, 0.7600000000000000089 ) ) ;
#2127 = VECTOR ( 'NONE', #1499, 1000.000000000000000 ) ;
#2128 = CARTESIAN_POINT ( 'NONE',  ( 0.02142463364898800071, 0.6861269480849271352, 0.7600000000000000089 ) ) ;
#2129 = CARTESIAN_POINT ( 'NONE',  ( -1.000000000000000000, -0.6750000000000000444, 0.0000000000000000000 ) ) ;
#2130 = CARTESIAN_POINT ( 'NONE',  ( -0.5686373544702383320, 0.0000000000000000000, 0.7500000000000000000 ) ) ;
#2131 = ORIENTED_EDGE ( 'NONE', *, *, #2694, .T. ) ;
#2132 =( GEOMETRIC_REPRESENTATION_CONTEXT ( 3 ) GLOBAL_UNCERTAINTY_ASSIGNED_CONTEXT ( ( #3981 ) ) GLOBAL_UNIT_ASSIGNED_CONTEXT ( ( #4243, #2970, #3311 ) ) REPRESENTATION_CONTEXT ( 'NONE', 'WORKASPACE' ) );
#2133 = FILL_AREA_STYLE_COLOUR ( '', #1487 ) ;
#2134 = CARTESIAN_POINT ( 'NONE',  ( 0.1741799033482339942, 0.7353570946856119450, 0.7600000000000000089 ) ) ;
#2135 = EDGE_CURVE ( 'NONE', #3569, #5195, #1039, .T. ) ;
#2136 = DIRECTION ( 'NONE',  ( 1.000000000000000000, 0.0000000000000000000, 0.0000000000000000000 ) ) ;
#2137 = CARTESIAN_POINT ( 'NONE',  ( -0.8499999999999999778, 0.6999999999999999556, 0.7600000000000000089 ) ) ;
#2138 = DIRECTION ( 'NONE',  ( -0.0000000000000000000, 0.0000000000000000000, -1.000000000000000000 ) ) ;
#2139 = CARTESIAN_POINT ( 'NONE',  ( -0.3975380954465550509, 0.9118157683037061423, 0.7600000000000000089 ) ) ;
#2140 = VERTEX_POINT ( 'NONE', #183 ) ;
#2141 =( GEOMETRIC_REPRESENTATION_CONTEXT ( 3 ) GLOBAL_UNCERTAINTY_ASSIGNED_CONTEXT ( ( #2223 ) ) GLOBAL_UNIT_ASSIGNED_CONTEXT ( ( #1023, #4458, #612 ) ) REPRESENTATION_CONTEXT ( 'NONE', 'WORKASPACE' ) );
#2142 = SURFACE_STYLE_USAGE ( .BOTH. , #3804 ) ;
#2143 = SURFACE_STYLE_USAGE ( .BOTH. , #4794 ) ;
#2144 = EDGE_CURVE ( 'NONE', #4899, #554, #4447, .T. ) ;
#2145 = ORIENTED_EDGE ( 'NONE', *, *, #4538, .T. ) ;
#2146 = VERTEX_POINT ( 'NONE', #4527 ) ;
#2147 = FILL_AREA_STYLE_COLOUR ( '', #2659 ) ;
#2148 = EDGE_CURVE ( 'NONE', #3751, #364, #3243, .T. ) ;
#2149 = CARTESIAN_POINT ( 'NONE',  ( 0.3499999999999999778, -0.8000000000000000444, -0.01000000000000000021 ) ) ;
#2150 = FACE_OUTER_BOUND ( 'NONE', #3853, .T. ) ;
#2151 = ORIENTED_EDGE ( 'NONE', *, *, #3615, .T. ) ;
#2152 =( LENGTH_UNIT ( ) NAMED_UNIT ( * ) SI_UNIT ( .MILLI., .METRE. ) );
#2153 =( BOUNDED_SURFACE ( )  B_SPLINE_SURFACE ( 3, 3, ( 
 ( #2546, #2605, #1369, #3003 ),
 ( #2130, #3850, #470, #5221 ),
 ( #3423, #441, #3450, #878 ),
 ( #5114, #1313, #964, #3085 ) ),
 .UNSPECIFIED., .F., .F., .F. ) 
 B_SPLINE_SURFACE_WITH_KNOTS ( ( 4, 4 ),
 ( 4, 4 ),
 ( 0.0000000000000000000, 1.000000000000000000 ),
 ( 0.0000000000000000000, 1.000000000000000000 ),
 .UNSPECIFIED. ) 
 GEOMETRIC_REPRESENTATION_ITEM ( )  RATIONAL_B_SPLINE_SURFACE ( (
 ( 1.000000000000000000, 0.3333333333333334259, 0.3333333333333334259, 1.000000000000000000),
 ( 0.9004338722190713407, 0.3001446240730238912, 0.3001446240730238912, 0.9004338722190713407),
 ( 0.9004338722190713407, 0.3001446240730238912, 0.3001446240730238912, 0.9004338722190713407),
 ( 1.000000000000000000, 0.3333333333333334259, 0.3333333333333334259, 1.000000000000000000) ) ) 
 REPRESENTATION_ITEM ( '' )  SURFACE ( )  );
#2154 = DIRECTION ( 'NONE',  ( -0.0000000000000000000, -1.000000000000000000, 0.0000000000000000000 ) ) ;
#2155 = DIRECTION ( 'NONE',  ( 0.0000000000000000000, -0.0000000000000000000, -1.000000000000000000 ) ) ;
#2156 = EDGE_LOOP ( 'NONE', ( #2547, #4473, #1358, #5187, #1245, #3794, #3012, #5207, #4871, #2550, #1717, #1985, #1536, #975, #2832, #3143, #4261, #4004, #4671, #2536 ) ) ;
#2157 = VECTOR ( 'NONE', #3358, 1000.000000000000000 ) ;
#2158 = CARTESIAN_POINT ( 'NONE',  ( 0.6854101966249680489, 8.393854033997251810E-17, 0.7500000000000000000 ) ) ;
#2159 = ORIENTED_EDGE ( 'NONE', *, *, #2770, .F. ) ;
#2160 = CARTESIAN_POINT ( 'NONE',  ( 1.000000000000000000, -0.6750000000000000444, 0.0000000000000000000 ) ) ;
#2161 = LINE ( 'NONE', #3908, #4292 ) ;
#2162 = CARTESIAN_POINT ( 'NONE',  ( -1.734722999999999918E-16, 0.8846682800547691627, 0.7500000000000000000 ) ) ;
#2163 = CARTESIAN_POINT ( 'NONE',  ( -0.6500000000000001332, 0.6750000000000000444, 0.0000000000000000000 ) ) ;
#2164 = UNCERTAINTY_MEASURE_WITH_UNIT (LENGTH_MEASURE( 1.000000000000000082E-05 ), #2610, 'distance_accuracy_value', 'NONE');
#2165 = CARTESIAN_POINT ( 'NONE',  ( -0.4696612731825379750, 0.8725126883015129620, 0.7500000000000000000 ) ) ;
#2166 = FACE_OUTER_BOUND ( 'NONE', #4572, .T. ) ;
#2167 = EDGE_LOOP ( 'NONE', ( #81, #422, #3301, #499 ) ) ;
#2168 = EDGE_CURVE ( 'NONE', #2499, #1857, #1639, .T. ) ;
#2169 = VECTOR ( 'NONE', #498, 1000.000000000000000 ) ;
#2170 = CARTESIAN_POINT ( 'NONE',  ( 1.000000000000000000, 0.6750000000000000444, 0.0000000000000000000 ) ) ;
#2171 = CARTESIAN_POINT ( 'NONE',  ( -1.010000000000000009, 0.3250000000000000666, 0.0000000000000000000 ) ) ;
#2172 = EDGE_LOOP ( 'NONE', ( #684, #3317, #4740, #4980 ) ) ;
#2173 = ORIENTED_EDGE ( 'NONE', *, *, #4810, .T. ) ;
#2174 = EDGE_CURVE ( 'NONE', #5529, #4682, #4079, .T. ) ;
#2175 = VECTOR ( 'NONE', #678, 1000.000000000000000 ) ;
#2176 = CARTESIAN_POINT ( 'NONE',  ( 0.2675753666524139929, 0.7175288934475040348, 0.7500000000000000000 ) ) ;
#2177 = LINE ( 'NONE', #869, #4949 ) ;
#2178 = SURFACE_STYLE_USAGE ( .BOTH. , #40 ) ;
#2179 = ORIENTED_EDGE ( 'NONE', *, *, #3699, .T. ) ;
#2180 = EDGE_CURVE ( 'NONE', #1251, #1103, #208, .T. ) ;
#2181 = CARTESIAN_POINT ( 'NONE',  ( -0.1540210739896679948, 0.8084932384010330431, 0.7500000000000000000 ) ) ;
#2182 = UNCERTAINTY_MEASURE_WITH_UNIT (LENGTH_MEASURE( 1.000000000000000082E-05 ), #106, 'distance_accuracy_value', 'NONE');
#2183 = SURFACE_STYLE_USAGE ( .BOTH. , #4363 ) ;
#2184 = VECTOR ( 'NONE', #1529, 1000.000000000000000 ) ;
#2185 = LINE ( 'NONE', #3903, #5133 ) ;
#2186 = ORIENTED_EDGE ( 'NONE', *, *, #2943, .T. ) ;
#2187 = CARTESIAN_POINT ( 'NONE',  ( 0.8249999999999999556, 0.5000000000000000000, -0.01000000000000000021 ) ) ;
#2188 = ORIENTED_EDGE ( 'NONE', *, *, #3865, .F. ) ;
#2189 = FACE_OUTER_BOUND ( 'NONE', #3472, .T. ) ;
#2190 = CARTESIAN_POINT ( 'NONE',  ( -0.4568979018416199911, 0.9405840021197440226, 0.7600000000000000089 ) ) ;
#2191 = CARTESIAN_POINT ( 'NONE',  ( 0.1847147495343879897, 0.7229989097364689643, 0.7500000000000000000 ) ) ;
#2192 = CARTESIAN_POINT ( 'NONE',  ( -0.2690940092538209871, 0.6861269480849271352, 0.7500000000000000000 ) ) ;
#2193 = CARTESIAN_POINT ( 'NONE',  ( -0.4265089224584809879, 0.7104381315914379824, 0.7600000000000000089 ) ) ;
#2194 = DIRECTION ( 'NONE',  ( 0.0000000000000000000, -0.0000000000000000000, 1.000000000000000000 ) ) ;
#2195 = PLANE ( 'NONE',  #2623 ) ;
#2196 = COLOUR_RGB ( '',1.000000000000000000, 1.000000000000000000, 1.000000000000000000 ) ;
#2198 = ORIENTED_EDGE ( 'NONE', *, *, #2998, .F. ) ;
#2197 = SURFACE_SIDE_STYLE ('',( #3467 ) ) ;
#2199 = EDGE_LOOP ( 'NONE', ( #3048, #4016, #3744, #2933 ) ) ;
#2200 = ORIENTED_EDGE ( 'NONE', *, *, #3522, .T. ) ;
#2201 = PRODUCT_DEFINITION ( 'UNKNOWN', '', #2008, #4985 ) ;
#2202 = COLOUR_RGB ( '',0.9215686274509803377, 0.9215686274509803377, 0.9294117647058823817 ) ;
#2203 = ADVANCED_FACE ( 'NONE', ( #656 ), #4967, .T. ) ;
#2204 = DIRECTION ( 'NONE',  ( 0.0000000000000000000, 0.0000000000000000000, 1.000000000000000000 ) ) ;
#2205 = VECTOR ( 'NONE', #2918, 1000.000000000000000 ) ;
#2206 = CARTESIAN_POINT ( 'NONE',  ( -0.5043047096793169537, 0.8690686039714240474, 0.7600000000000000089 ) ) ;
#2207 = ORIENTED_EDGE ( 'NONE', *, *, #3304, .F. ) ;
#2208 =( GEOMETRIC_REPRESENTATION_CONTEXT ( 3 ) GLOBAL_UNCERTAINTY_ASSIGNED_CONTEXT ( ( #1607 ) ) GLOBAL_UNIT_ASSIGNED_CONTEXT ( ( #1304, #2510, #1697 ) ) REPRESENTATION_CONTEXT ( 'NONE', 'WORKASPACE' ) );
#2209 = DIRECTION ( 'NONE',  ( 1.000000000000000000, 0.0000000000000000000, -0.0000000000000000000 ) ) ;
#2210 = CARTESIAN_POINT ( 'NONE',  ( -0.3989562478177680060, 0.7104381315914379824, 0.7500000000000000000 ) ) ;
#2211 = EDGE_CURVE ( 'NONE', #4065, #2537, #2005, .T. ) ;
#2212 = CARTESIAN_POINT ( 'NONE',  ( -1.000000000000000000, -0.9999999999999988898, 0.0000000000000000000 ) ) ;
#2213 = VECTOR ( 'NONE', #234, 1000.000000000000000 ) ;
#2214 = SURFACE_STYLE_FILL_AREA ( #17 ) ;
#2215 = EDGE_LOOP ( 'NONE', ( #2535, #2303, #1859, #483 ) ) ;
#2216 = CARTESIAN_POINT ( 'NONE',  ( 0.5686373544702384430, -1.137274708940476220, 0.7500000000000000000 ) ) ;
#2217 = ORIENTED_EDGE ( 'NONE', *, *, #4760, .T. ) ;
#2218 = STYLED_ITEM ( 'NONE', ( #5005 ), #4650 ) ;
#2219 =( NAMED_UNIT ( * ) SI_UNIT ( $, .STERADIAN. ) SOLID_ANGLE_UNIT ( ) );
#2220 =( NAMED_UNIT ( * ) PLANE_ANGLE_UNIT ( ) SI_UNIT ( $, .RADIAN. ) );
#2221 = ADVANCED_FACE ( 'NONE', ( #2343 ), #1554, .F. ) ;
#2222 = CARTESIAN_POINT ( 'NONE',  ( 0.6026471808364239902, -0.3399856317083818080, 0.7499999999999998890 ) ) ;
#2223 = UNCERTAINTY_MEASURE_WITH_UNIT (LENGTH_MEASURE( 1.000000000000000082E-05 ), #1023, 'distance_accuracy_value', 'NONE');
#2224 = CARTESIAN_POINT ( 'NONE',  ( -0.3991588410136560072, 0.9405840021197440226, 0.7600000000000000089 ) ) ;
#2225 = VERTEX_POINT ( 'NONE', #3671 ) ;
#2226 =( GEOMETRIC_REPRESENTATION_CONTEXT ( 3 ) GLOBAL_UNCERTAINTY_ASSIGNED_CONTEXT ( ( #2497 ) ) GLOBAL_UNIT_ASSIGNED_CONTEXT ( ( #2602, #1282, #4328 ) ) REPRESENTATION_CONTEXT ( 'NONE', 'WORKASPACE' ) );
#2227 = CARTESIAN_POINT ( 'NONE',  ( 0.2831750427357589972, 0.6922047439615549580, 0.7500000000000000000 ) ) ;
#2228 =( LENGTH_UNIT ( ) NAMED_UNIT ( * ) SI_UNIT ( .MILLI., .METRE. ) );
#2230 = VERTEX_POINT ( 'NONE', #5386 ) ;
#2229 =( NAMED_UNIT ( * ) SI_UNIT ( $, .STERADIAN. ) SOLID_ANGLE_UNIT ( ) );
#2231 = UNCERTAINTY_MEASURE_WITH_UNIT (LENGTH_MEASURE( 1.000000000000000082E-05 ), #930, 'distance_accuracy_value', 'NONE');
#2232 = VERTEX_POINT ( 'NONE', #709 ) ;
#2233 = EDGE_LOOP ( 'NONE', ( #909, #1172, #4321, #3196 ) ) ;
#2234 = PRESENTATION_STYLE_ASSIGNMENT (( #98 ) ) ;
#2236 = EDGE_LOOP ( 'NONE', ( #3550, #1910, #407, #4234 ) ) ;
#2235 = DIRECTION ( 'NONE',  ( 0.0000000000000000000, -1.000000000000000000, 0.0000000000000000000 ) ) ;
#2237 = CARTESIAN_POINT ( 'NONE',  ( -0.3023192933793860115, 0.9361269518102169895, 0.7500000000000000000 ) ) ;
#2238 = ORIENTED_EDGE ( 'NONE', *, *, #1165, .F. ) ;
#2239 = EDGE_CURVE ( 'NONE', #1817, #69, #3272, .T. ) ;
#2240 = PRESENTATION_STYLE_ASSIGNMENT (( #3998 ) ) ;
#2241 = LINE ( 'NONE', #4300, #5372 ) ;
#2242 = SURFACE_SIDE_STYLE ('',( #3875 ) ) ;
#2243 = SURFACE_SIDE_STYLE ('',( #4669 ) ) ;
#2244 = CARTESIAN_POINT ( 'NONE',  ( -1.000000000000000000, 0.6750000000000000444, 0.0000000000000000000 ) ) ;
#2245 = ORIENTED_EDGE ( 'NONE', *, *, #4010, .F. ) ;
#2246 = EDGE_CURVE ( 'NONE', #1190, #3528, #3185, .T. ) ;
#2247 = CARTESIAN_POINT ( 'NONE',  ( 0.2977617528396659941, 0.9239713600569620100, 0.7500000000000000000 ) ) ;
#2248 = ORIENTED_EDGE ( 'NONE', *, *, #782, .F. ) ;
#2249 = SURFACE_SIDE_STYLE ('',( #4517 ) ) ;
#2250 = CARTESIAN_POINT ( 'NONE',  ( -0.3023192933793860115, 0.9361269518102169895, 0.7600000000000000089 ) ) ;
#2251 = CARTESIAN_POINT ( 'NONE',  ( 0.2288800662378840112, 0.9405840021197440226, 0.7600000000000000089 ) ) ;
#2252 = PRESENTATION_LAYER_ASSIGNMENT (  '', '', ( #1350 ) ) ;
#2253 = ORIENTED_EDGE ( 'NONE', *, *, #1349, .T. ) ;
#2254 = MECHANICAL_DESIGN_GEOMETRIC_PRESENTATION_REPRESENTATION (  '', ( #3407 ), #5398 ) ;
#2255 = EDGE_CURVE ( 'NONE', #3882, #1814, #4022, .T. ) ;
#2256 = MECHANICAL_DESIGN_GEOMETRIC_PRESENTATION_REPRESENTATION (  '', ( #1625 ), #386 ) ;
#2257 = LINE ( 'NONE', #201, #138 ) ;
#2258 = LINE ( 'NONE', #5263, #2584 ) ;
#2260 = ORIENTED_EDGE ( 'NONE', *, *, #1722, .T. ) ;
#2259 = CARTESIAN_POINT ( 'NONE',  ( -0.4880972540083090006, 0.8238903212884900462, 0.7500000000000000000 ) ) ;
#2261 = CARTESIAN_POINT ( 'NONE',  ( -0.4872868812247589942, 0.7274559600459959974, 0.7600000000000000089 ) ) ;
#2262 = ORIENTED_EDGE ( 'NONE', *, *, #2148, .T. ) ;
#2263 = SURFACE_SIDE_STYLE ('',( #546 ) ) ;
#2264 = CARTESIAN_POINT ( 'NONE',  ( -0.4568979018416199911, 0.9405840021197440226, 0.7600000000000000089 ) ) ;
#2265 = ORIENTED_EDGE ( 'NONE', *, *, #4566, .T. ) ;
#2266 = VECTOR ( 'NONE', #776, 1000.000000000000000 ) ;
#2267 = CARTESIAN_POINT ( 'NONE',  ( -0.5036969300916539494, 0.7428530429334530005, 0.7600000000000000089 ) ) ;
#2268 = PRESENTATION_STYLE_ASSIGNMENT (( #5190 ) ) ;
#2269 = VECTOR ( 'NONE', #4383, 1000.000000000000000 ) ;
#2270 = CARTESIAN_POINT ( 'NONE',  ( 0.4715867149112210055, 0.7116536907667639911, 0.7500000000000000000 ) ) ;
#2271 = CARTESIAN_POINT ( 'NONE',  ( -0.3588427950320249860, 0.7043603357148100486, 0.7600000000000000089 ) ) ;
#2272 = CARTESIAN_POINT ( 'NONE',  ( -0.6644022207600120966, 0.1700610526683352941, 0.7500000000000001110 ) ) ;
#2273 = VERTEX_POINT ( 'NONE', #5439 ) ;
#2274 = CARTESIAN_POINT ( 'NONE',  ( -0.2690940092538209871, 0.8084932384010330431, 0.7500000000000000000 ) ) ;
#2275 = ORIENTED_EDGE ( 'NONE', *, *, #3704, .F. ) ;
#2276 = FACE_BOUND ( 'NONE', #5378, .T. ) ;
#2277 = CARTESIAN_POINT ( 'NONE',  ( 0.2752739080961429941, 0.9002679561381129458, 0.7500000000000000000 ) ) ;
#2278 = EDGE_CURVE ( 'NONE', #862, #5458, #2853, .T. ) ;
#2279 = CARTESIAN_POINT ( 'NONE',  ( 0.1476401946869590198, 0.9061431588188529895, 0.7500000000000000000 ) ) ;
#2280 = EDGE_LOOP ( 'NONE', ( #396, #759, #4466, #2814, #1408, #1083, #1662, #2587, #2346, #3621, #2734, #2265 ) ) ;
#2281 =( GEOMETRIC_REPRESENTATION_CONTEXT ( 3 ) GLOBAL_UNCERTAINTY_ASSIGNED_CONTEXT ( ( #2555 ) ) GLOBAL_UNIT_ASSIGNED_CONTEXT ( ( #1641, #3866, #790 ) ) REPRESENTATION_CONTEXT ( 'NONE', 'WORKASPACE' ) );
#2282 = CARTESIAN_POINT ( 'NONE',  ( 0.3950064868657100492, 0.8791982637658030120, 0.7599999999999998979 ) ) ;
#2283 = DIRECTION ( 'NONE',  ( 0.0000000000000000000, -0.0000000000000000000, 1.000000000000000000 ) ) ;
#2284 = CARTESIAN_POINT ( 'NONE',  ( -0.4957957954520380572, 0.8321966423198819962, 0.7600000000000000089 ) ) ;
#2286 = ORIENTED_EDGE ( 'NONE', *, *, #5130, .T. ) ;
#2285 = SURFACE_STYLE_FILL_AREA ( #1115 ) ;
#2287 = UNCERTAINTY_MEASURE_WITH_UNIT (LENGTH_MEASURE( 1.000000000000000082E-05 ), #2365, 'distance_accuracy_value', 'NONE');
#2288 = EDGE_CURVE ( 'NONE', #5195, #5325, #5484, .T. ) ;
#2289 = VERTEX_POINT ( 'NONE', #2007 ) ;
#2290 = B_SPLINE_SURFACE_WITH_KNOTS ( 'NONE', 2, 1, ( 
 ( #3393, #4691 ),
 ( #5165, #2997 ),
 ( #4219, #4268 ),
 ( #3967, #3191 ) ),
 .UNSPECIFIED., .F., .F., .F.,
 ( 3, 1, 3 ),
 ( 2, 2 ),
 ( -2.000000000000000000, -1.000000000000000000, 0.0000000000000000000 ),
 ( 0.0000000000000000000, 0.001000000000000000021 ),
 .UNSPECIFIED. ) ;
#2291 = PLANE ( 'NONE',  #630 ) ;
#2292 = EDGE_CURVE ( 'NONE', #4643, #195, #2475, .T. ) ;
#2293 = FACE_OUTER_BOUND ( 'NONE', #4548, .T. ) ;
#2294 = ORIENTED_EDGE ( 'NONE', *, *, #5007, .T. ) ;
#2295 = STYLED_ITEM ( 'NONE', ( #4071 ), #3795 ) ;
#2296 = VECTOR ( 'NONE', #3737, 1000.000000000000000 ) ;
#2297 = LINE ( 'NONE', #5248, #3624 ) ;
#2298 = SURFACE_SIDE_STYLE ('',( #3218 ) ) ;
#2299 = B_SPLINE_CURVE_WITH_KNOTS ( 'NONE', 2,
 ( #3365, #5031, #5428, #325 ),
 .UNSPECIFIED., .F., .F.,
 ( 3, 1, 3 ),
 ( 0.0000000000000000000, 2.227040041871356584E-05, 4.454080083742713167E-05 ),
 .UNSPECIFIED. ) ;
#2300 = SURFACE_SIDE_STYLE ('',( #2326 ) ) ;
#2301 = PRESENTATION_STYLE_ASSIGNMENT (( #3084 ) ) ;
#2302 = CARTESIAN_POINT ( 'NONE',  ( -0.3973234530129752806, 0.5621178342457041621, 0.7500000000000000000 ) ) ;
#2303 = ORIENTED_EDGE ( 'NONE', *, *, #2122, .T. ) ;
#2304 = MECHANICAL_DESIGN_GEOMETRIC_PRESENTATION_REPRESENTATION (  '', ( #3916 ), #1228 ) ;
#2305 =( NAMED_UNIT ( * ) PLANE_ANGLE_UNIT ( ) SI_UNIT ( $, .RADIAN. ) );
#2306 = ORIENTED_EDGE ( 'NONE', *, *, #4184, .F. ) ;
#2307 = CARTESIAN_POINT ( 'NONE',  ( -0.4202285333859649974, 0.9405840021197440226, 0.7500000000000000000 ) ) ;
#2308 = PLANE ( 'NONE',  #5003 ) ;
#2309 = ORIENTED_EDGE ( 'NONE', *, *, #2174, .F. ) ;
#2310 = ADVANCED_FACE ( 'NONE', ( #1171 ), #3135, .T. ) ;
#2311 = CARTESIAN_POINT ( 'NONE',  ( 0.2728427897454919759, 0.6889632528273530454, 0.7600000000000000089 ) ) ;
#2312 = CARTESIAN_POINT ( 'NONE',  ( 0.2432641831459030068, 0.9122209546954810344, 0.7600000000000000089 ) ) ;
#2313 = ORIENTED_EDGE ( 'NONE', *, *, #3699, .F. ) ;
#2314 = MECHANICAL_DESIGN_GEOMETRIC_PRESENTATION_REPRESENTATION (  '', ( #5538 ), #1412 ) ;
#2315 = CARTESIAN_POINT ( 'NONE',  ( 0.0000000000000000000, 0.0000000000000000000, 0.2500000000000000000 ) ) ;
#2316 = ORIENTED_EDGE ( 'NONE', *, *, #744, .T. ) ;
#2317 = COLOUR_RGB ( '',0.0000000000000000000, 0.0000000000000000000, 0.0000000000000000000 ) ;
#2318 = EDGE_CURVE ( 'NONE', #2493, #4230, #2534, .T. ) ;
#2319 = SURFACE_STYLE_USAGE ( .BOTH. , #5415 ) ;
#2320 = DIRECTION ( 'NONE',  ( 0.0000000000000000000, 0.0000000000000000000, 1.000000000000000000 ) ) ;
#2321 = VERTEX_POINT ( 'NONE', #362 ) ;
#2322 =( GEOMETRIC_REPRESENTATION_CONTEXT ( 3 ) GLOBAL_UNCERTAINTY_ASSIGNED_CONTEXT ( ( #3799 ) ) GLOBAL_UNIT_ASSIGNED_CONTEXT ( ( #936, #410, #4752 ) ) REPRESENTATION_CONTEXT ( 'NONE', 'WORKASPACE' ) );
#2323 = ADVANCED_FACE ( 'NONE', ( #3355 ), #2936, .T. ) ;
#2324 = DIRECTION ( 'NONE',  ( 1.000000000000000000, 0.0000000000000000000, 0.0000000000000000000 ) ) ;
#2325 = CARTESIAN_POINT ( 'NONE',  ( -0.6999999999999999556, 0.6999999999999999556, 0.7500000000000000000 ) ) ;
#2326 = SURFACE_STYLE_FILL_AREA ( #4453 ) ;
#2327 = CARTESIAN_POINT ( 'NONE',  ( 0.2282722866502210068, 0.6816698977753999911, 0.7500000000000000000 ) ) ;
#2328 = CARTESIAN_POINT ( 'NONE',  ( -0.09567423357404102047, 0.9361269518102169895, 0.7600000000000000089 ) ) ;
#2329 = FACE_OUTER_BOUND ( 'NONE', #1296, .T. ) ;
#2330 = SURFACE_STYLE_FILL_AREA ( #163 ) ;
#2331 = VERTEX_POINT ( 'NONE', #2561 ) ;
#2332 = AXIS2_PLACEMENT_3D ( 'NONE', #4193, #3790, #4639 ) ;
#2333 = DIRECTION ( 'NONE',  ( 1.224646799147353207E-16, -1.000000000000000000, 0.0000000000000000000 ) ) ;
#2334 = FILL_AREA_STYLE ('',( #2359 ) ) ;
#2335 = DIRECTION ( 'NONE',  ( 0.0000000000000000000, 0.0000000000000000000, 1.000000000000000000 ) ) ;
#2336 = CARTESIAN_POINT ( 'NONE',  ( 0.3499999999999999778, -0.8000000000000000444, 0.0000000000000000000 ) ) ;
#2337 = VERTEX_POINT ( 'NONE', #542 ) ;
#2338 =( LENGTH_UNIT ( ) NAMED_UNIT ( * ) SI_UNIT ( .MILLI., .METRE. ) );
#2339 = MECHANICAL_DESIGN_GEOMETRIC_PRESENTATION_REPRESENTATION (  '', ( #2965 ), #295 ) ;
#2340 = UNCERTAINTY_MEASURE_WITH_UNIT (LENGTH_MEASURE( 1.000000000000000082E-05 ), #3798, 'distance_accuracy_value', 'NONE');
#2341 = ORIENTED_EDGE ( 'NONE', *, *, #1589, .F. ) ;
#2342 = CARTESIAN_POINT ( 'NONE',  ( 0.3060680738710570004, 0.7428530429334530005, 0.7600000000000000089 ) ) ;
#2343 = FACE_OUTER_BOUND ( 'NONE', #4457, .T. ) ;
#2344 = CARTESIAN_POINT ( 'NONE',  ( -0.4696612731825379750, 0.8567104190222809557, 0.7500000000000000000 ) ) ;
#2345 = PRESENTATION_STYLE_ASSIGNMENT (( #5122 ) ) ;
#2346 = ORIENTED_EDGE ( 'NONE', *, *, #4590, .T. ) ;
#2347 = EDGE_CURVE ( 'NONE', #3483, #4855, #3452, .T. ) ;
#2348 = CARTESIAN_POINT ( 'NONE',  ( -1.000000000000000000, 0.6750000000000000444, 0.08999999999999999667 ) ) ;
#2349 = COLOUR_RGB ( '',1.000000000000000000, 1.000000000000000000, 1.000000000000000000 ) ;
#2350 =( NAMED_UNIT ( * ) PLANE_ANGLE_UNIT ( ) SI_UNIT ( $, .RADIAN. ) );
#2351 = DIRECTION ( 'NONE',  ( -0.0000000000000000000, -0.0000000000000000000, -1.000000000000000000 ) ) ;
#2352 = LINE ( 'NONE', #3592, #3424 ) ;
#2353 = EDGE_CURVE ( 'NONE', #364, #1190, #1299, .T. ) ;
#2354 =( GEOMETRIC_REPRESENTATION_CONTEXT ( 3 ) GLOBAL_UNCERTAINTY_ASSIGNED_CONTEXT ( ( #177 ) ) GLOBAL_UNIT_ASSIGNED_CONTEXT ( ( #5489, #2071, #2863 ) ) REPRESENTATION_CONTEXT ( 'NONE', 'WORKASPACE' ) );
#2355 = ORIENTED_EDGE ( 'NONE', *, *, #5227, .T. ) ;
#2356 =( LENGTH_UNIT ( ) NAMED_UNIT ( * ) SI_UNIT ( .MILLI., .METRE. ) );
#2357 = VERTEX_POINT ( 'NONE', #455 ) ;
#2358 = LINE ( 'NONE', #4036, #4482 ) ;
#2359 = FILL_AREA_STYLE_COLOUR ( '', #3222 ) ;
#2360 = FILL_AREA_STYLE ('',( #1082 ) ) ;
#2361 = EDGE_LOOP ( 'NONE', ( #486, #717, #1751, #2275 ) ) ;
#2362 = MECHANICAL_DESIGN_GEOMETRIC_PRESENTATION_REPRESENTATION (  '', ( #2448 ), #3801 ) ;
#2363 = CARTESIAN_POINT ( 'NONE',  ( -0.3023192933793860115, 0.6861269480849271352, 0.7600000000000000089 ) ) ;
#2364 = COLOUR_RGB ( '',1.000000000000000000, 1.000000000000000000, 1.000000000000000000 ) ;
#2365 =( LENGTH_UNIT ( ) NAMED_UNIT ( * ) SI_UNIT ( .MILLI., .METRE. ) );
#2366 = PRESENTATION_LAYER_ASSIGNMENT (  '', '', ( #1470 ) ) ;
#2367 = ORIENTED_EDGE ( 'NONE', *, *, #217, .F. ) ;
#2369 = ORIENTED_EDGE ( 'NONE', *, *, #2896, .F. ) ;
#2368 = DIRECTION ( 'NONE',  ( 0.0000000000000000000, 0.0000000000000000000, 1.000000000000000000 ) ) ;
#2370 = CARTESIAN_POINT ( 'NONE',  ( -0.4370437686446360104, 0.8336147946910950068, 0.7600000000000000089 ) ) ;
#2371 =( LENGTH_UNIT ( ) NAMED_UNIT ( * ) SI_UNIT ( .MILLI., .METRE. ) );
#2372 = ORIENTED_EDGE ( 'NONE', *, *, #5161, .F. ) ;
#2373 = FILL_AREA_STYLE ('',( #734 ) ) ;
#2374 = ADVANCED_FACE ( 'NONE', ( #3015 ), #3587, .T. ) ;
#2375 = B_SPLINE_CURVE_WITH_KNOTS ( 'NONE', 2,
 ( #4371, #113, #5200, #1775 ),
 .UNSPECIFIED., .F., .F.,
 ( 3, 1, 3 ),
 ( 0.0000000000000000000, 3.085913815118815893E-05, 6.171827630237631786E-05 ),
 .UNSPECIFIED. ) ;
#2376 =( NAMED_UNIT ( * ) PLANE_ANGLE_UNIT ( ) SI_UNIT ( $, .RADIAN. ) );
#2377 = DIRECTION ( 'NONE',  ( 0.0000000000000000000, -0.0000000000000000000, 1.000000000000000000 ) ) ;
#2378 = STYLED_ITEM ( 'NONE', ( #2931 ), #2479 ) ;
#2379 = DIRECTION ( 'NONE',  ( 0.0000000000000000000, -1.000000000000000000, -0.0000000000000000000 ) ) ;
#2380 = DIRECTION ( 'NONE',  ( -0.0000000000000000000, 0.0000000000000000000, -1.000000000000000000 ) ) ;
#2381 = DIRECTION ( 'NONE',  ( 0.0000000000000000000, 0.0000000000000000000, 1.000000000000000000 ) ) ;
#2382 = ORIENTED_EDGE ( 'NONE', *, *, #5382, .T. ) ;
#2383 = AXIS2_PLACEMENT_3D ( 'NONE', #200, #326, #2874 ) ;
#2384 = EDGE_CURVE ( 'NONE', #1556, #1357, #3497, .T. ) ;
#2385 = CARTESIAN_POINT ( 'NONE',  ( -0.2690940092538209871, -9.146724000000000172E-17, 0.7500000000000000000 ) ) ;
#2386 = CARTESIAN_POINT ( 'NONE',  ( -0.4568979018416199911, 0.9405840021197440226, 0.7500000000000000000 ) ) ;
#2387 = AXIS2_PLACEMENT_3D ( 'NONE', #558, #3058, #1318 ) ;
#2388 = MECHANICAL_DESIGN_GEOMETRIC_PRESENTATION_REPRESENTATION (  '', ( #1669 ), #1672 ) ;
#2389 = ORIENTED_EDGE ( 'NONE', *, *, #3623, .F. ) ;
#2390 = PRESENTATION_LAYER_ASSIGNMENT (  '', '', ( #264 ) ) ;
#2391 = ADVANCED_FACE ( 'NONE', ( #3068 ), #4797, .F. ) ;
#2392 = CARTESIAN_POINT ( 'NONE',  ( -0.3602609474032379966, 0.8956083126326990218, 0.7500000000000000000 ) ) ;
#2393 = SURFACE_STYLE_USAGE ( .BOTH. , #2418 ) ;
#2394 = UNCERTAINTY_MEASURE_WITH_UNIT (LENGTH_MEASURE( 1.000000000000000082E-05 ), #3920, 'distance_accuracy_value', 'NONE');
#2395 = ORIENTED_EDGE ( 'NONE', *, *, #730, .T. ) ;
#2396 = MECHANICAL_DESIGN_GEOMETRIC_PRESENTATION_REPRESENTATION (  '', ( #2666 ), #3840 ) ;
#2397 = DIRECTION ( 'NONE',  ( -0.0000000000000000000, -0.0000000000000000000, 1.000000000000000000 ) ) ;
#2398 = SURFACE_STYLE_USAGE ( .BOTH. , #2959 ) ;
#2399 = ORIENTED_EDGE ( 'NONE', *, *, #1381, .F. ) ;
#2400 = B_SPLINE_CURVE_WITH_KNOTS ( 'NONE', 2,
 ( #5444, #5419, #1586, #1955 ),
 .UNSPECIFIED., .F., .F.,
 ( 3, 1, 3 ),
 ( 0.0000000000000000000, 4.045236854300223947E-05, 8.090473708600447894E-05 ),
 .UNSPECIFIED. ) ;
#2401 = CARTESIAN_POINT ( 'NONE',  ( -0.2690940092538209871, 0.8380718450006220399, 0.7600000000000000089 ) ) ;
#2402 = LINE ( 'NONE', #4139, #5267 ) ;
#2403 = CARTESIAN_POINT ( 'NONE',  ( -0.01180065047657699942, 0.9065483452106281037, 0.7500000000000000000 ) ) ;
#2404 = FACE_OUTER_BOUND ( 'NONE', #3087, .T. ) ;
#2405 = CARTESIAN_POINT ( 'NONE',  ( -0.5061280484423049675, 0.7428530429334530005, 0.7500000000000000000 ) ) ;
#2406 = ORIENTED_EDGE ( 'NONE', *, *, #1599, .F. ) ;
#2407 = EDGE_CURVE ( 'NONE', #5129, #2321, #2674, .T. ) ;
#2408 = COLOUR_RGB ( '',1.000000000000000000, 1.000000000000000000, 1.000000000000000000 ) ;
#2409 = FILL_AREA_STYLE ('',( #738 ) ) ;
#2410 = SURFACE_SIDE_STYLE ('',( #1514 ) ) ;
#2411 = PRESENTATION_STYLE_ASSIGNMENT (( #2837 ) ) ;
#2412 = CARTESIAN_POINT ( 'NONE',  ( 0.3499999999999999778, -0.8000000000000000444, 0.0000000000000000000 ) ) ;
#2413 = CARTESIAN_POINT ( 'NONE',  ( 0.0000000000000000000, 0.0000000000000000000, 0.5841640786499873172 ) ) ;
#2414 = EDGE_CURVE ( 'NONE', #3857, #2978, #3987, .T. ) ;
#2415 = ORIENTED_EDGE ( 'NONE', *, *, #1349, .F. ) ;
#2416 = ADVANCED_FACE ( 'NONE', ( #1275 ), #4712, .T. ) ;
#2417 = CARTESIAN_POINT ( 'NONE',  ( -0.4180000082312019805, 0.9118157683037061423, 0.7500000000000000000 ) ) ;
#2418 = SURFACE_SIDE_STYLE ('',( #4127 ) ) ;
#2419 = CARTESIAN_POINT ( 'NONE',  ( -0.09567423357404102047, 0.9361269518102169895, 0.7500000000000000000 ) ) ;
#2420 = ORIENTED_EDGE ( 'NONE', *, *, #2795, .T. ) ;
#2421 = EDGE_CURVE ( 'NONE', #4259, #3802, #5291, .T. ) ;
#2422 = B_SPLINE_CURVE_WITH_KNOTS ( 'NONE', 2,
 ( #317, #3754, #5463, #2013 ),
 .UNSPECIFIED., .F., .F.,
 ( 3, 1, 3 ),
 ( 0.0000000000000000000, 5.204560209392085026E-05, 0.0001040912041878417005 ),
 .UNSPECIFIED. ) ;
#2423 = MECHANICAL_DESIGN_GEOMETRIC_PRESENTATION_REPRESENTATION (  '', ( #3966 ), #3326 ) ;
#2424 = CARTESIAN_POINT ( 'NONE',  ( 1.010000000000000009, 0.5000000000000000000, 0.04000000000000000083 ) ) ;
#2425 = CARTESIAN_POINT ( 'NONE',  ( -0.2500000000000000000, 3.061616997868383018E-17, 0.2500000000000000000 ) ) ;
#2426 = FILL_AREA_STYLE ('',( #2454 ) ) ;
#2427 = EDGE_LOOP ( 'NONE', ( #729, #1444, #1427, #4235 ) ) ;
#2428 = CARTESIAN_POINT ( 'NONE',  ( -1.000000000000000000, 1.000000000000000000, 0.7500000000000000000 ) ) ;
#2429 = SURFACE_SIDE_STYLE ('',( #4969 ) ) ;
#2430 = COLOUR_RGB ( '',1.000000000000000000, 1.000000000000000000, 1.000000000000000000 ) ;
#2431 = CARTESIAN_POINT ( 'NONE',  ( -0.3707957935893930190, 0.7333311627267361521, 0.7500000000000000000 ) ) ;
#2432 = CARTESIAN_POINT ( 'NONE',  ( -0.3023192933793860115, 0.9361269518102169895, 0.7600000000000000089 ) ) ;
#2433 = SURFACE_STYLE_USAGE ( .BOTH. , #4973 ) ;
#2434 = VECTOR ( 'NONE', #3786, 1000.000000000000000 ) ;
#2435 = SURFACE_STYLE_FILL_AREA ( #2409 ) ;
#2436 = DIRECTION ( 'NONE',  ( -1.000000000000000000, 0.0000000000000000000, -0.0000000000000000000 ) ) ;
#2437 = LINE ( 'NONE', #5453, #4535 ) ;
#2438 = CARTESIAN_POINT ( 'NONE',  ( -0.2690940092538209871, 0.9361269518102169895, 0.7600000000000000089 ) ) ;
#2439 = DIRECTION ( 'NONE',  ( -1.000000000000000000, -0.0000000000000000000, 0.0000000000000000000 ) ) ;
#2440 = DIRECTION ( 'NONE',  ( -1.000000000000000000, 0.0000000000000000000, 0.0000000000000000000 ) ) ;
#2441 = EDGE_LOOP ( 'NONE', ( #4698, #5327, #4996, #2369 ) ) ;
#2442 = VECTOR ( 'NONE', #1270, 1000.000000000000000 ) ;
#2443 = LINE ( 'NONE', #5478, #3819 ) ;
#2444 = DIRECTION ( 'NONE',  ( 1.000000000000000000, 0.0000000000000000000, 0.0000000000000000000 ) ) ;
#2445 =( NAMED_UNIT ( * ) PLANE_ANGLE_UNIT ( ) SI_UNIT ( $, .RADIAN. ) );
#2446 = ADVANCED_FACE ( 'NONE', ( #3633 ), #2637, .T. ) ;
#2447 = LINE ( 'NONE', #3323, #2024 ) ;
#2448 = STYLED_ITEM ( 'NONE', ( #5086 ), #2103 ) ;
#2449 = ORIENTED_EDGE ( 'NONE', *, *, #3948, .F. ) ;
#2450 = MECHANICAL_DESIGN_GEOMETRIC_PRESENTATION_REPRESENTATION (  '', ( #1732 ), #4890 ) ;
#2451 = CARTESIAN_POINT ( 'NONE',  ( 0.2039611031437099931, 0.6816698977753999911, 0.7600000000000000089 ) ) ;
#2452 = EDGE_CURVE ( 'NONE', #613, #2105, #1631, .T. ) ;
#2453 = AXIS2_PLACEMENT_3D ( 'NONE', #3645, #2888, #2856 ) ;
#2454 = FILL_AREA_STYLE_COLOUR ( '', #5397 ) ;
#2455 = ORIENTED_EDGE ( 'NONE', *, *, #1085, .F. ) ;
#2456 = CARTESIAN_POINT ( 'NONE',  ( -0.01180065047657699942, 0.9065483452106281037, 0.7600000000000000089 ) ) ;
#2457 = FACE_OUTER_BOUND ( 'NONE', #3122, .T. ) ;
#2458 = ADVANCED_FACE ( 'NONE', ( #5432 ), #2084, .F. ) ;
#2459 = FACE_OUTER_BOUND ( 'NONE', #1450, .T. ) ;
#2460 = SURFACE_STYLE_FILL_AREA ( #399 ) ;
#2461 = CARTESIAN_POINT ( 'NONE',  ( 0.2770972468591310078, 0.7227963165405809631, 0.7600000000000000089 ) ) ;
#2462 = COLOUR_RGB ( '',1.000000000000000000, 1.000000000000000000, 1.000000000000000000 ) ;
#2463 = FILL_AREA_STYLE_COLOUR ( '', #190 ) ;
#2464 = CARTESIAN_POINT ( 'NONE',  ( -0.4202285333859649974, 0.9405840021197440226, 0.7500000000000000000 ) ) ;
#2465 = ORIENTED_EDGE ( 'NONE', *, *, #1983, .F. ) ;
#2466 = STYLED_ITEM ( 'NONE', ( #3088 ), #3935 ) ;
#2467 =( GEOMETRIC_REPRESENTATION_CONTEXT ( 3 ) GLOBAL_UNCERTAINTY_ASSIGNED_CONTEXT ( ( #1947 ) ) GLOBAL_UNIT_ASSIGNED_CONTEXT ( ( #5519, #1700, #2966 ) ) REPRESENTATION_CONTEXT ( 'NONE', 'WORKASPACE' ) );
#2468 = CARTESIAN_POINT ( 'NONE',  ( 0.2728427897454919759, 0.9341010198513409746, 0.7550000000000000044 ) ) ;
#2469 = CARTESIAN_POINT ( 'NONE',  ( 0.2286774730419960100, 0.9122209546954810344, 0.7500000000000000000 ) ) ;
#2470 = ORIENTED_EDGE ( 'NONE', *, *, #2543, .F. ) ;
#2471 = EDGE_CURVE ( 'NONE', #2030, #4938, #2447, .T. ) ;
#2472 = VECTOR ( 'NONE', #2870, 1000.000000000000000 ) ;
#2473 = FACE_OUTER_BOUND ( 'NONE', #1849, .T. ) ;
#2474 =( LENGTH_UNIT ( ) NAMED_UNIT ( * ) SI_UNIT ( .MILLI., .METRE. ) );
#2476 = ORIENTED_EDGE ( 'NONE', *, *, #2246, .T. ) ;
#2475 = LINE ( 'NONE', #2425, #943 ) ;
#2477 = DIRECTION ( 'NONE',  ( 0.0000000000000000000, 1.000000000000000000, -0.0000000000000000000 ) ) ;
#2478 = ORIENTED_EDGE ( 'NONE', *, *, #1877, .T. ) ;
#2479 = ADVANCED_FACE ( 'NONE', ( #2496 ), #3446, .T. ) ;
#2480 =( GEOMETRIC_REPRESENTATION_CONTEXT ( 3 ) GLOBAL_UNCERTAINTY_ASSIGNED_CONTEXT ( ( #832 ) ) GLOBAL_UNIT_ASSIGNED_CONTEXT ( ( #3833, #836, #5072 ) ) REPRESENTATION_CONTEXT ( 'NONE', 'WORKASPACE' ) );
#2481 = PRESENTATION_STYLE_ASSIGNMENT (( #5421 ) ) ;
#2482 = SURFACE_SIDE_STYLE ('',( #370 ) ) ;
#2483 =( GEOMETRIC_REPRESENTATION_CONTEXT ( 3 ) GLOBAL_UNCERTAINTY_ASSIGNED_CONTEXT ( ( #5152 ) ) GLOBAL_UNIT_ASSIGNED_CONTEXT ( ( #1129, #5399, #1568 ) ) REPRESENTATION_CONTEXT ( 'NONE', 'WORKASPACE' ) );
#2484 = PRESENTATION_STYLE_ASSIGNMENT (( #2433 ) ) ;
#2485 = EDGE_CURVE ( 'NONE', #3982, #4683, #2903, .T. ) ;
#2486 = FACE_OUTER_BOUND ( 'NONE', #1428, .T. ) ;
#2487 = PRESENTATION_LAYER_ASSIGNMENT (  '', '', ( #1334 ) ) ;
#2488 = B_SPLINE_CURVE_WITH_KNOTS ( 'NONE', 2,
 ( #3400, #412, #5093, #5034 ),
 .UNSPECIFIED., .F., .F.,
 ( 3, 1, 3 ),
 ( 0.0000000000000000000, 1.809434284840364521E-05, 3.618868569680729042E-05 ),
 .UNSPECIFIED. ) ;
#2489 = DIRECTION ( 'NONE',  ( -1.000000000000000000, 0.0000000000000000000, 0.0000000000000000000 ) ) ;
#2490 = LINE ( 'NONE', #4542, #1918 ) ;
#2491 =( LENGTH_UNIT ( ) NAMED_UNIT ( * ) SI_UNIT ( .MILLI., .METRE. ) );
#2492 = LINE ( 'NONE', #3767, #425 ) ;
#2493 = VERTEX_POINT ( 'NONE', #2848 ) ;
#2494 = CARTESIAN_POINT ( 'NONE',  ( -0.4880972540083090006, 0.8238903212884900462, 0.7500000000000000000 ) ) ;
#2495 = LINE ( 'NONE', #1114, #2266 ) ;
#2496 = FACE_OUTER_BOUND ( 'NONE', #3988, .T. ) ;
#2497 = UNCERTAINTY_MEASURE_WITH_UNIT (LENGTH_MEASURE( 1.000000000000000082E-05 ), #2602, 'distance_accuracy_value', 'NONE');
#2498 = DIRECTION ( 'NONE',  ( -0.0000000000000000000, 0.0000000000000000000, 1.000000000000000000 ) ) ;
#2499 = VERTEX_POINT ( 'NONE', #2193 ) ;
#2500 = STYLED_ITEM ( 'NONE', ( #2411 ), #205 ) ;
#2501 = B_SPLINE_CURVE_WITH_KNOTS ( 'NONE', 2,
 ( #184, #210, #4917, #1068 ),
 .UNSPECIFIED., .F., .F.,
 ( 3, 1, 3 ),
 ( 0.0000000000000000000, 4.568120824134391946E-05, 9.136241648268783892E-05 ),
 .UNSPECIFIED. ) ;
#2502 = VECTOR ( 'NONE', #378, 1000.000000000000000 ) ;
#2504 = ORIENTED_EDGE ( 'NONE', *, *, #3544, .F. ) ;
#2503 = FILL_AREA_STYLE ('',( #4652 ) ) ;
#2505 = UNCERTAINTY_MEASURE_WITH_UNIT (LENGTH_MEASURE( 1.000000000000000082E-05 ), #4017, 'distance_accuracy_value', 'NONE');
#2506 = DIRECTION ( 'NONE',  ( 0.0000000000000000000, 1.000000000000000000, 0.0000000000000000000 ) ) ;
#2507 = ORIENTED_EDGE ( 'NONE', *, *, #3829, .T. ) ;
#2508 = VERTEX_POINT ( 'NONE', #52 ) ;
#2509 =( LENGTH_UNIT ( ) NAMED_UNIT ( * ) SI_UNIT ( .MILLI., .METRE. ) );
#2510 =( NAMED_UNIT ( * ) PLANE_ANGLE_UNIT ( ) SI_UNIT ( $, .RADIAN. ) );
#2511 = EDGE_CURVE ( 'NONE', #2038, #3674, #3062, .T. ) ;
#2512 = FILL_AREA_STYLE ('',( #4662 ) ) ;
#2513 = B_SPLINE_CURVE_WITH_KNOTS ( 'NONE', 2,
 ( #2757, #5226, #5284, #4487 ),
 .UNSPECIFIED., .F., .F.,
 ( 3, 1, 3 ),
 ( 0.0000000000000000000, 2.519131739469000140E-05, 5.038263478938000280E-05 ),
 .UNSPECIFIED. ) ;
#2514 = AXIS2_PLACEMENT_3D ( 'NONE', #3347, #4228, #2136 ) ;
#2515 = LINE ( 'NONE', #2126, #3065 ) ;
#2516 =( NAMED_UNIT ( * ) PLANE_ANGLE_UNIT ( ) SI_UNIT ( $, .RADIAN. ) );
#2517 = VECTOR ( 'NONE', #4646, 1000.000000000000000 ) ;
#2518 = CARTESIAN_POINT ( 'NONE',  ( 0.8249999999999999556, -0.5000000000000000000, -0.01000000000000000021 ) ) ;
#2519 = CARTESIAN_POINT ( 'NONE',  ( -1.000000000000000000, 0.6750000000000000444, 0.0000000000000000000 ) ) ;
#2520 = EDGE_CURVE ( 'NONE', #2808, #381, #2375, .T. ) ;
#2521 = CARTESIAN_POINT ( 'NONE',  ( 0.1741799033482339942, 0.7353570946856119450, 0.7600000000000000089 ) ) ;
#2522 = DIRECTION ( 'NONE',  ( 0.0000000000000000000, 0.0000000000000000000, 1.000000000000000000 ) ) ;
#2523 = ORIENTED_EDGE ( 'NONE', *, *, #419, .F. ) ;
#2524 = CARTESIAN_POINT ( 'NONE',  ( -1.000000000000000000, -0.6750000000000000444, -0.01000000000000000021 ) ) ;
#2525 = CARTESIAN_POINT ( 'NONE',  ( -0.3857876900850750190, 0.8204462369584010206, 0.7500000000000000000 ) ) ;
#2526 = DIRECTION ( 'NONE',  ( -0.0000000000000000000, 1.000000000000000000, 0.0000000000000000000 ) ) ;
#2527 = ADVANCED_FACE ( 'NONE', ( #3911 ), #3402, .T. ) ;
#2528 = FILL_AREA_STYLE ('',( #385 ) ) ;
#2529 = SURFACE_SIDE_STYLE ('',( #5177 ) ) ;
#2530 = ORIENTED_EDGE ( 'NONE', *, *, #377, .F. ) ;
#2531 =( GEOMETRIC_REPRESENTATION_CONTEXT ( 3 ) GLOBAL_UNCERTAINTY_ASSIGNED_CONTEXT ( ( #4379 ) ) GLOBAL_UNIT_ASSIGNED_CONTEXT ( ( #3408, #4763, #1298 ) ) REPRESENTATION_CONTEXT ( 'NONE', 'WORKASPACE' ) );
#2532 =( LENGTH_UNIT ( ) NAMED_UNIT ( * ) SI_UNIT ( .MILLI., .METRE. ) );
#2533 =( GEOMETRIC_REPRESENTATION_CONTEXT ( 3 ) GLOBAL_UNCERTAINTY_ASSIGNED_CONTEXT ( ( #2622 ) ) GLOBAL_UNIT_ASSIGNED_CONTEXT ( ( #970, #196, #1832 ) ) REPRESENTATION_CONTEXT ( 'NONE', 'WORKASPACE' ) );
#2535 = ORIENTED_EDGE ( 'NONE', *, *, #1703, .F. ) ;
#2534 = LINE ( 'NONE', #3806, #3174 ) ;
#2536 = ORIENTED_EDGE ( 'NONE', *, *, #3580, .F. ) ;
#2537 = VERTEX_POINT ( 'NONE', #2137 ) ;
#2538 = STYLED_ITEM ( 'NONE', ( #5101 ), #2310 ) ;
#2539 = CARTESIAN_POINT ( 'NONE',  ( 0.1478427878828459940, 0.7144899955091900123, 0.7500000000000000000 ) ) ;
#2540 = CARTESIAN_POINT ( 'NONE',  ( -0.6500000000000001332, -0.3250000000000000666, 0.0000000000000000000 ) ) ;
#2541 = PLANE ( 'NONE',  #1056 ) ;
#2542 = CARTESIAN_POINT ( 'NONE',  ( 0.1510842790170479899, 0.8109243567516839502, 0.7500000000000000000 ) ) ;
#2543 = EDGE_CURVE ( 'NONE', #1095, #195, #1853, .T. ) ;
#2544 = FILL_AREA_STYLE ('',( #376 ) ) ;
#2545 = FILL_AREA_STYLE ('',( #3849 ) ) ;
#2546 = CARTESIAN_POINT ( 'NONE',  ( -0.6854101966249680489, 0.0000000000000000000, 0.7500000000000000000 ) ) ;
#2547 = ORIENTED_EDGE ( 'NONE', *, *, #4404, .F. ) ;
#2548 = EDGE_CURVE ( 'NONE', #2230, #1897, #4869, .T. ) ;
#2549 = CARTESIAN_POINT ( 'NONE',  ( 0.5686373544702383320, 6.963799160275960287E-17, 0.7500000000000000000 ) ) ;
#2550 = ORIENTED_EDGE ( 'NONE', *, *, #1833, .F. ) ;
#2551 = CARTESIAN_POINT ( 'NONE',  ( 1.000000000000000000, 0.9999999999999991118, 0.7500000000000000000 ) ) ;
#2552 = CARTESIAN_POINT ( 'NONE',  ( 0.2997876847985420090, 0.7390037722115889718, 0.7500000000000000000 ) ) ;
#2553 = DIRECTION ( 'NONE',  ( -0.0000000000000000000, -0.0000000000000000000, 1.000000000000000000 ) ) ;
#2554 = CARTESIAN_POINT ( 'NONE',  ( 0.6500000000000001332, 0.6750000000000000444, 0.0000000000000000000 ) ) ;
#2555 = UNCERTAINTY_MEASURE_WITH_UNIT (LENGTH_MEASURE( 1.000000000000000082E-05 ), #1641, 'distance_accuracy_value', 'NONE');
#2556 = MECHANICAL_DESIGN_GEOMETRIC_PRESENTATION_REPRESENTATION (  '', ( #1139 ), #868 ) ;
#2557 = VECTOR ( 'NONE', #1516, 1000.000000000000000 ) ;
#2558 = ORIENTED_EDGE ( 'NONE', *, *, #318, .F. ) ;
#2559 = EDGE_CURVE ( 'NONE', #199, #5357, #4489, .T. ) ;
#2560 = LINE ( 'NONE', #3605, #3255 ) ;
#2561 = CARTESIAN_POINT ( 'NONE',  ( 1.010000000000000009, -0.3250000000000000666, -0.009999999999999998473 ) ) ;
#2562 = UNCERTAINTY_MEASURE_WITH_UNIT (LENGTH_MEASURE( 1.000000000000000082E-05 ), #1806, 'distance_accuracy_value', 'NONE');
#2563 = ORIENTED_EDGE ( 'NONE', *, *, #3837, .T. ) ;
#2564 = STYLED_ITEM ( 'NONE', ( #2579 ), #3974 ) ;
#2565 = ORIENTED_EDGE ( 'NONE', *, *, #4251, .F. ) ;
#2566 = STYLED_ITEM ( 'NONE', ( #5377 ), #3529 ) ;
#2567 = CARTESIAN_POINT ( 'NONE',  ( -0.4011847729725320222, 0.6816698977753999911, 0.7500000000000000000 ) ) ;
#2568 = CARTESIAN_POINT ( 'NONE',  ( 0.4012868759382259842, 0.9369373245937679950, 0.7600000000000000089 ) ) ;
#2569 = VERTEX_POINT ( 'NONE', #4094 ) ;
#2570 = CARTESIAN_POINT ( 'NONE',  ( 0.1741799033482339942, 0.7353570946856119450, 0.7500000000000000000 ) ) ;
#2571 =( NAMED_UNIT ( * ) SI_UNIT ( $, .STERADIAN. ) SOLID_ANGLE_UNIT ( ) );
#2572 = DIRECTION ( 'NONE',  ( 0.0000000000000000000, -0.0000000000000000000, -1.000000000000000000 ) ) ;
#2573 =( NAMED_UNIT ( * ) SI_UNIT ( $, .STERADIAN. ) SOLID_ANGLE_UNIT ( ) );
#2574 = SURFACE_SIDE_STYLE ('',( #4696 ) ) ;
#2575 = EDGE_CURVE ( 'NONE', #3857, #485, #2758, .T. ) ;
#2576 = SURFACE_STYLE_USAGE ( .BOTH. , #3938 ) ;
#2577 = ORIENTED_EDGE ( 'NONE', *, *, #1587, .T. ) ;
#2578 = ORIENTED_EDGE ( 'NONE', *, *, #1452, .F. ) ;
#2579 = PRESENTATION_STYLE_ASSIGNMENT (( #1475 ) ) ;
#2580 = DIRECTION ( 'NONE',  ( -0.7071067811865474617, -0.7071067811865474617, 0.0000000000000000000 ) ) ;
#2581 = CARTESIAN_POINT ( 'NONE',  ( -0.3500000000000009770, 0.5500000000000000444, 0.0000000000000000000 ) ) ;
#2582 = PRESENTATION_STYLE_ASSIGNMENT (( #3035 ) ) ;
#2583 = EDGE_CURVE ( 'NONE', #1460, #4106, #2725, .T. ) ;
#2584 = VECTOR ( 'NONE', #119, 1000.000000000000000 ) ;
#2585 = FACE_OUTER_BOUND ( 'NONE', #2665, .T. ) ;
#2586 = CARTESIAN_POINT ( 'NONE',  ( -0.4880972540083090006, 0.8238903212884900462, 0.7600000000000000089 ) ) ;
#2587 = ORIENTED_EDGE ( 'NONE', *, *, #3335, .T. ) ;
#2588 = SURFACE_SIDE_STYLE ('',( #5482 ) ) ;
#2589 = LINE ( 'NONE', #1382, #1909 ) ;
#2590 = LINE ( 'NONE', #2171, #1687 ) ;
#2591 = ORIENTED_EDGE ( 'NONE', *, *, #3872, .T. ) ;
#2592 = EDGE_CURVE ( 'NONE', #543, #2760, #3316, .T. ) ;
#2593 = FACE_OUTER_BOUND ( 'NONE', #1135, .T. ) ;
#2594 = ORIENTED_EDGE ( 'NONE', *, *, #5376, .F. ) ;
#2595 = B_SPLINE_SURFACE_WITH_KNOTS ( 'NONE', 2, 1, ( 
 ( #2417, #4981 ),
 ( #1464, #4520 ),
 ( #2392, #620 ),
 ( #1999, #4151 ) ),
 .UNSPECIFIED., .F., .F., .F.,
 ( 3, 1, 3 ),
 ( 2, 2 ),
 ( -2.000000000000000000, -1.000000000000000000, 0.0000000000000000000 ),
 ( 0.0000000000000000000, 0.001000000000000000021 ),
 .UNSPECIFIED. ) ;
#2596 = VERTEX_POINT ( 'NONE', #2696 ) ;
#2597 = CARTESIAN_POINT ( 'NONE',  ( -0.09567423357404102047, 0.9361269518102169895, 0.7500000000000000000 ) ) ;
#2598 = CARTESIAN_POINT ( 'NONE',  ( 0.2039611031437099931, 0.6816698977753999911, 0.7500000000000000000 ) ) ;
#2599 = VERTEX_POINT ( 'NONE', #5345 ) ;
#2600 = CARTESIAN_POINT ( 'NONE',  ( 0.4272188050118380098, 0.9369373245937678840, 0.7599999999999998979 ) ) ;
#2601 = PRESENTATION_LAYER_ASSIGNMENT (  '', '', ( #5123 ) ) ;
#2602 =( LENGTH_UNIT ( ) NAMED_UNIT ( * ) SI_UNIT ( .MILLI., .METRE. ) );
#2603 = LINE ( 'NONE', #3507, #3769 ) ;
#2604 = CARTESIAN_POINT ( 'NONE',  ( -0.1540210739896679948, 0.8084932384010330431, 0.7500000000000000000 ) ) ;
#2605 = CARTESIAN_POINT ( 'NONE',  ( -0.6854101966249680489, 1.370820393249935876, 0.7500000000000000000 ) ) ;
#2606 = VERTEX_POINT ( 'NONE', #648 ) ;
#2607 = STYLED_ITEM ( 'NONE', ( #202 ), #812 ) ;
#2608 = FILL_AREA_STYLE_COLOUR ( '', #899 ) ;
#2609 = ORIENTED_EDGE ( 'NONE', *, *, #2865, .F. ) ;
#2610 =( LENGTH_UNIT ( ) NAMED_UNIT ( * ) SI_UNIT ( .MILLI., .METRE. ) );
#2611 = CARTESIAN_POINT ( 'NONE',  ( 0.3060680738710570004, 0.9195143097474349769, 0.7600000000000000089 ) ) ;
#2612 =( LENGTH_UNIT ( ) NAMED_UNIT ( * ) SI_UNIT ( .MILLI., .METRE. ) );
#2613 = VECTOR ( 'NONE', #4563, 1000.000000000000000 ) ;
#2614 = CARTESIAN_POINT ( 'NONE',  ( 0.2724683888611922900, -0.6292826789212354610, 0.7500000000000000000 ) ) ;
#2615 = ORIENTED_EDGE ( 'NONE', *, *, #2278, .F. ) ;
#2616 = VECTOR ( 'NONE', #3759, 1000.000000000000000 ) ;
#2617 = EDGE_CURVE ( 'NONE', #2357, #1814, #4072, .T. ) ;
#2618 = PRESENTATION_STYLE_ASSIGNMENT (( #919 ) ) ;
#2619 = PRESENTATION_STYLE_ASSIGNMENT (( #2143 ) ) ;
#2621 = ORIENTED_EDGE ( 'NONE', *, *, #4760, .F. ) ;
#2620 = CARTESIAN_POINT ( 'NONE',  ( -0.4015899593643070253, 0.7904624439670380198, 0.7500000000000000000 ) ) ;
#2622 = UNCERTAINTY_MEASURE_WITH_UNIT (LENGTH_MEASURE( 1.000000000000000082E-05 ), #970, 'distance_accuracy_value', 'NONE');
#2623 = AXIS2_PLACEMENT_3D ( 'NONE', #1812, #3094, #3918 ) ;
#2624 = EDGE_CURVE ( 'NONE', #4034, #3882, #523, .T. ) ;
#2625 = CARTESIAN_POINT ( 'NONE',  ( 0.2286774730419960100, 0.7104381315914379824, 0.7500000000000000000 ) ) ;
#2626 = CARTESIAN_POINT ( 'NONE',  ( 1.000000000000000000, -1.000000000000000000, 0.7500000000000000000 ) ) ;
#2627 = ORIENTED_EDGE ( 'NONE', *, *, #1031, .F. ) ;
#2628 = AXIS2_PLACEMENT_3D ( 'NONE', #5400, #3312, #1160 ) ;
#2629 = EDGE_CURVE ( 'NONE', #1800, #5231, #165, .T. ) ;
#2630 = CARTESIAN_POINT ( 'NONE',  ( 0.1476401946869590198, 0.9061431588188529895, 0.7600000000000000089 ) ) ;
#2631 = CARTESIAN_POINT ( 'NONE',  ( -0.1207957898641019989, 0.9361269518102169895, 0.7500000000000000000 ) ) ;
#2632 = EDGE_LOOP ( 'NONE', ( #3768, #3962, #4530, #4418 ) ) ;
#2633 = DIRECTION ( 'NONE',  ( 0.0000000000000000000, 0.0000000000000000000, 1.000000000000000000 ) ) ;
#2634 = ORIENTED_EDGE ( 'NONE', *, *, #4508, .T. ) ;
#2635 =( LENGTH_UNIT ( ) NAMED_UNIT ( * ) SI_UNIT ( .MILLI., .METRE. ) );
#2636 = CARTESIAN_POINT ( 'NONE',  ( -1.010000000000000009, 0.6750000000000000444, 0.0000000000000000000 ) ) ;
#2637 = B_SPLINE_SURFACE_WITH_KNOTS ( 'NONE', 2, 1, ( 
 ( #1923, #387 ),
 ( #1216, #3348 ),
 ( #778, #1168 ),
 ( #2876, #4575 ) ),
 .UNSPECIFIED., .F., .F., .F.,
 ( 3, 1, 3 ),
 ( 2, 2 ),
 ( -2.000000000000000000, -1.000000000000000000, 0.0000000000000000000 ),
 ( 0.0000000000000000000, 0.001000000000000000021 ),
 .UNSPECIFIED. ) ;
#2638 =( NAMED_UNIT ( * ) PLANE_ANGLE_UNIT ( ) SI_UNIT ( $, .RADIAN. ) );
#2639 = CARTESIAN_POINT ( 'NONE',  ( 0.4012868759382259842, 0.9369373245937679950, 0.7500000000000000000 ) ) ;
#2640 = CARTESIAN_POINT ( 'NONE',  ( 1.000000000000000000, -1.000000000000000222, 0.0000000000000000000 ) ) ;
#2641 = ORIENTED_EDGE ( 'NONE', *, *, #5098, .F. ) ;
#2642 = CARTESIAN_POINT ( 'NONE',  ( 0.2728427897454919759, 0.6889632528273530454, 0.7500000000000000000 ) ) ;
#2643 = CARTESIAN_POINT ( 'NONE',  ( 0.3753549468646140141, 0.9020912949011019588, 0.7500000000000000000 ) ) ;
#2644 = ORIENTED_EDGE ( 'NONE', *, *, #2728, .F. ) ;
#2645 =( LENGTH_UNIT ( ) NAMED_UNIT ( * ) SI_UNIT ( .MILLI., .METRE. ) );
#2646 = ORIENTED_EDGE ( 'NONE', *, *, #2168, .F. ) ;
#2647 = EDGE_CURVE ( 'NONE', #2289, #1404, #464, .T. ) ;
#2648 = EDGE_LOOP ( 'NONE', ( #1048, #1316, #3343, #4523 ) ) ;
#2649 = VECTOR ( 'NONE', #5402, 1000.000000000000000 ) ;
#2650 =( LENGTH_UNIT ( ) NAMED_UNIT ( * ) SI_UNIT ( .MILLI., .METRE. ) );
#2652 = ORIENTED_EDGE ( 'NONE', *, *, #3214, .T. ) ;
#2651 = DIRECTION ( 'NONE',  ( -1.000000000000000000, 0.0000000000000000000, 0.0000000000000000000 ) ) ;
#2653 =( GEOMETRIC_REPRESENTATION_CONTEXT ( 3 ) GLOBAL_UNCERTAINTY_ASSIGNED_CONTEXT ( ( #2164 ) ) GLOBAL_UNIT_ASSIGNED_CONTEXT ( ( #2610, #137, #2219 ) ) REPRESENTATION_CONTEXT ( 'NONE', 'WORKASPACE' ) );
#2654 = FILL_AREA_STYLE_COLOUR ( '', #916 ) ;
#2655 = VECTOR ( 'NONE', #2498, 1000.000000000000000 ) ;
#2656 = DIRECTION ( 'NONE',  ( 0.0000000000000000000, 0.0000000000000000000, -1.000000000000000000 ) ) ;
#2657 = ORIENTED_EDGE ( 'NONE', *, *, #3858, .F. ) ;
#2658 = EDGE_CURVE ( 'NONE', #675, #882, #999, .T. ) ;
#2659 = COLOUR_RGB ( '',1.000000000000000000, 1.000000000000000000, 1.000000000000000000 ) ;
#2660 = COLOUR_RGB ( '',0.9215686274509803377, 0.9215686274509803377, 0.9294117647058823817 ) ;
#2661 = LINE ( 'NONE', #1394, #4090 ) ;
#2662 = EDGE_CURVE ( 'NONE', #5274, #1989, #595, .T. ) ;
#2663 = EDGE_LOOP ( 'NONE', ( #3016, #3955, #1822, #4048 ) ) ;
#2664 = FACE_OUTER_BOUND ( 'NONE', #3133, .T. ) ;
#2665 = EDGE_LOOP ( 'NONE', ( #458, #4743, #3263, #1170 ) ) ;
#2666 = STYLED_ITEM ( 'NONE', ( #2618 ), #4437 ) ;
#2667 = CARTESIAN_POINT ( 'NONE',  ( -0.2303734261446621912, -0.6459461826043942922, 0.7500000000000000000 ) ) ;
#2668 = CARTESIAN_POINT ( 'NONE',  ( -0.3991588410136560072, 0.9405840021197440226, 0.7500000000000000000 ) ) ;
#2669 = ORIENTED_EDGE ( 'NONE', *, *, #1847, .T. ) ;
#2670 = B_SPLINE_CURVE_WITH_KNOTS ( 'NONE', 2,
 ( #875, #403, #4745, #1762 ),
 .UNSPECIFIED., .F., .F.,
 ( 3, 1, 3 ),
 ( 0.0000000000000000000, 2.646215249490277823E-05, 5.292430498980555645E-05 ),
 .UNSPECIFIED. ) ;
#2671 = COLOUR_RGB ( '',1.000000000000000000, 1.000000000000000000, 1.000000000000000000 ) ;
#2672 = FACE_OUTER_BOUND ( 'NONE', #2991, .T. ) ;
#2673 = CARTESIAN_POINT ( 'NONE',  ( 0.4012868759382259842, 0.9369373245937679950, 0.7600000000000000089 ) ) ;
#2674 = LINE ( 'NONE', #4412, #5348 ) ;
#2675 = UNCERTAINTY_MEASURE_WITH_UNIT (LENGTH_MEASURE( 1.000000000000000082E-05 ), #3749, 'distance_accuracy_value', 'NONE');
#2676 = SURFACE_STYLE_USAGE ( .BOTH. , #4937 ) ;
#2677 = VERTEX_POINT ( 'NONE', #3177 ) ;
#2678 = VERTEX_POINT ( 'NONE', #2277 ) ;
#2679 = AXIS2_PLACEMENT_3D ( 'NONE', #2187, #2633, #4367 ) ;
#2680 =( NAMED_UNIT ( * ) SI_UNIT ( $, .STERADIAN. ) SOLID_ANGLE_UNIT ( ) );
#2681 = CARTESIAN_POINT ( 'NONE',  ( -0.01180065047657700116, 0.6861269480849271352, 0.7500000000000000000 ) ) ;
#2682 = ORIENTED_EDGE ( 'NONE', *, *, #2770, .T. ) ;
#2683 = VECTOR ( 'NONE', #972, 1000.000000000000000 ) ;
#2684 = B_SPLINE_SURFACE_WITH_KNOTS ( 'NONE', 2, 1, ( 
 ( #1798, #640 ),
 ( #3971, #1826 ),
 ( #1423, #3535 ),
 ( #2327, #1018 ) ),
 .UNSPECIFIED., .F., .F., .F.,
 ( 3, 1, 3 ),
 ( 2, 2 ),
 ( -2.000000000000000000, -1.000000000000000000, 0.0000000000000000000 ),
 ( 0.0000000000000000000, 0.001000000000000000021 ),
 .UNSPECIFIED. ) ;
#2685 = CARTESIAN_POINT ( 'NONE',  ( 1.010000000000000009, 0.6750000000000000444, 0.0000000000000000000 ) ) ;
#2686 = ADVANCED_FACE ( 'NONE', ( #674 ), #4930, .T. ) ;
#2687 = FILL_AREA_STYLE_COLOUR ( '', #820 ) ;
#2688 = PRESENTATION_LAYER_ASSIGNMENT (  '', '', ( #1797 ) ) ;
#2689 = CARTESIAN_POINT ( 'NONE',  ( 0.2286774730419960100, 0.9122209546954810344, 0.7500000000000000000 ) ) ;
#2690 = EDGE_LOOP ( 'NONE', ( #3602, #3439, #5011, #2372 ) ) ;
#2691 = B_SPLINE_CURVE_WITH_KNOTS ( 'NONE', 2,
 ( #3740, #3320, #1604, #1214 ),
 .UNSPECIFIED., .F., .F.,
 ( 3, 1, 3 ),
 ( 0.0000000000000000000, 2.519131739469000140E-05, 5.038263478938000280E-05 ),
 .UNSPECIFIED. ) ;
#2692 = CARTESIAN_POINT ( 'NONE',  ( -0.3483079488458700745, 0.8846682800547691627, 0.7500000000000000000 ) ) ;
#2693 = ORIENTED_EDGE ( 'NONE', *, *, #5194, .F. ) ;
#2694 = EDGE_CURVE ( 'NONE', #2030, #4899, #4901, .T. ) ;
#2695 = CARTESIAN_POINT ( 'NONE',  ( 0.2989773120149910035, 0.8834527208794430431, 0.7600000000000000089 ) ) ;
#2696 = CARTESIAN_POINT ( 'NONE',  ( -0.2690940092538209871, 0.8380718450006220399, 0.7500000000000000000 ) ) ;
#2697 = VECTOR ( 'NONE', #2063, 1000.000000000000000 ) ;
#2698 = ORIENTED_EDGE ( 'NONE', *, *, #3117, .T. ) ;
#2699 = EDGE_CURVE ( 'NONE', #3028, #1927, #2813, .T. ) ;
#2700 = STYLED_ITEM ( 'NONE', ( #3099 ), #825 ) ;
#2701 = CARTESIAN_POINT ( 'NONE',  ( 0.2286774730419960100, 0.9122209546954810344, 0.7600000000000000089 ) ) ;
#2702 = CARTESIAN_POINT ( 'NONE',  ( -0.3855850968891870179, 0.7858028004616229856, 0.7500000000000000000 ) ) ;
#2703 = CARTESIAN_POINT ( 'NONE',  ( -1.000000000000000000, -0.9999999999999988898, 0.08999999999999999667 ) ) ;
#2705 = EDGE_LOOP ( 'NONE', ( #507, #220, #1723, #1372 ) ) ;
#2704 = SURFACE_STYLE_USAGE ( .BOTH. , #626 ) ;
#2706 = ORIENTED_EDGE ( 'NONE', *, *, #402, .F. ) ;
#2707 = STYLED_ITEM ( 'NONE', ( #2484 ), #1229 ) ;
#2708 = CARTESIAN_POINT ( 'NONE',  ( -0.4240778041078300253, 0.6816698977753999911, 0.7600000000000000089 ) ) ;
#2709 = CARTESIAN_POINT ( 'NONE',  ( -0.4893128131836350092, 0.6930151167451049643, 0.7500000000000000000 ) ) ;
#2710 = DIRECTION ( 'NONE',  ( -0.0000000000000000000, -1.000000000000000000, -0.0000000000000000000 ) ) ;
#2711 = VERTEX_POINT ( 'NONE', #2022 ) ;
#2712 =( GEOMETRIC_REPRESENTATION_CONTEXT ( 3 ) GLOBAL_UNCERTAINTY_ASSIGNED_CONTEXT ( ( #3237 ) ) GLOBAL_UNIT_ASSIGNED_CONTEXT ( ( #2338, #231, #2789 ) ) REPRESENTATION_CONTEXT ( 'NONE', 'WORKASPACE' ) );
#2713 = CARTESIAN_POINT ( 'NONE',  ( 0.2728427897455019124, 0.9341010198513799434, 0.7500000000000000000 ) ) ;
#2714 = FILL_AREA_STYLE ('',( #1905 ) ) ;
#2715 = CARTESIAN_POINT ( 'NONE',  ( -0.1207957898641019989, 0.6861269480849271352, 0.7500000000000000000 ) ) ;
#2716 = VECTOR ( 'NONE', #2020, 1000.000000000000000 ) ;
#2717 =( NAMED_UNIT ( * ) SI_UNIT ( $, .STERADIAN. ) SOLID_ANGLE_UNIT ( ) );
#2718 = CARTESIAN_POINT ( 'NONE',  ( -1.010000000000000009, -0.6750000000000000444, 0.08999999999999999667 ) ) ;
#2719 = CARTESIAN_POINT ( 'NONE',  ( -0.08680961562647351859, 0.6853430069177035566, 0.7500000000000001110 ) ) ;
#2720 = ORIENTED_EDGE ( 'NONE', *, *, #1480, .F. ) ;
#2721 = EDGE_CURVE ( 'NONE', #3907, #3932, #2924, .T. ) ;
#2722 = VERTEX_POINT ( 'NONE', #3766 ) ;
#2723 =( GEOMETRIC_REPRESENTATION_CONTEXT ( 3 ) GLOBAL_UNCERTAINTY_ASSIGNED_CONTEXT ( ( #2675 ) ) GLOBAL_UNIT_ASSIGNED_CONTEXT ( ( #3749, #756, #4182 ) ) REPRESENTATION_CONTEXT ( 'NONE', 'WORKASPACE' ) );
#2724 = FACE_BOUND ( 'NONE', #100, .T. ) ;
#2725 = LINE ( 'NONE', #3202, #162 ) ;
#2726 = DIRECTION ( 'NONE',  ( -0.0000000000000000000, -1.000000000000000000, 0.0000000000000000000 ) ) ;
#2727 = ORIENTED_EDGE ( 'NONE', *, *, #2180, .T. ) ;
#2728 = EDGE_CURVE ( 'NONE', #4710, #613, #379, .T. ) ;
#2729 = SURFACE_STYLE_USAGE ( .BOTH. , #3150 ) ;
#2730 = LINE ( 'NONE', #2703, #644 ) ;
#2731 = VERTEX_POINT ( 'NONE', #2076 ) ;
#2732 = UNCERTAINTY_MEASURE_WITH_UNIT (LENGTH_MEASURE( 1.000000000000000082E-05 ), #3797, 'distance_accuracy_value', 'NONE');
#2733 = CARTESIAN_POINT ( 'NONE',  ( -0.4457552760678020198, 0.7104381315914379824, 0.7600000000000000089 ) ) ;
#2734 = ORIENTED_EDGE ( 'NONE', *, *, #4217, .T. ) ;
#2735 = PRODUCT ( 'E852EBE5-2BD2-442E-B62F-D8901DE30B2C', 'E852EBE5-2BD2-442E-B62F-D8901DE30B2C', '', ( #4263 ) ) ;
#2736 = ADVANCED_FACE ( 'NONE', ( #5087 ), #4723, .F. ) ;
#2737 = VECTOR ( 'NONE', #298, 1000.000000000000000 ) ;
#2738 = CARTESIAN_POINT ( 'NONE',  ( -0.3707957935893930190, 0.7333311627267361521, 0.7600000000000000089 ) ) ;
#2739 = UNCERTAINTY_MEASURE_WITH_UNIT (LENGTH_MEASURE( 1.000000000000000082E-05 ), #2645, 'distance_accuracy_value', 'NONE');
#2740 = CARTESIAN_POINT ( 'NONE',  ( 0.1510842790170479899, 0.8109243567516839502, 0.7500000000000000000 ) ) ;
#2741 = ORIENTED_EDGE ( 'NONE', *, *, #3515, .T. ) ;
#2742 = VECTOR ( 'NONE', #1406, 1000.000000000000000 ) ;
#2743 = DIRECTION ( 'NONE',  ( -0.0000000000000000000, -0.0000000000000000000, -1.000000000000000000 ) ) ;
#2744 = VECTOR ( 'NONE', #1269, 1000.000000000000000 ) ;
#2745 = AXIS2_PLACEMENT_3D ( 'NONE', #2270, #4001, #4921 ) ;
#2746 = FACE_OUTER_BOUND ( 'NONE', #3710, .T. ) ;
#2747 = UNCERTAINTY_MEASURE_WITH_UNIT (LENGTH_MEASURE( 1.000000000000000082E-05 ), #2612, 'distance_accuracy_value', 'NONE');
#2748 = LINE ( 'NONE', #2715, #4318 ) ;
#2749 = PRESENTATION_STYLE_ASSIGNMENT (( #1045 ) ) ;
#2750 =( NAMED_UNIT ( * ) PLANE_ANGLE_UNIT ( ) SI_UNIT ( $, .RADIAN. ) );
#2751 = CARTESIAN_POINT ( 'NONE',  ( -1.000000000000000000, 1.000000000000000222, 0.0000000000000000000 ) ) ;
#2752 = VERTEX_POINT ( 'NONE', #1601 ) ;
#2753 = SURFACE_STYLE_FILL_AREA ( #1050 ) ;
#2754 = ORIENTED_EDGE ( 'NONE', *, *, #3335, .F. ) ;
#2755 = CARTESIAN_POINT ( 'NONE',  ( 0.1741799033482339942, 0.7353570946856119450, 0.7550000000000000044 ) ) ;
#2756 = COLOUR_RGB ( '',1.000000000000000000, 1.000000000000000000, 1.000000000000000000 ) ;
#2757 = CARTESIAN_POINT ( 'NONE',  ( 0.2286774730419960100, 0.7104381315914379824, 0.7600000000000000089 ) ) ;
#2758 = LINE ( 'NONE', #5285, #2742 ) ;
#2759 = DIRECTION ( 'NONE',  ( -1.000000000000000000, 0.0000000000000000000, 0.0000000000000000000 ) ) ;
#2760 = VERTEX_POINT ( 'NONE', #3314 ) ;
#2761 = FILL_AREA_STYLE_COLOUR ( '', #1663 ) ;
#2762 = EDGE_CURVE ( 'NONE', #3152, #3569, #1698, .T. ) ;
#2763 = CARTESIAN_POINT ( 'NONE',  ( -0.1540210739896679948, 0.8084932384010330431, 0.7600000000000000089 ) ) ;
#2764 = FILL_AREA_STYLE_COLOUR ( '', #5326 ) ;
#2765 = EDGE_CURVE ( 'NONE', #5404, #3751, #3713, .T. ) ;
#2766 = STYLED_ITEM ( 'NONE', ( #5334 ), #4834 ) ;
#2767 = FILL_AREA_STYLE ('',( #4442 ) ) ;
#2768 = PRESENTATION_LAYER_ASSIGNMENT (  '', '', ( #4399 ) ) ;
#2769 = PLANE ( 'NONE',  #1585 ) ;
#2770 = EDGE_CURVE ( 'NONE', #4683, #199, #1187, .T. ) ;
#2771 =( NAMED_UNIT ( * ) SI_UNIT ( $, .STERADIAN. ) SOLID_ANGLE_UNIT ( ) );
#2772 = LINE ( 'NONE', #3078, #621 ) ;
#2773 = ORIENTED_EDGE ( 'NONE', *, *, #4877, .F. ) ;
#2774 = AXIS2_PLACEMENT_3D ( 'NONE', #467, #3846, #5139 ) ;
#2775 = DIRECTION ( 'NONE',  ( 0.0000000000000000000, 1.000000000000000000, -0.0000000000000000000 ) ) ;
#2776 = PRESENTATION_LAYER_ASSIGNMENT (  '', '', ( #4215 ) ) ;
#2777 = DIRECTION ( 'NONE',  ( 0.0000000000000000000, -0.0000000000000000000, -1.000000000000000000 ) ) ;
#2778 =( LENGTH_UNIT ( ) NAMED_UNIT ( * ) SI_UNIT ( .MILLI., .METRE. ) );
#2779 = DIRECTION ( 'NONE',  ( -0.0000000000000000000, -0.0000000000000000000, -1.000000000000000000 ) ) ;
#2780 = ORIENTED_EDGE ( 'NONE', *, *, #1599, .T. ) ;
#2781 = CARTESIAN_POINT ( 'NONE',  ( 0.2728427897454919759, 0.9341010198513409746, 0.7500000000000000000 ) ) ;
#2782 = VERTEX_POINT ( 'NONE', #2412 ) ;
#2783 = VECTOR ( 'NONE', #2946, 1000.000000000000000 ) ;
#2784 = SURFACE_STYLE_FILL_AREA ( #4121 ) ;
#2785 = CARTESIAN_POINT ( 'NONE',  ( -0.3023192933793860115, 0.6861269480849271352, 0.7500000000000000000 ) ) ;
#2786 = ORIENTED_EDGE ( 'NONE', *, *, #2054, .F. ) ;
#2787 = DIRECTION ( 'NONE',  ( -0.0000000000000000000, -1.000000000000000000, 0.0000000000000000000 ) ) ;
#2788 = CARTESIAN_POINT ( 'NONE',  ( -0.6999999999999999556, 0.6999999999999999556, 0.7500000000000000000 ) ) ;
#2789 =( NAMED_UNIT ( * ) SI_UNIT ( $, .STERADIAN. ) SOLID_ANGLE_UNIT ( ) );
#2790 = VECTOR ( 'NONE', #686, 1000.000000000000000 ) ;
#2791 = PRESENTATION_STYLE_ASSIGNMENT (( #1005 ) ) ;
#2792 = B_SPLINE_CURVE_WITH_KNOTS ( 'NONE', 2,
 ( #3546, #4074, #624, #598 ),
 .UNSPECIFIED., .F., .F.,
 ( 3, 1, 3 ),
 ( 0.0000000000000000000, 3.539626455674646217E-05, 7.079252911349292435E-05 ),
 .UNSPECIFIED. ) ;
#2793 = UNCERTAINTY_MEASURE_WITH_UNIT (LENGTH_MEASURE( 1.000000000000000082E-05 ), #1311, 'distance_accuracy_value', 'NONE');
#2794 = ORIENTED_EDGE ( 'NONE', *, *, #3284, .T. ) ;
#2795 = EDGE_CURVE ( 'NONE', #600, #479, #4131, .T. ) ;
#2796 = CARTESIAN_POINT ( 'NONE',  ( 1.000000000000000000, -0.6750000000000000444, 0.0000000000000000000 ) ) ;
#2797 = DIRECTION ( 'NONE',  ( -0.0000000000000000000, 0.0000000000000000000, 1.000000000000000000 ) ) ;
#2798 = STYLED_ITEM ( 'NONE', ( #1206 ), #1062 ) ;
#2799 = ORIENTED_EDGE ( 'NONE', *, *, #631, .T. ) ;
#2800 = ADVANCED_FACE ( 'NONE', ( #2053 ), #2869, .T. ) ;
#2801 =( NAMED_UNIT ( * ) SI_UNIT ( $, .STERADIAN. ) SOLID_ANGLE_UNIT ( ) );
#2802 = MECHANICAL_DESIGN_GEOMETRIC_PRESENTATION_REPRESENTATION (  '', ( #3518 ), #4785 ) ;
#2803 =( NAMED_UNIT ( * ) PLANE_ANGLE_UNIT ( ) SI_UNIT ( $, .RADIAN. ) );
#2804 = CARTESIAN_POINT ( 'NONE',  ( 0.2432641831459030068, 0.6816698977753999911, 0.7600000000000000089 ) ) ;
#2805 =( NAMED_UNIT ( * ) SI_UNIT ( $, .STERADIAN. ) SOLID_ANGLE_UNIT ( ) );
#2806 = CARTESIAN_POINT ( 'NONE',  ( 0.2288800662378840112, 0.9405840021197440226, 0.7500000000000000000 ) ) ;
#2807 = STYLED_ITEM ( 'NONE', ( #1888 ), #1771 ) ;
#2808 = VERTEX_POINT ( 'NONE', #2521 ) ;
#2809 = ADVANCED_FACE ( 'NONE', ( #2100 ), #2973, .T. ) ;
#2810 = DIRECTION ( 'NONE',  ( 0.0000000000000000000, 0.0000000000000000000, 1.000000000000000000 ) ) ;
#2811 = DIRECTION ( 'NONE',  ( 0.0000000000000000000, -0.0000000000000000000, -1.000000000000000000 ) ) ;
#2812 = FILL_AREA_STYLE_COLOUR ( '', #4941 ) ;
#2813 = LINE ( 'NONE', #2250, #2296 ) ;
#2814 = ORIENTED_EDGE ( 'NONE', *, *, #952, .T. ) ;
#2815 = COLOUR_RGB ( '',1.000000000000000000, 1.000000000000000000, 1.000000000000000000 ) ;
#2816 = CARTESIAN_POINT ( 'NONE',  ( -0.1540210739896679948, 0.6861269480849271352, 0.7500000000000000000 ) ) ;
#2817 = PRESENTATION_STYLE_ASSIGNMENT (( #3372 ) ) ;
#2818 = CARTESIAN_POINT ( 'NONE',  ( -0.4015899593643070253, 0.7904624439670380198, 0.7500000000000000000 ) ) ;
#2819 = VERTEX_POINT ( 'NONE', #438 ) ;
#2820 = DIRECTION ( 'NONE',  ( -0.0000000000000000000, 0.0000000000000000000, 1.000000000000000000 ) ) ;
#2822 = EDGE_LOOP ( 'NONE', ( #286, #688, #944, #3019 ) ) ;
#2821 = DIRECTION ( 'NONE',  ( -0.0000000000000000000, -0.0000000000000000000, -1.000000000000000000 ) ) ;
#2823 = EDGE_CURVE ( 'NONE', #3751, #4225, #1706, .T. ) ;
#2824 = VERTEX_POINT ( 'NONE', #3449 ) ;
#2825 = DIRECTION ( 'NONE',  ( -1.000000000000000000, -0.0000000000000000000, -0.0000000000000000000 ) ) ;
#2826 = SURFACE_STYLE_USAGE ( .BOTH. , #2298 ) ;
#2827 = AXIS2_PLACEMENT_3D ( 'NONE', #1602, #1652, #5475 ) ;
#2828 = DIRECTION ( 'NONE',  ( 0.0000000000000000000, 1.000000000000000000, 0.0000000000000000000 ) ) ;
#2829 = PRESENTATION_LAYER_ASSIGNMENT (  '', '', ( #5254 ) ) ;
#2830 = CARTESIAN_POINT ( 'NONE',  ( -0.3458768304952190009, 0.8846682800547691627, 0.7600000000000000089 ) ) ;
#2831 = FACE_OUTER_BOUND ( 'NONE', #4096, .T. ) ;
#2832 = ORIENTED_EDGE ( 'NONE', *, *, #4394, .F. ) ;
#2833 = FACE_OUTER_BOUND ( 'NONE', #3170, .T. ) ;
#2834 = CARTESIAN_POINT ( 'NONE',  ( 0.4272188050118380098, 0.7116536907667639911, 0.7500000000000000000 ) ) ;
#2835 = CARTESIAN_POINT ( 'NONE',  ( -0.6500000000000001332, 0.6750000000000000444, -0.01000000000000000021 ) ) ;
#2836 = EDGE_CURVE ( 'NONE', #3661, #1728, #824, .T. ) ;
#2837 = SURFACE_STYLE_USAGE ( .BOTH. , #1131 ) ;
#2838 = CARTESIAN_POINT ( 'NONE',  ( 0.6500000000000001332, -7.569701999999999659E-17, 0.0000000000000000000 ) ) ;
#2839 = B_SPLINE_CURVE_WITH_KNOTS ( 'NONE', 2,
 ( #2206, #577, #2264, #1040 ),
 .UNSPECIFIED., .F., .F.,
 ( 3, 1, 3 ),
 ( 0.0000000000000000000, 6.147278965701476845E-05, 0.0001229455793140295369 ),
 .UNSPECIFIED. ) ;
#2840 = AXIS2_PLACEMENT_3D ( 'NONE', #1987, #1530, #2857 ) ;
#2841 = CARTESIAN_POINT ( 'NONE',  ( 0.1164408425202699965, 0.8109243567516839502, 0.7600000000000000089 ) ) ;
#2842 = ORIENTED_EDGE ( 'NONE', *, *, #272, .F. ) ;
#2843 = COLOUR_RGB ( '',0.0000000000000000000, 0.0000000000000000000, 0.0000000000000000000 ) ;
#2844 =( LENGTH_UNIT ( ) NAMED_UNIT ( * ) SI_UNIT ( .MILLI., .METRE. ) );
#2845 = MECHANICAL_DESIGN_GEOMETRIC_PRESENTATION_REPRESENTATION (  '', ( #4118 ), #265 ) ;
#2846 = DIRECTION ( 'NONE',  ( -0.0000000000000000000, -0.0000000000000000000, -1.000000000000000000 ) ) ;
#2847 =( NAMED_UNIT ( * ) SI_UNIT ( $, .STERADIAN. ) SOLID_ANGLE_UNIT ( ) );
#2848 = CARTESIAN_POINT ( 'NONE',  ( -0.1207957898641019989, 0.9361269518102169895, 0.7500000000000000000 ) ) ;
#2849 = PRESENTATION_STYLE_ASSIGNMENT (( #2877 ) ) ;
#2850 = ORIENTED_EDGE ( 'NONE', *, *, #2762, .F. ) ;
#2851 = PRESENTATION_LAYER_ASSIGNMENT (  '', '', ( #3927 ) ) ;
#2852 = FILL_AREA_STYLE ('',( #4181 ) ) ;
#2853 = LINE ( 'NONE', #312, #3354 ) ;
#2854 = ORIENTED_EDGE ( 'NONE', *, *, #661, .T. ) ;
#2855 =( GEOMETRIC_REPRESENTATION_CONTEXT ( 3 ) GLOBAL_UNCERTAINTY_ASSIGNED_CONTEXT ( ( #3010 ) ) GLOBAL_UNIT_ASSIGNED_CONTEXT ( ( #2099, #3762, #2019 ) ) REPRESENTATION_CONTEXT ( 'NONE', 'WORKASPACE' ) );
#2856 = DIRECTION ( 'NONE',  ( 0.0000000000000000000, -0.0000000000000000000, -1.000000000000000000 ) ) ;
#2857 = DIRECTION ( 'NONE',  ( 0.0000000000000000000, -0.0000000000000000000, 1.000000000000000000 ) ) ;
#2858 =( NAMED_UNIT ( * ) SI_UNIT ( $, .STERADIAN. ) SOLID_ANGLE_UNIT ( ) );
#2859 = VECTOR ( 'NONE', #4699, 1000.000000000000000 ) ;
#2860 = PLANE ( 'NONE',  #3411 ) ;
#2861 = FILL_AREA_STYLE_COLOUR ( '', #966 ) ;
#2862 = FACE_OUTER_BOUND ( 'NONE', #840, .T. ) ;
#2863 =( NAMED_UNIT ( * ) SI_UNIT ( $, .STERADIAN. ) SOLID_ANGLE_UNIT ( ) );
#2864 =( GEOMETRIC_REPRESENTATION_CONTEXT ( 3 ) GLOBAL_UNCERTAINTY_ASSIGNED_CONTEXT ( ( #3514 ) ) GLOBAL_UNIT_ASSIGNED_CONTEXT ( ( #3336, #4976, #1208 ) ) REPRESENTATION_CONTEXT ( 'NONE', 'WORKASPACE' ) );
#2865 = EDGE_CURVE ( 'NONE', #5160, #306, #3026, .T. ) ;
#2866 =( NAMED_UNIT ( * ) PLANE_ANGLE_UNIT ( ) SI_UNIT ( $, .RADIAN. ) );
#2867 = CARTESIAN_POINT ( 'NONE',  ( 1.010000000000000009, -0.5000000000000000000, 0.04000000000000000083 ) ) ;
#2868 = PLANE ( 'NONE',  #1117 ) ;
#2869 = PLANE ( 'NONE',  #3461 ) ;
#2870 = DIRECTION ( 'NONE',  ( -0.0000000000000000000, 1.000000000000000000, 0.0000000000000000000 ) ) ;
#2871 = ORIENTED_EDGE ( 'NONE', *, *, #2114, .T. ) ;
#2872 = EDGE_CURVE ( 'NONE', #5274, #1817, #3481, .T. ) ;
#2873 = VECTOR ( 'NONE', #3120, 1000.000000000000000 ) ;
#2874 = DIRECTION ( 'NONE',  ( 1.000000000000000000, 0.0000000000000000000, 0.0000000000000000000 ) ) ;
#2875 = CARTESIAN_POINT ( 'NONE',  ( 0.1164408425202699965, 0.7793198181932200486, 0.7600000000000000089 ) ) ;
#2876 = CARTESIAN_POINT ( 'NONE',  ( -0.3857876900850750190, 0.8204462369584010206, 0.7500000000000000000 ) ) ;
#2877 = SURFACE_STYLE_USAGE ( .BOTH. , #4203 ) ;
#2878 = ORIENTED_EDGE ( 'NONE', *, *, #1906, .F. ) ;
#2879 = EDGE_CURVE ( 'NONE', #4855, #5104, #3053, .T. ) ;
#2880 = COLOUR_RGB ( '',1.000000000000000000, 1.000000000000000000, 1.000000000000000000 ) ;
#2881 = DIRECTION ( 'NONE',  ( 0.0000000000000000000, 0.0000000000000000000, -1.000000000000000000 ) ) ;
#2882 = FILL_AREA_STYLE ('',( #1582 ) ) ;
#2884 = EDGE_LOOP ( 'NONE', ( #2059, #4918, #4334, #4125 ) ) ;
#2883 = SURFACE_STYLE_FILL_AREA ( #3835 ) ;
#2885 = CARTESIAN_POINT ( 'NONE',  ( -1.010000000000000009, 0.3250000000000000666, 0.08999999999999999667 ) ) ;
#2886 = ORIENTED_EDGE ( 'NONE', *, *, #2407, .T. ) ;
#2887 = MECHANICAL_DESIGN_GEOMETRIC_PRESENTATION_REPRESENTATION (  '', ( #2068 ), #1183 ) ;
#2888 = DIRECTION ( 'NONE',  ( 0.0000000000000000000, -1.000000000000000000, 0.0000000000000000000 ) ) ;
#2889 = SURFACE_STYLE_USAGE ( .BOTH. , #367 ) ;
#2890 = LINE ( 'NONE', #2830, #4195 ) ;
#2891 = CARTESIAN_POINT ( 'NONE',  ( -0.4957957954520380572, 0.8321966423198819962, 0.7600000000000000089 ) ) ;
#2892 = DIRECTION ( 'NONE',  ( 1.000000000000000000, 0.0000000000000000000, -0.0000000000000000000 ) ) ;
#2893 = CARTESIAN_POINT ( 'NONE',  ( -0.5043047096793169537, 0.8690686039714240474, 0.7500000000000000000 ) ) ;
#2894 = VECTOR ( 'NONE', #1353, 1000.000000000000000 ) ;
#2895 = CARTESIAN_POINT ( 'NONE',  ( 1.000000000000000000, -9.146724000000000172E-17, 0.7500000000000000000 ) ) ;
#2896 = EDGE_CURVE ( 'NONE', #199, #1411, #526, .T. ) ;
#2897 = CARTESIAN_POINT ( 'NONE',  ( 0.1324457049953889909, 0.8889227371684079726, 0.7500000000000000000 ) ) ;
#2898 = ORIENTED_EDGE ( 'NONE', *, *, #2658, .T. ) ;
#2899 = MECHANICAL_DESIGN_GEOMETRIC_PRESENTATION_REPRESENTATION (  '', ( #496 ), #2712 ) ;
#2900 = CARTESIAN_POINT ( 'NONE',  ( 0.1052982167464519975, 0.9065483452106281037, 0.7500000000000000000 ) ) ;
#2901 = CARTESIAN_POINT ( 'NONE',  ( 0.2286774730419960100, 0.7104381315914379824, 0.7600000000000000089 ) ) ;
#2902 = SURFACE_STYLE_USAGE ( .BOTH. , #1656 ) ;
#2903 = LINE ( 'NONE', #3376, #4550 ) ;
#2904 = UNCERTAINTY_MEASURE_WITH_UNIT (LENGTH_MEASURE( 1.000000000000000082E-05 ), #581, 'distance_accuracy_value', 'NONE');
#2905 = ADVANCED_FACE ( 'NONE', ( #2947 ), #2684, .T. ) ;
#2906 = CARTESIAN_POINT ( 'NONE',  ( -0.3361523570926139848, 0.7574397530373601084, 0.7600000000000000089 ) ) ;
#2907 = SURFACE_STYLE_FILL_AREA ( #1220 ) ;
#2908 = EDGE_LOOP ( 'NONE', ( #2470, #1875 ) ) ;
#2909 = VECTOR ( 'NONE', #393, 1000.000000000000000 ) ;
#2910 = CARTESIAN_POINT ( 'NONE',  ( 0.004811991586206000246, 0.8521217650464220084, 0.7600000000000000089 ) ) ;
#2911 = SURFACE_STYLE_FILL_AREA ( #2882 ) ;
#2912 = B_SPLINE_CURVE_WITH_KNOTS ( 'NONE', 2,
 ( #1572, #3293, #2897, #5060 ),
 .UNSPECIFIED., .F., .F.,
 ( 3, 1, 3 ),
 ( 0.0000000000000000000, 5.144585317602164533E-05, 0.0001028917063520432907 ),
 .UNSPECIFIED. ) ;
#2913 = DIRECTION ( 'NONE',  ( 1.000000000000000000, 0.0000000000000000000, -0.0000000000000000000 ) ) ;
#2914 = EDGE_CURVE ( 'NONE', #3882, #259, #5515, .T. ) ;
#2915 = LINE ( 'NONE', #785, #5212 ) ;
#2916 = ORIENTED_EDGE ( 'NONE', *, *, #5137, .F. ) ;
#2917 = DIRECTION ( 'NONE',  ( 0.0000000000000000000, -0.0000000000000000000, 1.000000000000000000 ) ) ;
#2918 = DIRECTION ( 'NONE',  ( 0.0000000000000000000, 1.000000000000000000, -0.0000000000000000000 ) ) ;
#2919 = SURFACE_SIDE_STYLE ('',( #5053 ) ) ;
#2920 = CARTESIAN_POINT ( 'NONE',  ( 0.3060680738710570004, 0.7031447765394850391, 0.7500000000000000000 ) ) ;
#2921 = DIRECTION ( 'NONE',  ( 0.0000000000000000000, -1.000000000000000000, 0.0000000000000000000 ) ) ;
#2922 = CARTESIAN_POINT ( 'NONE',  ( -0.4370437686446360104, 0.8336147946910950068, 0.7550000000000000044 ) ) ;
#2923 = LINE ( 'NONE', #4222, #2502 ) ;
#2924 = LINE ( 'NONE', #2895, #2737 ) ;
#2925 = CARTESIAN_POINT ( 'NONE',  ( -1.010000000000000009, -0.6750000000000000444, -0.009999999999999998473 ) ) ;
#2926 = ORIENTED_EDGE ( 'NONE', *, *, #5227, .F. ) ;
#2927 = FILL_AREA_STYLE_COLOUR ( '', #3551 ) ;
#2928 =( LENGTH_UNIT ( ) NAMED_UNIT ( * ) SI_UNIT ( .MILLI., .METRE. ) );
#2929 = COLOUR_RGB ( '',1.000000000000000000, 1.000000000000000000, 1.000000000000000000 ) ;
#2930 =( LENGTH_UNIT ( ) NAMED_UNIT ( * ) SI_UNIT ( .MILLI., .METRE. ) );
#2931 = PRESENTATION_STYLE_ASSIGNMENT (( #4621 ) ) ;
#2932 = CARTESIAN_POINT ( 'NONE',  ( 0.3496256109868899897, 0.9020912949011019588, 0.7500000000000000000 ) ) ;
#2933 = ORIENTED_EDGE ( 'NONE', *, *, #1491, .F. ) ;
#2934 = VECTOR ( 'NONE', #1956, 1000.000000000000000 ) ;
#2935 = ADVANCED_FACE ( 'NONE', ( #4427 ), #1476, .T. ) ;
#2936 = PLANE ( 'NONE',  #53 ) ;
#2937 = PRESENTATION_LAYER_ASSIGNMENT (  '', '', ( #3836 ) ) ;
#2938 = LINE ( 'NONE', #1984, #4680 ) ;
#2939 = ORIENTED_EDGE ( 'NONE', *, *, #5412, .T. ) ;
#2940 = ORIENTED_EDGE ( 'NONE', *, *, #1906, .T. ) ;
#2941 = EDGE_CURVE ( 'NONE', #4942, #5259, #3618, .T. ) ;
#2942 =( LENGTH_UNIT ( ) NAMED_UNIT ( * ) SI_UNIT ( .MILLI., .METRE. ) );
#2943 = EDGE_CURVE ( 'NONE', #1728, #4104, #4030, .T. ) ;
#2944 =( LENGTH_UNIT ( ) NAMED_UNIT ( * ) SI_UNIT ( .MILLI., .METRE. ) );
#2945 = LINE ( 'NONE', #3555, #4795 ) ;
#2946 = DIRECTION ( 'NONE',  ( -0.0000000000000000000, 0.0000000000000000000, 1.000000000000000000 ) ) ;
#2947 = FACE_OUTER_BOUND ( 'NONE', #5157, .T. ) ;
#2948 = LINE ( 'NONE', #826, #4719 ) ;
#2949 = EDGE_LOOP ( 'NONE', ( #3188, #4847, #2260, #4684 ) ) ;
#2950 = CARTESIAN_POINT ( 'NONE',  ( -0.4693044419004884227, -0.9386088838009771784, 0.6886088838242545584 ) ) ;
#2951 = CARTESIAN_POINT ( 'NONE',  ( -0.4801961193686929974, 0.8155840002570989844, 0.7600000000000000089 ) ) ;
#2952 = CARTESIAN_POINT ( 'NONE',  ( 0.3034343623245179811, 0.8794008569616911242, 0.7550000000000000044 ) ) ;
#2953 = CARTESIAN_POINT ( 'NONE',  ( 0.0000000000000000000, 0.0000000000000000000, 0.5841640787025426107 ) ) ;
#2954 = FACE_OUTER_BOUND ( 'NONE', #2156, .T. ) ;
#2955 = UNCERTAINTY_MEASURE_WITH_UNIT (LENGTH_MEASURE( 1.000000000000000082E-05 ), #2635, 'distance_accuracy_value', 'NONE');
#2956 = VERTEX_POINT ( 'NONE', #3168 ) ;
#2957 = STYLED_ITEM ( 'NONE', ( #4569 ), #180 ) ;
#2958 = VERTEX_POINT ( 'NONE', #3194 ) ;
#2959 = SURFACE_SIDE_STYLE ('',( #5103 ) ) ;
#2960 = ORIENTED_EDGE ( 'NONE', *, *, #3284, .F. ) ;
#2961 = EDGE_CURVE ( 'NONE', #4539, #2677, #1360, .T. ) ;
#2962 = ORIENTED_EDGE ( 'NONE', *, *, #67, .T. ) ;
#2963 = LINE ( 'NONE', #3413, #4023 ) ;
#2964 = DIRECTION ( 'NONE',  ( 0.0000000000000000000, 0.0000000000000000000, 1.000000000000000000 ) ) ;
#2965 = STYLED_ITEM ( 'NONE', ( #4654 ), #699 ) ;
#2966 =( NAMED_UNIT ( * ) SI_UNIT ( $, .STERADIAN. ) SOLID_ANGLE_UNIT ( ) );
#2967 = SURFACE_SIDE_STYLE ('',( #1258 ) ) ;
#2968 = EDGE_CURVE ( 'NONE', #2824, #4683, #1074, .T. ) ;
#2969 = SURFACE_STYLE_USAGE ( .BOTH. , #1235 ) ;
#2970 =( NAMED_UNIT ( * ) PLANE_ANGLE_UNIT ( ) SI_UNIT ( $, .RADIAN. ) );
#2971 = B_SPLINE_CURVE_WITH_KNOTS ( 'NONE', 2,
 ( #5503, #5071, #5041, #1196 ),
 .UNSPECIFIED., .F., .F.,
 ( 3, 1, 3 ),
 ( 0.0000000000000000000, 2.328804520207299213E-05, 4.657609040414598426E-05 ),
 .UNSPECIFIED. ) ;
#2972 = CARTESIAN_POINT ( 'NONE',  ( -0.6500000000000001332, -0.6750000000000000444, 0.0000000000000000000 ) ) ;
#2973 = PLANE ( 'NONE',  #1396 ) ;
#2974 = EDGE_CURVE ( 'NONE', #974, #135, #1100, .T. ) ;
#2975 = CARTESIAN_POINT ( 'NONE',  ( -1.734722999999999918E-16, 0.9065483452106281037, 0.7500000000000000000 ) ) ;
#2976 = VERTEX_POINT ( 'NONE', #344 ) ;
#2977 = SURFACE_SIDE_STYLE ('',( #1267 ) ) ;
#2978 = VERTEX_POINT ( 'NONE', #5447 ) ;
#2979 = CARTESIAN_POINT ( 'NONE',  ( 1.000000000000000000, -1.000000000000000000, 0.7500000000000000000 ) ) ;
#2980 = VECTOR ( 'NONE', #3271, 1000.000000000000000 ) ;
#2981 = CARTESIAN_POINT ( 'NONE',  ( 0.1847147495343879897, 0.7229989097364689643, 0.7600000000000000089 ) ) ;
#2982 = SURFACE_STYLE_USAGE ( .BOTH. , #1713 ) ;
#2983 = CARTESIAN_POINT ( 'NONE',  ( 0.3973234530130145825, -0.5621178342456730759, 0.7500000000000001110 ) ) ;
#2984 = CARTESIAN_POINT ( 'NONE',  ( 0.4715867149112210055, -9.146724000000000172E-17, 0.7500000000000000000 ) ) ;
#2985 = ORIENTED_EDGE ( 'NONE', *, *, #855, .T. ) ;
#2986 = AXIS2_PLACEMENT_3D ( 'NONE', #4729, #4703, #2580 ) ;
#2987 = AXIS2_PLACEMENT_3D ( 'NONE', #4613, #1939, #1185 ) ;
#2988 = CARTESIAN_POINT ( 'NONE',  ( 0.6500000000000001332, -0.3250000000000000666, 0.0000000000000000000 ) ) ;
#2989 =( NAMED_UNIT ( * ) SI_UNIT ( $, .STERADIAN. ) SOLID_ANGLE_UNIT ( ) );
#2990 = ORIENTED_EDGE ( 'NONE', *, *, #1022, .F. ) ;
#2991 = EDGE_LOOP ( 'NONE', ( #1578, #4868, #670, #809 ) ) ;
#2992 =( LENGTH_UNIT ( ) NAMED_UNIT ( * ) SI_UNIT ( .MILLI., .METRE. ) );
#2993 = EDGE_CURVE ( 'NONE', #2537, #4065, #787, .T. ) ;
#2994 = CARTESIAN_POINT ( 'NONE',  ( -0.4370437686446360104, 0.8336147946910950068, 0.7500000000000000000 ) ) ;
#2995 =( LENGTH_UNIT ( ) NAMED_UNIT ( * ) SI_UNIT ( .MILLI., .METRE. ) );
#2996 = VECTOR ( 'NONE', #4811, 1000.000000000000000 ) ;
#2997 = CARTESIAN_POINT ( 'NONE',  ( 0.1841069699467260123, 0.8990523969627870482, 0.7600000000000000089 ) ) ;
#2998 = EDGE_CURVE ( 'NONE', #7, #1357, #693, .T. ) ;
#2999 = EDGE_CURVE ( 'NONE', #2722, #3116, #2890, .T. ) ;
#3000 = DIRECTION ( 'NONE',  ( 1.000000000000000000, 0.0000000000000000000, -0.0000000000000000000 ) ) ;
#3001 = FILL_AREA_STYLE ('',( #5250 ) ) ;
#3002 = SURFACE_STYLE_USAGE ( .BOTH. , #2574 ) ;
#3003 = CARTESIAN_POINT ( 'NONE',  ( 0.6854101966249680489, 8.393854033997251810E-17, 0.7500000000000000000 ) ) ;
#3004 = ORIENTED_EDGE ( 'NONE', *, *, #1998, .T. ) ;
#3005 = ADVANCED_FACE ( 'NONE', ( #5423 ), #3730, .T. ) ;
#3006 = FILL_AREA_STYLE_COLOUR ( '', #433 ) ;
#3007 = CARTESIAN_POINT ( 'NONE',  ( 0.1741799033482339942, 0.7353570946856119450, 0.7500000000000000000 ) ) ;
#3008 =( NAMED_UNIT ( * ) SI_UNIT ( $, .STERADIAN. ) SOLID_ANGLE_UNIT ( ) );
#3009 = CARTESIAN_POINT ( 'NONE',  ( -0.1700610526683352941, -0.6644022207600120966, 0.7500000000000000000 ) ) ;
#3010 = UNCERTAINTY_MEASURE_WITH_UNIT (LENGTH_MEASURE( 1.000000000000000082E-05 ), #2099, 'distance_accuracy_value', 'NONE');
#3011 = CARTESIAN_POINT ( 'NONE',  ( -0.3618816929703390084, 0.9322776810883529608, 0.7600000000000000089 ) ) ;
#3012 = ORIENTED_EDGE ( 'NONE', *, *, #4345, .F. ) ;
#3013 = AXIS2_PLACEMENT_3D ( 'NONE', #4754, #240, #2777 ) ;
#3014 = DIRECTION ( 'NONE',  ( 1.000000000000000000, 0.0000000000000000000, 0.0000000000000000000 ) ) ;
#3016 = ORIENTED_EDGE ( 'NONE', *, *, #2836, .F. ) ;
#3015 = FACE_OUTER_BOUND ( 'NONE', #2172, .T. ) ;
#3017 = UNCERTAINTY_MEASURE_WITH_UNIT (LENGTH_MEASURE( 1.000000000000000082E-05 ), #392, 'distance_accuracy_value', 'NONE');
#3018 = ORIENTED_EDGE ( 'NONE', *, *, #5268, .F. ) ;
#3019 = ORIENTED_EDGE ( 'NONE', *, *, #757, .F. ) ;
#3020 = FILL_AREA_STYLE_COLOUR ( '', #5174 ) ;
#3021 = SURFACE_SIDE_STYLE ('',( #490 ) ) ;
#3022 = ORIENTED_EDGE ( 'NONE', *, *, #1524, .T. ) ;
#3023 = PRESENTATION_LAYER_ASSIGNMENT (  '', '', ( #5538 ) ) ;
#3024 = DIRECTION ( 'NONE',  ( 0.0000000000000000000, 0.0000000000000000000, -1.000000000000000000 ) ) ;
#3025 = PRESENTATION_LAYER_ASSIGNMENT (  '', '', ( #1950 ) ) ;
#3026 = LINE ( 'NONE', #4749, #524 ) ;
#3027 = CARTESIAN_POINT ( 'NONE',  ( -0.3458768304952190009, 0.9243765464487370132, 0.7500000000000000000 ) ) ;
#3028 = VERTEX_POINT ( 'NONE', #2432 ) ;
#3029 = EDGE_CURVE ( 'NONE', #1566, #1523, #4166, .T. ) ;
#3030 = AXIS2_PLACEMENT_3D ( 'NONE', #3081, #876, #2572 ) ;
#3031 = B_SPLINE_CURVE_WITH_KNOTS ( 'NONE', 2,
 ( #3184, #4913, #1065, #1010 ),
 .UNSPECIFIED., .F., .F.,
 ( 3, 1, 3 ),
 ( 0.0000000000000000000, 4.015458532764147403E-05, 8.030917065528294806E-05 ),
 .UNSPECIFIED. ) ;
#3032 =( LENGTH_UNIT ( ) NAMED_UNIT ( * ) SI_UNIT ( .MILLI., .METRE. ) );
#3033 = ORIENTED_EDGE ( 'NONE', *, *, #601, .F. ) ;
#3034 = LINE ( 'NONE', #1027, #5196 ) ;
#3035 = SURFACE_STYLE_USAGE ( .BOTH. , #887 ) ;
#3036 = STYLED_ITEM ( 'NONE', ( #144 ), #4904 ) ;
#3037 = ORIENTED_EDGE ( 'NONE', *, *, #1419, .T. ) ;
#3038 = VECTOR ( 'NONE', #374, 1000.000000000000000 ) ;
#3039 = SURFACE_STYLE_USAGE ( .BOTH. , #1561 ) ;
#3040 = EDGE_LOOP ( 'NONE', ( #2926, #4932, #4236, #2565 ) ) ;
#3041 = B_SPLINE_SURFACE_WITH_KNOTS ( 'NONE', 2, 1, ( 
 ( #2642, #508 ),
 ( #2227, #4827 ),
 ( #3950, #5126 ),
 ( #420, #2118 ) ),
 .UNSPECIFIED., .F., .F., .F.,
 ( 3, 1, 3 ),
 ( 2, 2 ),
 ( -2.000000000000000000, -1.000000000000000000, 0.0000000000000000000 ),
 ( 0.0000000000000000000, 0.001000000000000000021 ),
 .UNSPECIFIED. ) ;
#3042 = EDGE_CURVE ( 'NONE', #781, #5310, #1240, .T. ) ;
#3043 = ORIENTED_EDGE ( 'NONE', *, *, #1998, .F. ) ;
#3044 = PRESENTATION_LAYER_ASSIGNMENT (  '', '', ( #5117 ) ) ;
#3045 = CARTESIAN_POINT ( 'NONE',  ( 0.2770972468591310078, 0.7227963165405809631, 0.7600000000000000089 ) ) ;
#3046 = ORIENTED_EDGE ( 'NONE', *, *, #4063, .T. ) ;
#3047 = LINE ( 'NONE', #3107, #1091 ) ;
#3048 = ORIENTED_EDGE ( 'NONE', *, *, #2144, .F. ) ;
#3049 = CARTESIAN_POINT ( 'NONE',  ( -0.3500000000000002554, -0.8000000000000000444, 0.0000000000000000000 ) ) ;
#3050 = CARTESIAN_POINT ( 'NONE',  ( -0.4467682420472400828, 0.8018076629367429931, 0.7550000000000000044 ) ) ;
#3051 =( GEOMETRIC_REPRESENTATION_CONTEXT ( 3 ) GLOBAL_UNCERTAINTY_ASSIGNED_CONTEXT ( ( #4392 ) ) GLOBAL_UNIT_ASSIGNED_CONTEXT ( ( #2930, #5095, #4309 ) ) REPRESENTATION_CONTEXT ( 'NONE', 'WORKASPACE' ) );
#3052 = CARTESIAN_POINT ( 'NONE',  ( 0.1164408425202699965, 0.7793198181932200486, 0.7600000000000000089 ) ) ;
#3053 = LINE ( 'NONE', #4778, #1937 ) ;
#3054 =( NAMED_UNIT ( * ) SI_UNIT ( $, .STERADIAN. ) SOLID_ANGLE_UNIT ( ) );
#3055 = EDGE_LOOP ( 'NONE', ( #4388, #5158, #2504, #3643 ) ) ;
#3056 = PRESENTATION_STYLE_ASSIGNMENT (( #3426 ) ) ;
#3057 = ORIENTED_EDGE ( 'NONE', *, *, #4500, .F. ) ;
#3058 = DIRECTION ( 'NONE',  ( 1.000000000000000000, -0.0000000000000000000, 0.0000000000000000000 ) ) ;
#3059 = CARTESIAN_POINT ( 'NONE',  ( -0.4872868812247589942, 0.7274559600459959974, 0.7500000000000000000 ) ) ;
#3060 = EDGE_CURVE ( 'NONE', #841, #4421, #4536, .T. ) ;
#3061 = PRESENTATION_LAYER_ASSIGNMENT (  '', '', ( #3241 ) ) ;
#3062 = LINE ( 'NONE', #4310, #4366 ) ;
#3063 = SURFACE_SIDE_STYLE ('',( #4708 ) ) ;
#3064 = ORIENTED_EDGE ( 'NONE', *, *, #75, .F. ) ;
#3065 = VECTOR ( 'NONE', #5520, 1000.000000000000000 ) ;
#3066 = CARTESIAN_POINT ( 'NONE',  ( 0.02142463364898800071, 0.6861269480849271352, 0.7600000000000000089 ) ) ;
#3067 = EDGE_CURVE ( 'NONE', #4643, #1156, #3220, .T. ) ;
#3068 = FACE_OUTER_BOUND ( 'NONE', #96, .T. ) ;
#3069 = UNCERTAINTY_MEASURE_WITH_UNIT (LENGTH_MEASURE( 1.000000000000000082E-05 ), #1034, 'distance_accuracy_value', 'NONE');
#3070 = AXIS2_PLACEMENT_3D ( 'NONE', #5425, #2381, #5395 ) ;
#3071 = ORIENTED_EDGE ( 'NONE', *, *, #3067, .F. ) ;
#3072 = ORIENTED_EDGE ( 'NONE', *, *, #1067, .T. ) ;
#3073 = COLOUR_RGB ( '',1.000000000000000000, 1.000000000000000000, 1.000000000000000000 ) ;
#3074 = CARTESIAN_POINT ( 'NONE',  ( -1.000000000000000000, -0.9999999999999988898, 0.0000000000000000000 ) ) ;
#3075 = EDGE_CURVE ( 'NONE', #4880, #4938, #1507, .T. ) ;
#3076 = CARTESIAN_POINT ( 'NONE',  ( -0.3588427950320249860, 0.7043603357148100486, 0.7600000000000000089 ) ) ;
#3077 = CARTESIAN_POINT ( 'NONE',  ( 0.2752739080961429941, 0.9002679561381129458, 0.7600000000000000089 ) ) ;
#3078 = CARTESIAN_POINT ( 'NONE',  ( 0.2286774730419960100, 0.9122209546954810344, 0.7550000000000000044 ) ) ;
#3079 = EDGE_LOOP ( 'NONE', ( #3118, #1221, #4207, #3870 ) ) ;
#3080 = DIRECTION ( 'NONE',  ( -1.000000000000000000, -0.0000000000000000000, 0.0000000000000000000 ) ) ;
#3081 = CARTESIAN_POINT ( 'NONE',  ( 0.3950064868657099937, 0.8791982637658030120, 0.7500000000000000000 ) ) ;
#3082 = UNCERTAINTY_MEASURE_WITH_UNIT (LENGTH_MEASURE( 1.000000000000000082E-05 ), #1398, 'distance_accuracy_value', 'NONE');
#3083 = DIRECTION ( 'NONE',  ( -0.0000000000000000000, -0.0000000000000000000, 1.000000000000000000 ) ) ;
#3084 = SURFACE_STYLE_USAGE ( .BOTH. , #607 ) ;
#3085 = CARTESIAN_POINT ( 'NONE',  ( 0.4170820393130335035, 5.107781844265569985E-17, 0.5841640786260677842 ) ) ;
#3086 = ORIENTED_EDGE ( 'NONE', *, *, #4619, .F. ) ;
#3087 = EDGE_LOOP ( 'NONE', ( #3142, #3199, #3475, #246 ) ) ;
#3088 = PRESENTATION_STYLE_ASSIGNMENT (( #1292 ) ) ;
#3089 = CARTESIAN_POINT ( 'NONE',  ( -0.4568979018416199911, 0.9405840021197440226, 0.7500000000000000000 ) ) ;
#3090 = DIRECTION ( 'NONE',  ( 0.0000000000000000000, 0.0000000000000000000, 1.000000000000000000 ) ) ;
#3091 = PRODUCT_DEFINITION_SHAPE ( 'NONE', 'NONE',  #2201 ) ;
#3092 = LINE ( 'NONE', #4820, #2683 ) ;
#3093 = ORIENTED_EDGE ( 'NONE', *, *, #3580, .T. ) ;
#3094 = DIRECTION ( 'NONE',  ( 0.0000000000000000000, 0.0000000000000000000, 1.000000000000000000 ) ) ;
#3095 = AXIS2_PLACEMENT_3D ( 'NONE', #2988, #120, #1384 ) ;
#3096 = CARTESIAN_POINT ( 'NONE',  ( 1.010000000000000009, -0.3250000000000000666, 0.08999999999999999667 ) ) ;
#3098 = ORIENTED_EDGE ( 'NONE', *, *, #1524, .F. ) ;
#3097 = CARTESIAN_POINT ( 'NONE',  ( -0.4957957954520380572, 0.8321966423198819962, 0.7500000000000000000 ) ) ;
#3099 = PRESENTATION_STYLE_ASSIGNMENT (( #2676 ) ) ;
#3100 = VERTEX_POINT ( 'NONE', #1533 ) ;
#3101 = CYLINDRICAL_SURFACE ( 'NONE', #2514, 0.2500000000000000000 ) ;
#3102 = VECTOR ( 'NONE', #5499, 1000.000000000000000 ) ;
#3103 = EDGE_CURVE ( 'NONE', #259, #4539, #1837, .T. ) ;
#3104 = AXIS2_PLACEMENT_3D ( 'NONE', #5474, #772, #3261 ) ;
#3105 = DIRECTION ( 'NONE',  ( 0.0000000000000000000, 0.0000000000000000000, 1.000000000000000000 ) ) ;
#3106 = CARTESIAN_POINT ( 'NONE',  ( 0.2282722866502210068, 0.6816698977753999911, 0.7500000000000000000 ) ) ;
#3107 = CARTESIAN_POINT ( 'NONE',  ( -1.734722999999999918E-16, 0.6861269480849271352, 0.7500000000000000000 ) ) ;
#3108 = VECTOR ( 'NONE', #713, 1000.000000000000000 ) ;
#3109 = DIRECTION ( 'NONE',  ( 0.0000000000000000000, -0.0000000000000000000, 1.000000000000000000 ) ) ;
#3110 = ORIENTED_EDGE ( 'NONE', *, *, #3443, .T. ) ;
#3111 = ADVANCED_FACE ( 'NONE', ( #2150 ), #871, .T. ) ;
#3112 =( GEOMETRIC_REPRESENTATION_CONTEXT ( 3 ) GLOBAL_UNCERTAINTY_ASSIGNED_CONTEXT ( ( #1321 ) ) GLOBAL_UNIT_ASSIGNED_CONTEXT ( ( #4109, #4585, #5050 ) ) REPRESENTATION_CONTEXT ( 'NONE', 'WORKASPACE' ) );
#3113 = AXIS2_PLACEMENT_3D ( 'NONE', #2785, #2759, #1970 ) ;
#3114 = DIRECTION ( 'NONE',  ( 0.0000000000000000000, 1.000000000000000000, 0.0000000000000000000 ) ) ;
#3115 =( LENGTH_UNIT ( ) NAMED_UNIT ( * ) SI_UNIT ( .MILLI., .METRE. ) );
#3116 = VERTEX_POINT ( 'NONE', #5135 ) ;
#3117 = EDGE_CURVE ( 'NONE', #1668, #4117, #3915, .T. ) ;
#3118 = ORIENTED_EDGE ( 'NONE', *, *, #4801, .F. ) ;
#3119 = CARTESIAN_POINT ( 'NONE',  ( -1.734722999999999918E-16, -9.146724000000000172E-17, 0.7500000000000000000 ) ) ;
#3120 = DIRECTION ( 'NONE',  ( -0.0000000000000000000, -0.0000000000000000000, 1.000000000000000000 ) ) ;
#3121 = CARTESIAN_POINT ( 'NONE',  ( -0.3991588410136560072, 0.9405840021197440226, 0.7500000000000000000 ) ) ;
#3122 = EDGE_LOOP ( 'NONE', ( #3965, #5014, #3636, #2313 ) ) ;
#3123 = COLOUR_RGB ( '',1.000000000000000000, 1.000000000000000000, 1.000000000000000000 ) ;
#3124 = CARTESIAN_POINT ( 'NONE',  ( -1.000000000000000000, 1.000000000000000000, 0.0000000000000000000 ) ) ;
#3125 = CARTESIAN_POINT ( 'NONE',  ( 0.4715867149112210610, 0.6861269480849271352, 0.7599999999999998979 ) ) ;
#3126 = UNCERTAINTY_MEASURE_WITH_UNIT (LENGTH_MEASURE( 1.000000000000000082E-05 ), #1819, 'distance_accuracy_value', 'NONE');
#3127 = SURFACE_SIDE_STYLE ('',( #4497 ) ) ;
#3128 = ORIENTED_EDGE ( 'NONE', *, *, #1362, .F. ) ;
#3129 = DIRECTION ( 'NONE',  ( -0.0000000000000000000, 1.000000000000000000, 0.0000000000000000000 ) ) ;
#3130 =( NAMED_UNIT ( * ) SI_UNIT ( $, .STERADIAN. ) SOLID_ANGLE_UNIT ( ) );
#3131 = EDGE_CURVE ( 'NONE', #4653, #1800, #1433, .T. ) ;
#3132 = CARTESIAN_POINT ( 'NONE',  ( 0.1628346843785279940, 0.8737282474768380824, 0.7500000000000000000 ) ) ;
#3133 = EDGE_LOOP ( 'NONE', ( #5116, #1807, #4436, #3947 ) ) ;
#3134 = PRESENTATION_LAYER_ASSIGNMENT (  '', '', ( #3407 ) ) ;
#3135 = B_SPLINE_SURFACE_WITH_KNOTS ( 'NONE', 2, 1, ( 
 ( #4, #808 ),
 ( #1636, #336 ),
 ( #2090, #2062 ),
 ( #1612, #4626 ) ),
 .UNSPECIFIED., .F., .F., .F.,
 ( 3, 1, 3 ),
 ( 2, 2 ),
 ( -2.000000000000000000, -1.000000000000000000, 0.0000000000000000000 ),
 ( 0.0000000000000000000, 0.001000000000000000021 ),
 .UNSPECIFIED. ) ;
#3136 = CARTESIAN_POINT ( 'NONE',  ( -0.4457552760678020198, 0.7104381315914379824, 0.7600000000000000089 ) ) ;
#3137 = FILL_AREA_STYLE ('',( #290 ) ) ;
#3138 = EDGE_CURVE ( 'NONE', #675, #2976, #4295, .T. ) ;
#3139 = CARTESIAN_POINT ( 'NONE',  ( -0.4370437686446360104, 0.8336147946910950068, 0.7500000000000000000 ) ) ;
#3140 = SURFACE_STYLE_USAGE ( .BOTH. , #860 ) ;
#3141 = CARTESIAN_POINT ( 'NONE',  ( -0.2957643688013814054, 0.6187806312886090510, 0.7500000000000000000 ) ) ;
#3142 = ORIENTED_EDGE ( 'NONE', *, *, #4846, .F. ) ;
#3143 = ORIENTED_EDGE ( 'NONE', *, *, #1808, .F. ) ;
#3144 = CARTESIAN_POINT ( 'NONE',  ( -0.3500000000000009770, 0.5500000000000000444, -0.01000000000000000194 ) ) ;
#3145 = EDGE_CURVE ( 'NONE', #5300, #3116, #1338, .T. ) ;
#3146 = DIRECTION ( 'NONE',  ( -1.000000000000000000, -0.0000000000000000000, 0.0000000000000000000 ) ) ;
#3147 = CARTESIAN_POINT ( 'NONE',  ( -0.3458768305042008162, 0.9243765464531711329, 0.7500000000000000000 ) ) ;
#3148 =( GEOMETRIC_REPRESENTATION_CONTEXT ( 3 ) GLOBAL_UNCERTAINTY_ASSIGNED_CONTEXT ( ( #5279 ) ) GLOBAL_UNIT_ASSIGNED_CONTEXT ( ( #3530, #5214, #1790 ) ) REPRESENTATION_CONTEXT ( 'NONE', 'WORKASPACE' ) );
#3149 = ORIENTED_EDGE ( 'NONE', *, *, #818, .T. ) ;
#3150 = SURFACE_SIDE_STYLE ('',( #1863 ) ) ;
#3151 =( NAMED_UNIT ( * ) PLANE_ANGLE_UNIT ( ) SI_UNIT ( $, .RADIAN. ) );
#3152 = VERTEX_POINT ( 'NONE', #463 ) ;
#3153 = DIRECTION ( 'NONE',  ( 0.0000000000000000000, 0.0000000000000000000, 1.000000000000000000 ) ) ;
#3154 = EDGE_LOOP ( 'NONE', ( #4601, #4713, #1786, #1634 ) ) ;
#3155 = COLOUR_RGB ( '',1.000000000000000000, 1.000000000000000000, 1.000000000000000000 ) ;
#3156 = SURFACE_SIDE_STYLE ('',( #4885 ) ) ;
#3157 = PRESENTATION_LAYER_ASSIGNMENT (  '', '', ( #4163 ) ) ;
#3158 = CARTESIAN_POINT ( 'NONE',  ( -0.3458768304952190009, 0.8846682800547691627, 0.7500000000000000000 ) ) ;
#3159 = CARTESIAN_POINT ( 'NONE',  ( -0.4528460379238680167, 0.8378692518047340387, 0.7500000000000000000 ) ) ;
#3160 = CARTESIAN_POINT ( 'NONE',  ( 0.1733695305646829887, 0.8864916188177570655, 0.7500000000000000000 ) ) ;
#3161 = VERTEX_POINT ( 'NONE', #2096 ) ;
#3162 = B_SPLINE_CURVE_WITH_KNOTS ( 'NONE', 2,
 ( #3456, #3539, #3879, #49 ),
 .UNSPECIFIED., .F., .F.,
 ( 3, 1, 3 ),
 ( 0.0000000000000000000, 3.085913815118815893E-05, 6.171827630237631786E-05 ),
 .UNSPECIFIED. ) ;
#3163 = VECTOR ( 'NONE', #3855, 1000.000000000000000 ) ;
#3164 = ADVANCED_FACE ( 'NONE', ( #3810 ), #2541, .T. ) ;
#3165 = CARTESIAN_POINT ( 'NONE',  ( -1.734722999999999918E-16, 0.7116536907667639911, 0.7500000000000000000 ) ) ;
#3166 = LINE ( 'NONE', #5392, #4933 ) ;
#3167 = CARTESIAN_POINT ( 'NONE',  ( -0.5061280484423049675, 0.7011188445806090241, 0.7550000000000000044 ) ) ;
#3168 = CARTESIAN_POINT ( 'NONE',  ( -0.1207957898641019989, 0.6861269480849271352, 0.7600000000000000089 ) ) ;
#3169 = CARTESIAN_POINT ( 'NONE',  ( -0.6794535108220534081, 0.1074953970803615294, 0.7500000000000000000 ) ) ;
#3170 = EDGE_LOOP ( 'NONE', ( #1694, #811, #1884, #1290 ) ) ;
#3171 = EDGE_CURVE ( 'NONE', #3100, #543, #2772, .T. ) ;
#3172 = DIRECTION ( 'NONE',  ( 0.0000000000000000000, 0.0000000000000000000, -1.000000000000000000 ) ) ;
#3173 = ORIENTED_EDGE ( 'NONE', *, *, #4508, .F. ) ;
#3174 = VECTOR ( 'NONE', #4206, 1000.000000000000000 ) ;
#3175 = VECTOR ( 'NONE', #2825, 1000.000000000000000 ) ;
#3176 =( NAMED_UNIT ( * ) PLANE_ANGLE_UNIT ( ) SI_UNIT ( $, .RADIAN. ) );
#3177 = CARTESIAN_POINT ( 'NONE',  ( -0.3361523570926139848, 0.7574397530373601084, 0.7500000000000000000 ) ) ;
#3178 = ORIENTED_EDGE ( 'NONE', *, *, #2699, .F. ) ;
#3179 = CARTESIAN_POINT ( 'NONE',  ( -1.000000000000000000, -0.9999999999999988898, 0.08999999999999999667 ) ) ;
#3180 = PRESENTATION_STYLE_ASSIGNMENT (( #2729 ) ) ;
#3181 = ORIENTED_EDGE ( 'NONE', *, *, #3902, .F. ) ;
#3182 = CARTESIAN_POINT ( 'NONE',  ( -0.4131377715298999997, 0.7937039351012390442, 0.7500000000000000000 ) ) ;
#3183 = ORIENTED_EDGE ( 'NONE', *, *, #4999, .T. ) ;
#3184 = CARTESIAN_POINT ( 'NONE',  ( 0.1733695305646829887, 0.8864916188177570655, 0.7600000000000000089 ) ) ;
#3185 = LINE ( 'NONE', #4914, #1466 ) ;
#3186 = CARTESIAN_POINT ( 'NONE',  ( -0.4512252923567670049, 0.6816698977753999911, 0.7500000000000000000 ) ) ;
#3187 = CARTESIAN_POINT ( 'NONE',  ( 0.1052982167464520113, 0.9361269518102169895, 0.7600000000000000089 ) ) ;
#3188 = ORIENTED_EDGE ( 'NONE', *, *, #4217, .F. ) ;
#3189 = MECHANICAL_DESIGN_GEOMETRIC_PRESENTATION_REPRESENTATION (  '', ( #4555 ), #3460 ) ;
#3190 = PRESENTATION_LAYER_ASSIGNMENT (  '', '', ( #4107 ) ) ;
#3191 = CARTESIAN_POINT ( 'NONE',  ( 0.2286774730419960100, 0.9122209546954810344, 0.7600000000000000089 ) ) ;
#3192 = AXIS2_PLACEMENT_3D ( 'NONE', #3706, #1563, #3306 ) ;
#3193 = UNCERTAINTY_MEASURE_WITH_UNIT (LENGTH_MEASURE( 1.000000000000000082E-05 ), #4505, 'distance_accuracy_value', 'NONE');
#3194 = CARTESIAN_POINT ( 'NONE',  ( -0.6500000000000001332, 0.3250000000000000666, -0.01000000000000000021 ) ) ;
#3195 = FILL_AREA_STYLE_COLOUR ( '', #3155 ) ;
#3196 = ORIENTED_EDGE ( 'NONE', *, *, #3029, .F. ) ;
#3197 =( GEOMETRIC_REPRESENTATION_CONTEXT ( 3 ) GLOBAL_UNCERTAINTY_ASSIGNED_CONTEXT ( ( #2562 ) ) GLOBAL_UNIT_ASSIGNED_CONTEXT ( ( #1806, #4790, #915 ) ) REPRESENTATION_CONTEXT ( 'NONE', 'WORKASPACE' ) );
#3198 = DIRECTION ( 'NONE',  ( 0.0000000000000000000, 1.000000000000000000, 0.0000000000000000000 ) ) ;
#3199 = ORIENTED_EDGE ( 'NONE', *, *, #2765, .T. ) ;
#3200 = LINE ( 'NONE', #2755, #544 ) ;
#3201 =( GEOMETRIC_REPRESENTATION_CONTEXT ( 3 ) GLOBAL_UNCERTAINTY_ASSIGNED_CONTEXT ( ( #1217 ) ) GLOBAL_UNIT_ASSIGNED_CONTEXT ( ( #2650, #4355, #4382 ) ) REPRESENTATION_CONTEXT ( 'NONE', 'WORKASPACE' ) );
#3202 = CARTESIAN_POINT ( 'NONE',  ( 0.4272188050118380098, 0.7116536907667639911, 0.7500000000000000000 ) ) ;
#3203 = EDGE_CURVE ( 'NONE', #3689, #1614, #4721, .T. ) ;
#3204 = LINE ( 'NONE', #1029, #3832 ) ;
#3205 = CIRCLE ( 'NONE', #1317, 0.1499999999999999667 ) ;
#3206 = B_SPLINE_CURVE_WITH_KNOTS ( 'NONE', 2,
 ( #728, #5434, #5479, #5457 ),
 .UNSPECIFIED., .F., .F.,
 ( 3, 1, 3 ),
 ( 3.858069104783792400E-18, 1.816457703877746575E-05, 3.632915407755106903E-05 ),
 .UNSPECIFIED. ) ;
#3207 = LINE ( 'NONE', #3576, #4695 ) ;
#3208 = EDGE_CURVE ( 'NONE', #2782, #5264, #1874, .T. ) ;
#3209 = CARTESIAN_POINT ( 'NONE',  ( -0.5036969300916539494, 0.7428530429334530005, 0.7600000000000000089 ) ) ;
#3210 = VERTEX_POINT ( 'NONE', #1449 ) ;
#3211 = DIRECTION ( 'NONE',  ( -0.0000000000000000000, -1.000000000000000000, -0.0000000000000000000 ) ) ;
#3213 = ORIENTED_EDGE ( 'NONE', *, *, #5233, .T. ) ;
#3212 = CARTESIAN_POINT ( 'NONE',  ( -1.734722999999999918E-16, -0.3250000000000000666, 0.0000000000000000000 ) ) ;
#3214 = EDGE_CURVE ( 'NONE', #1614, #4248, #129, .T. ) ;
#3215 = CARTESIAN_POINT ( 'NONE',  ( 0.3036369555198546455, 0.7428530429329016638, 0.7600000000000000089 ) ) ;
#3216 = ORIENTED_EDGE ( 'NONE', *, *, #1635, .F. ) ;
#3217 = FACE_OUTER_BOUND ( 'NONE', #1695, .T. ) ;
#3218 = SURFACE_STYLE_FILL_AREA ( #242 ) ;
#3219 = DIRECTION ( 'NONE',  ( 0.0000000000000000000, -1.000000000000000000, -0.0000000000000000000 ) ) ;
#3220 = LINE ( 'NONE', #4632, #1059 ) ;
#3221 = CARTESIAN_POINT ( 'NONE',  ( -0.4410956325623880403, 0.9118157683037061423, 0.7500000000000000000 ) ) ;
#3222 = COLOUR_RGB ( '',1.000000000000000000, 1.000000000000000000, 1.000000000000000000 ) ;
#3223 = ORIENTED_EDGE ( 'NONE', *, *, #2520, .T. ) ;
#3224 = DIRECTION ( 'NONE',  ( 1.000000000000000000, 0.0000000000000000000, -0.0000000000000000000 ) ) ;
#3225 = ORIENTED_EDGE ( 'NONE', *, *, #2647, .T. ) ;
#3226 = VECTOR ( 'NONE', #3083, 1000.000000000000000 ) ;
#3227 = DIRECTION ( 'NONE',  ( 0.0000000000000000000, -1.000000000000000000, 0.0000000000000000000 ) ) ;
#3228 = CARTESIAN_POINT ( 'NONE',  ( -0.2500000000000000000, 3.061616997868383018E-17, 0.2600000000000000089 ) ) ;
#3229 = CARTESIAN_POINT ( 'NONE',  ( -0.4696612731825379750, 0.8901382963437329821, 0.7500000000000000000 ) ) ;
#3230 = CARTESIAN_POINT ( 'NONE',  ( 0.1164408425202699965, 0.8423263021142610718, 0.7600000000000000089 ) ) ;
#3231 = ORIENTED_EDGE ( 'NONE', *, *, #117, .F. ) ;
#3232 = PRESENTATION_LAYER_ASSIGNMENT (  '', '', ( #4066 ) ) ;
#3233 = EDGE_CURVE ( 'NONE', #652, #2678, #839, .T. ) ;
#3234 = DIRECTION ( 'NONE',  ( -1.000000000000000000, 0.0000000000000000000, 0.0000000000000000000 ) ) ;
#3235 = COLOUR_RGB ( '',0.7490196078431372584, 0.7490196078431372584, 0.7490196078431372584 ) ;
#3236 = DIRECTION ( 'NONE',  ( 0.0000000000000000000, 0.0000000000000000000, -1.000000000000000000 ) ) ;
#3237 = UNCERTAINTY_MEASURE_WITH_UNIT (LENGTH_MEASURE( 1.000000000000000082E-05 ), #2338, 'distance_accuracy_value', 'NONE');
#3238 = PRESENTATION_LAYER_ASSIGNMENT (  '', '', ( #203 ) ) ;
#3239 = FILL_AREA_STYLE_COLOUR ( '', #4429 ) ;
#3240 = ORIENTED_EDGE ( 'NONE', *, *, #2879, .T. ) ;
#3241 = STYLED_ITEM ( 'NONE', ( #1400 ), #897 ) ;
#3242 = EDGE_CURVE ( 'NONE', #879, #1037, #4807, .T. ) ;
#3243 = LINE ( 'NONE', #3212, #1730 ) ;
#3244 = FILL_AREA_STYLE ('',( #1418 ) ) ;
#3245 = PRESENTATION_LAYER_ASSIGNMENT (  '', '', ( #928 ) ) ;
#3246 = ORIENTED_EDGE ( 'NONE', *, *, #3417, .T. ) ;
#3247 = EDGE_CURVE ( 'NONE', #1163, #974, #5273, .T. ) ;
#3248 = VECTOR ( 'NONE', #118, 1000.000000000000000 ) ;
#3249 = FILL_AREA_STYLE_COLOUR ( '', #1858 ) ;
#3250 = PLANE ( 'NONE',  #4044 ) ;
#3251 = DIRECTION ( 'NONE',  ( -0.0000000000000000000, 0.0000000000000000000, 1.000000000000000000 ) ) ;
#3252 = CARTESIAN_POINT ( 'NONE',  ( -0.6500000000000001332, -7.569701999999999659E-17, 0.0000000000000000000 ) ) ;
#3253 = PLANE ( 'NONE',  #1537 ) ;
#3254 = FACE_OUTER_BOUND ( 'NONE', #1391, .T. ) ;
#3255 = VECTOR ( 'NONE', #4878, 1000.000000000000000 ) ;
#3256 = VERTEX_POINT ( 'NONE', #3187 ) ;
#3257 = PRESENTATION_STYLE_ASSIGNMENT (( #1991 ) ) ;
#3258 = VECTOR ( 'NONE', #4886, 1000.000000000000000 ) ;
#3259 = DIRECTION ( 'NONE',  ( 1.000000000000000000, 0.0000000000000000000, -0.0000000000000000000 ) ) ;
#3260 = FILL_AREA_STYLE ('',( #2812 ) ) ;
#3261 = DIRECTION ( 'NONE',  ( 1.000000000000000000, 0.0000000000000000000, 0.0000000000000000000 ) ) ;
#3262 = FACE_OUTER_BOUND ( 'NONE', #1745, .T. ) ;
#3263 = ORIENTED_EDGE ( 'NONE', *, *, #2617, .T. ) ;
#3264 = STYLED_ITEM ( 'NONE', ( #5236 ), #2374 ) ;
#3265 = CARTESIAN_POINT ( 'NONE',  ( 0.1164408425202699965, 0.7793198181932200486, 0.7500000000000000000 ) ) ;
#3266 =( NAMED_UNIT ( * ) SI_UNIT ( $, .STERADIAN. ) SOLID_ANGLE_UNIT ( ) );
#3267 = CARTESIAN_POINT ( 'NONE',  ( -0.3361523570926139848, 0.7574397530373601084, 0.7500000000000000000 ) ) ;
#3268 = MECHANICAL_DESIGN_GEOMETRIC_PRESENTATION_REPRESENTATION (  '', ( #3893 ), #1836 ) ;
#3269 = VERTEX_POINT ( 'NONE', #1363 ) ;
#3270 = LINE ( 'NONE', #731, #883 ) ;
#3271 = DIRECTION ( 'NONE',  ( 0.0000000000000000000, 0.0000000000000000000, 1.000000000000000000 ) ) ;
#3272 = LINE ( 'NONE', #4993, #3441 ) ;
#3273 =( LENGTH_UNIT ( ) NAMED_UNIT ( * ) SI_UNIT ( .MILLI., .METRE. ) );
#3274 = EDGE_CURVE ( 'NONE', #315, #3028, #4052, .T. ) ;
#3275 = ORIENTED_EDGE ( 'NONE', *, *, #1253, .F. ) ;
#3276 = EDGE_CURVE ( 'NONE', #88, #841, #4838, .T. ) ;
#3277 =( NAMED_UNIT ( * ) PLANE_ANGLE_UNIT ( ) SI_UNIT ( $, .RADIAN. ) );
#3278 = DIRECTION ( 'NONE',  ( 0.0000000000000000000, 1.000000000000000000, 0.0000000000000000000 ) ) ;
#3279 = SURFACE_STYLE_FILL_AREA ( #1328 ) ;
#3280 =( LENGTH_UNIT ( ) NAMED_UNIT ( * ) SI_UNIT ( .MILLI., .METRE. ) );
#3281 = VECTOR ( 'NONE', #1862, 1000.000000000000000 ) ;
#3282 = DIRECTION ( 'NONE',  ( -0.0000000000000000000, -0.0000000000000000000, -1.000000000000000000 ) ) ;
#3283 = FILL_AREA_STYLE ('',( #1508 ) ) ;
#3284 = EDGE_CURVE ( 'NONE', #5104, #600, #2839, .T. ) ;
#3285 = CARTESIAN_POINT ( 'NONE',  ( -0.1540210739896679948, 0.6861269480849271352, 0.7600000000000000089 ) ) ;
#3286 = ORIENTED_EDGE ( 'NONE', *, *, #4178, .T. ) ;
#3287 = PRESENTATION_LAYER_ASSIGNMENT (  '', '', ( #2466 ) ) ;
#3288 =( GEOMETRIC_REPRESENTATION_CONTEXT ( 3 ) GLOBAL_UNCERTAINTY_ASSIGNED_CONTEXT ( ( #1844 ) ) GLOBAL_UNIT_ASSIGNED_CONTEXT ( ( #4172, #3341, #5059 ) ) REPRESENTATION_CONTEXT ( 'NONE', 'WORKASPACE' ) );
#3289 = SURFACE_SIDE_STYLE ('',( #2435 ) ) ;
#3290 = DIRECTION ( 'NONE',  ( -1.000000000000000000, -0.0000000000000000000, 0.0000000000000000000 ) ) ;
#3291 = EDGE_CURVE ( 'NONE', #5264, #69, #634, .T. ) ;
#3292 = VECTOR ( 'NONE', #4114, 1000.000000000000000 ) ;
#3293 = CARTESIAN_POINT ( 'NONE',  ( 0.1164408425202699965, 0.8423263021142610718, 0.7500000000000000000 ) ) ;
#3294 = ORIENTED_EDGE ( 'NONE', *, *, #255, .F. ) ;
#3295 = CARTESIAN_POINT ( 'NONE',  ( 0.6500000000000001332, 0.6750000000000000444, -0.01000000000000000021 ) ) ;
#3296 = SURFACE_STYLE_FILL_AREA ( #1577 ) ;
#3297 = UNCERTAINTY_MEASURE_WITH_UNIT (LENGTH_MEASURE( 1.000000000000000082E-05 ), #4532, 'distance_accuracy_value', 'NONE');
#3298 = CARTESIAN_POINT ( 'NONE',  ( 0.2657520278894259791, 0.9055353792311909844, 0.7500000000000000000 ) ) ;
#3299 = COLOUR_RGB ( '',1.000000000000000000, 1.000000000000000000, 1.000000000000000000 ) ;
#3300 = CARTESIAN_POINT ( 'NONE',  ( -0.4696612731825379750, 0.8725126883015129620, 0.7550000000000000044 ) ) ;
#3301 = ORIENTED_EDGE ( 'NONE', *, *, #2865, .T. ) ;
#3302 = AXIS2_PLACEMENT_3D ( 'NONE', #3735, #1184, #5027 ) ;
#3303 = CARTESIAN_POINT ( 'NONE',  ( -1.000000000000000000, -0.6750000000000000444, 0.08999999999999999667 ) ) ;
#3304 = EDGE_CURVE ( 'NONE', #5231, #4106, #1851, .T. ) ;
#3305 = SURFACE_SIDE_STYLE ('',( #2460 ) ) ;
#3306 = DIRECTION ( 'NONE',  ( 0.0000000000000000000, -0.0000000000000000000, -1.000000000000000000 ) ) ;
#3307 = SURFACE_STYLE_USAGE ( .BOTH. , #4664 ) ;
#3308 = STYLED_ITEM ( 'NONE', ( #555 ), #5069 ) ;
#3309 = CARTESIAN_POINT ( 'NONE',  ( -0.3458768304952190009, 0.8846682800547691627, 0.7500000000000000000 ) ) ;
#3310 = EDGE_CURVE ( 'NONE', #1387, #781, #2501, .T. ) ;
#3311 =( NAMED_UNIT ( * ) SI_UNIT ( $, .STERADIAN. ) SOLID_ANGLE_UNIT ( ) );
#3312 = DIRECTION ( 'NONE',  ( 0.0000000000000000000, -1.000000000000000000, 0.0000000000000000000 ) ) ;
#3313 = CARTESIAN_POINT ( 'NONE',  ( -0.4512252923567670049, 0.6816698977753999911, 0.7500000000000000000 ) ) ;
#3314 = CARTESIAN_POINT ( 'NONE',  ( 0.1733695305646829887, 0.8864916188177570655, 0.7600000000000000089 ) ) ;
#3315 = LINE ( 'NONE', #3714, #3545 ) ;
#3316 = B_SPLINE_CURVE_WITH_KNOTS ( 'NONE', 2,
 ( #4850, #251, #225, #5319 ),
 .UNSPECIFIED., .F., .F.,
 ( 3, 1, 3 ),
 ( 0.0000000000000000000, 3.140962424134096135E-05, 6.281924848268192270E-05 ),
 .UNSPECIFIED. ) ;
#3317 = ORIENTED_EDGE ( 'NONE', *, *, #2278, .T. ) ;
#3318 = VECTOR ( 'NONE', #5228, 1000.000000000000000 ) ;
#3319 = EDGE_CURVE ( 'NONE', #512, #2782, #1791, .T. ) ;
#3320 = CARTESIAN_POINT ( 'NONE',  ( 0.2430615899500150057, 0.7104381315914379824, 0.7500000000000000000 ) ) ;
#3321 = PRESENTATION_STYLE_ASSIGNMENT (( #4278 ) ) ;
#3322 = CARTESIAN_POINT ( 'NONE',  ( 0.2286774730419960100, 0.7104381315914379824, 0.7500000000000000000 ) ) ;
#3323 = CARTESIAN_POINT ( 'NONE',  ( 0.4715867149112210055, 0.6861269480849271352, 0.7500000000000000000 ) ) ;
#3324 = CARTESIAN_POINT ( 'NONE',  ( -0.3481053556499820179, 0.7142874023133020112, 0.7500000000000000000 ) ) ;
#3325 = VECTOR ( 'NONE', #3219, 1000.000000000000000 ) ;
#3326 =( GEOMETRIC_REPRESENTATION_CONTEXT ( 3 ) GLOBAL_UNCERTAINTY_ASSIGNED_CONTEXT ( ( #582 ) ) GLOBAL_UNIT_ASSIGNED_CONTEXT ( ( #3280, #793, #2067 ) ) REPRESENTATION_CONTEXT ( 'NONE', 'WORKASPACE' ) );
#3327 = LINE ( 'NONE', #2342, #1312 ) ;
#3328 = CARTESIAN_POINT ( 'NONE',  ( 0.1052982167464519975, 0.9361269518102169895, 0.7500000000000000000 ) ) ;
#3329 = LINE ( 'NONE', #1667, #3775 ) ;
#3330 = ORIENTED_EDGE ( 'NONE', *, *, #368, .F. ) ;
#3331 = CARTESIAN_POINT ( 'NONE',  ( -0.2690940092538209871, 0.9361269518102169895, 0.7500000000000000000 ) ) ;
#3332 = PRESENTATION_LAYER_ASSIGNMENT (  '', '', ( #664 ) ) ;
#3333 = CARTESIAN_POINT ( 'NONE',  ( -0.3600583542073499954, 0.8125451023187849620, 0.7600000000000000089 ) ) ;
#3334 = SURFACE_STYLE_USAGE ( .BOTH. , #2482 ) ;
#3335 = EDGE_CURVE ( 'NONE', #315, #4852, #1633, .T. ) ;
#3336 =( LENGTH_UNIT ( ) NAMED_UNIT ( * ) SI_UNIT ( .MILLI., .METRE. ) );
#3337 = B_SPLINE_CURVE_WITH_KNOTS ( 'NONE', 2,
 ( #3682, #768, #2048, #1595 ),
 .UNSPECIFIED., .F., .F.,
 ( 3, 1, 3 ),
 ( 0.0000000000000000000, 1.809434284840364521E-05, 3.618868569680729042E-05 ),
 .UNSPECIFIED. ) ;
#3338 = SURFACE_SIDE_STYLE ('',( #3848 ) ) ;
#3339 = CARTESIAN_POINT ( 'NONE',  ( 0.3496256109868899897, 0.9020912949011019588, 0.7500000000000000000 ) ) ;
#3340 =( NAMED_UNIT ( * ) SI_UNIT ( $, .STERADIAN. ) SOLID_ANGLE_UNIT ( ) );
#3341 =( NAMED_UNIT ( * ) PLANE_ANGLE_UNIT ( ) SI_UNIT ( $, .RADIAN. ) );
#3342 = LINE ( 'NONE', #2055, #1136 ) ;
#3343 = ORIENTED_EDGE ( 'NONE', *, *, #718, .T. ) ;
#3344 = EDGE_CURVE ( 'NONE', #2331, #4942, #417, .T. ) ;
#3345 = FACE_OUTER_BOUND ( 'NONE', #4926, .T. ) ;
#3346 = DIRECTION ( 'NONE',  ( 0.0000000000000000000, 0.0000000000000000000, -1.000000000000000000 ) ) ;
#3347 = CARTESIAN_POINT ( 'NONE',  ( 0.0000000000000000000, 0.0000000000000000000, 0.2500000000000000000 ) ) ;
#3348 = CARTESIAN_POINT ( 'NONE',  ( -0.3361523570926139848, 0.7807379705644329482, 0.7600000000000000089 ) ) ;
#3349 = UNCERTAINTY_MEASURE_WITH_UNIT (LENGTH_MEASURE( 1.000000000000000082E-05 ), #1919, 'distance_accuracy_value', 'NONE');
#3350 = CARTESIAN_POINT ( 'NONE',  ( 0.2432641831459030068, 0.9122209546954810344, 0.7500000000000000000 ) ) ;
#3351 = VECTOR ( 'NONE', #1913, 1000.000000000000000 ) ;
#3352 = ORIENTED_EDGE ( 'NONE', *, *, #4735, .T. ) ;
#3353 = EDGE_CURVE ( 'NONE', #5458, #1689, #2971, .T. ) ;
#3354 = VECTOR ( 'NONE', #1583, 1000.000000000000000 ) ;
#3356 = ORIENTED_EDGE ( 'NONE', *, *, #1224, .F. ) ;
#3355 = FACE_OUTER_BOUND ( 'NONE', #618, .T. ) ;
#3357 = AXIS2_PLACEMENT_3D ( 'NONE', #4057, #3114, #4423 ) ;
#3358 = DIRECTION ( 'NONE',  ( 0.0000000000000000000, -0.0000000000000000000, 1.000000000000000000 ) ) ;
#3359 = ORIENTED_EDGE ( 'NONE', *, *, #752, .T. ) ;
#3360 = DIRECTION ( 'NONE',  ( 0.0000000000000000000, 1.000000000000000000, 0.0000000000000000000 ) ) ;
#3361 = SURFACE_STYLE_FILL_AREA ( #3726 ) ;
#3362 = CARTESIAN_POINT ( 'NONE',  ( -0.4265089224584809879, 0.8307784899486689856, 0.7500000000000000000 ) ) ;
#3363 = SURFACE_STYLE_FILL_AREA ( #1647 ) ;
#3364 = DIRECTION ( 'NONE',  ( 0.0000000000000000000, 1.000000000000000000, 0.0000000000000000000 ) ) ;
#3365 = CARTESIAN_POINT ( 'NONE',  ( 0.2288800662378840112, 0.9405840021197440226, 0.7600000000000000089 ) ) ;
#3366 = ORIENTED_EDGE ( 'NONE', *, *, #4080, .T. ) ;
#3367 = AXIS2_PLACEMENT_3D ( 'NONE', #4224, #1239, #380 ) ;
#3368 = PRESENTATION_LAYER_ASSIGNMENT (  '', '', ( #167 ) ) ;
#3369 = CARTESIAN_POINT ( 'NONE',  ( 0.2500000000000000000, 0.0000000000000000000, 0.2500000000000000000 ) ) ;
#3370 = CARTESIAN_POINT ( 'NONE',  ( 0.3036369555198546455, 0.7428530429329016638, 0.7500000000000000000 ) ) ;
#3371 = STYLED_ITEM ( 'NONE', ( #501 ), #3983 ) ;
#3372 = SURFACE_STYLE_USAGE ( .BOTH. , #5066 ) ;
#3373 = ADVANCED_FACE ( 'NONE', ( #1608 ), #466, .T. ) ;
#3374 = VECTOR ( 'NONE', #4647, 1000.000000000000000 ) ;
#3375 =( LENGTH_UNIT ( ) NAMED_UNIT ( * ) SI_UNIT ( .MILLI., .METRE. ) );
#3376 = CARTESIAN_POINT ( 'NONE',  ( -1.000000000000000000, -0.6750000000000000444, 0.0000000000000000000 ) ) ;
#3377 = SURFACE_STYLE_USAGE ( .BOTH. , #2529 ) ;
#3378 = CARTESIAN_POINT ( 'NONE',  ( 0.2862139406740730196, 0.7280637396336590017, 0.7600000000000000089 ) ) ;
#3379 = EDGE_LOOP ( 'NONE', ( #5292, #3275, #3043, #4791, #411 ) ) ;
#3380 = DIRECTION ( 'NONE',  ( 0.0000000000000000000, 0.0000000000000000000, 1.000000000000000000 ) ) ;
#3381 =( NAMED_UNIT ( * ) SI_UNIT ( $, .STERADIAN. ) SOLID_ANGLE_UNIT ( ) );
#3382 =( LENGTH_UNIT ( ) NAMED_UNIT ( * ) SI_UNIT ( .MILLI., .METRE. ) );
#3383 = CARTESIAN_POINT ( 'NONE',  ( 0.6500000000000001332, 0.6750000000000000444, 0.0000000000000000000 ) ) ;
#3384 = ORIENTED_EDGE ( 'NONE', *, *, #3029, .T. ) ;
#3385 = ORIENTED_EDGE ( 'NONE', *, *, #1165, .T. ) ;
#3386 = B_SPLINE_CURVE_WITH_KNOTS ( 'NONE', 2,
 ( #2893, #4171, #2386, #2464 ),
 .UNSPECIFIED., .F., .F.,
 ( 3, 1, 3 ),
 ( 0.0000000000000000000, 6.147278965701476845E-05, 0.0001229455793140295369 ),
 .UNSPECIFIED. ) ;
#3387 = AXIS2_PLACEMENT_3D ( 'NONE', #2910, #3380, #807 ) ;
#3388 = SHAPE_DEFINITION_REPRESENTATION ( #3091, #748 ) ;
#3389 = EDGE_CURVE ( 'NONE', #1069, #3455, #3442, .T. ) ;
#3390 =( NAMED_UNIT ( * ) PLANE_ANGLE_UNIT ( ) SI_UNIT ( $, .RADIAN. ) );
#3391 = FILL_AREA_STYLE_COLOUR ( '', #750 ) ;
#3392 = PRESENTATION_LAYER_ASSIGNMENT (  '', '', ( #3746 ) ) ;
#3393 = CARTESIAN_POINT ( 'NONE',  ( 0.1733695305646829887, 0.8864916188177570655, 0.7500000000000000000 ) ) ;
#3394 = PRESENTATION_STYLE_ASSIGNMENT (( #2050 ) ) ;
#3395 = LINE ( 'NONE', #5492, #2061 ) ;
#3396 = LINE ( 'NONE', #1264, #5318 ) ;
#3397 = VERTEX_POINT ( 'NONE', #4678 ) ;
#3398 = VECTOR ( 'NONE', #3198, 1000.000000000000000 ) ;
#3399 = ORIENTED_EDGE ( 'NONE', *, *, #2974, .T. ) ;
#3400 = CARTESIAN_POINT ( 'NONE',  ( 0.3060680738710570004, 0.7031447765394850391, 0.7600000000000000089 ) ) ;
#3401 = LINE ( 'NONE', #2162, #4443 ) ;
#3402 = PLANE ( 'NONE',  #4269 ) ;
#3403 = UNCERTAINTY_MEASURE_WITH_UNIT (LENGTH_MEASURE( 1.000000000000000082E-05 ), #2509, 'distance_accuracy_value', 'NONE');
#3404 = CARTESIAN_POINT ( 'NONE',  ( -0.1540210739896679948, 0.6861269480849271352, 0.7500000000000000000 ) ) ;
#3405 = CARTESIAN_POINT ( 'NONE',  ( 0.2997876847985420090, 0.7390037722115889718, 0.7600000000000000089 ) ) ;
#3406 = ORIENTED_EDGE ( 'NONE', *, *, #5043, .T. ) ;
#3407 = STYLED_ITEM ( 'NONE', ( #477 ), #28 ) ;
#3408 =( LENGTH_UNIT ( ) NAMED_UNIT ( * ) SI_UNIT ( .MILLI., .METRE. ) );
#3409 = ORIENTED_EDGE ( 'NONE', *, *, #2974, .F. ) ;
#3410 = ADVANCED_FACE ( 'NONE', ( #5096 ), #4417, .T. ) ;
#3411 = AXIS2_PLACEMENT_3D ( 'NONE', #4587, #5080, #3728 ) ;
#3412 = SURFACE_STYLE_FILL_AREA ( #3781 ) ;
#3413 = CARTESIAN_POINT ( 'NONE',  ( -1.734722999999999918E-16, 0.8794008569616911242, 0.7500000000000000000 ) ) ;
#3414 = SURFACE_SIDE_STYLE ('',( #11 ) ) ;
#3415 = DIRECTION ( 'NONE',  ( 0.0000000000000000000, -1.000000000000000000, 0.0000000000000000000 ) ) ;
#3416 = CARTESIAN_POINT ( 'NONE',  ( 0.1741799033482339942, 0.7353570946856119450, 0.7600000000000000089 ) ) ;
#3417 = EDGE_CURVE ( 'NONE', #3116, #2357, #4992, .T. ) ;
#3418 = LINE ( 'NONE', #71, #3038 ) ;
#3419 = VECTOR ( 'NONE', #159, 1000.000000000000000 ) ;
#3420 = DIRECTION ( 'NONE',  ( 0.0000000000000000000, 0.0000000000000000000, -1.000000000000000000 ) ) ;
#3421 = DIRECTION ( 'NONE',  ( -1.000000000000000000, -0.0000000000000000000, -0.0000000000000000000 ) ) ;
#3422 = CARTESIAN_POINT ( 'NONE',  ( 0.6500000000000001332, -0.3250000000000000666, 0.0000000000000000000 ) ) ;
#3423 = CARTESIAN_POINT ( 'NONE',  ( -0.4693044419004886447, 0.0000000000000000000, 0.6886088838242544474 ) ) ;
#3424 = VECTOR ( 'NONE', #1960, 1000.000000000000000 ) ;
#3425 = ORIENTED_EDGE ( 'NONE', *, *, #2047, .F. ) ;
#3426 = SURFACE_STYLE_USAGE ( .BOTH. , #2977 ) ;
#3427 = VERTEX_POINT ( 'NONE', #2586 ) ;
#3428 = FACE_OUTER_BOUND ( 'NONE', #301, .T. ) ;
#3429 = VECTOR ( 'NONE', #4580, 1000.000000000000000 ) ;
#3430 = CARTESIAN_POINT ( 'NONE',  ( 0.2770972468591310078, 0.7227963165405809631, 0.7500000000000000000 ) ) ;
#3431 = DIRECTION ( 'NONE',  ( -0.0000000000000000000, 0.0000000000000000000, 1.000000000000000000 ) ) ;
#3432 = CARTESIAN_POINT ( 'NONE',  ( 0.0000000000000000000, 0.0000000000000000000, 0.2600000000000000089 ) ) ;
#3433 =( LENGTH_UNIT ( ) NAMED_UNIT ( * ) SI_UNIT ( .MILLI., .METRE. ) );
#3434 = EDGE_LOOP ( 'NONE', ( #4515, #2652, #2669, #5396 ) ) ;
#3435 = VECTOR ( 'NONE', #1655, 1000.000000000000000 ) ;
#3436 = VECTOR ( 'NONE', #3685, 1000.000000000000000 ) ;
#3438 = ORIENTED_EDGE ( 'NONE', *, *, #997, .T. ) ;
#3437 = DIRECTION ( 'NONE',  ( 0.0000000000000000000, 1.000000000000000000, 0.0000000000000000000 ) ) ;
#3439 = ORIENTED_EDGE ( 'NONE', *, *, #1551, .T. ) ;
#3440 = ORIENTED_EDGE ( 'NONE', *, *, #4132, .T. ) ;
#3441 = VECTOR ( 'NONE', #1471, 1000.000000000000000 ) ;
#3442 = B_SPLINE_CURVE_WITH_KNOTS ( 'NONE', 2,
 ( #658, #1244, #3405, #3215 ),
 .UNSPECIFIED., .F., .F.,
 ( 3, 1, 3 ),
 ( 0.0000000000000000000, 1.667477742497758047E-05, 3.334955484995516094E-05 ),
 .UNSPECIFIED. ) ;
#3443 = EDGE_CURVE ( 'NONE', #3808, #3939, #116, .T. ) ;
#3444 = CARTESIAN_POINT ( 'NONE',  ( 0.3499999999999999778, -0.8000000000000000444, -0.01000000000000000021 ) ) ;
#3445 = VERTEX_POINT ( 'NONE', #2251 ) ;
#3446 = B_SPLINE_SURFACE_WITH_KNOTS ( 'NONE', 2, 1, ( 
 ( #751, #3772 ),
 ( #5409, #1657 ),
 ( #2000, #328 ),
 ( #1547, #5038 ) ),
 .UNSPECIFIED., .F., .F., .F.,
 ( 3, 1, 3 ),
 ( 2, 2 ),
 ( -2.000000000000000000, -1.000000000000000000, 0.0000000000000000000 ),
 ( 0.0000000000000000000, 0.001000000000000000021 ),
 .UNSPECIFIED. ) ;
#3447 = ADVANCED_FACE ( 'NONE', ( #2166 ), #861, .T. ) ;
#3448 = CARTESIAN_POINT ( 'NONE',  ( -1.010000000000000009, 0.6750000000000000444, -0.009999999999999998473 ) ) ;
#3449 = CARTESIAN_POINT ( 'NONE',  ( -0.6500000000000001332, -0.6750000000000000444, 0.0000000000000000000 ) ) ;
#3450 = CARTESIAN_POINT ( 'NONE',  ( 0.4693044419004885337, 0.9386088838009771784, 0.6886088838242545584 ) ) ;
#3451 = ORIENTED_EDGE ( 'NONE', *, *, #2914, .F. ) ;
#3452 = B_SPLINE_CURVE_WITH_KNOTS ( 'NONE', 2,
 ( #2259, #3097, #1750, #5156 ),
 .UNSPECIFIED., .F., .F.,
 ( 3, 1, 3 ),
 ( 0.0000000000000000000, 2.445374691185258587E-05, 4.890749382370517174E-05 ),
 .UNSPECIFIED. ) ;
#3453 = COLOUR_RGB ( '',0.0000000000000000000, 0.0000000000000000000, 0.0000000000000000000 ) ;
#3454 =( NAMED_UNIT ( * ) SI_UNIT ( $, .STERADIAN. ) SOLID_ANGLE_UNIT ( ) );
#3455 = VERTEX_POINT ( 'NONE', #4408 ) ;
#3456 = CARTESIAN_POINT ( 'NONE',  ( 0.1741799033482339942, 0.7353570946856119450, 0.7500000000000000000 ) ) ;
#3457 = SURFACE_STYLE_FILL_AREA ( #1293 ) ;
#3458 = LINE ( 'NONE', #2163, #1254 ) ;
#3459 = CARTESIAN_POINT ( 'NONE',  ( 0.6793947198281965472, -0.1076442275438801860, 0.7500000000000002220 ) ) ;
#3460 =( GEOMETRIC_REPRESENTATION_CONTEXT ( 3 ) GLOBAL_UNCERTAINTY_ASSIGNED_CONTEXT ( ( #3349 ) ) GLOBAL_UNIT_ASSIGNED_CONTEXT ( ( #1919, #1892, #1032 ) ) REPRESENTATION_CONTEXT ( 'NONE', 'WORKASPACE' ) );
#3461 = AXIS2_PLACEMENT_3D ( 'NONE', #3876, #4246, #3815 ) ;
#3462 = CARTESIAN_POINT ( 'NONE',  ( 0.2282722866502210068, 0.6816698977753999911, 0.7600000000000000089 ) ) ;
#3463 = COLOUR_RGB ( '',1.000000000000000000, 1.000000000000000000, 1.000000000000000000 ) ;
#3464 = CARTESIAN_POINT ( 'NONE',  ( 0.2752739080961429941, 0.9002679561381129458, 0.7600000000000000089 ) ) ;
#3465 = SURFACE_STYLE_FILL_AREA ( #1719 ) ;
#3466 = FILL_AREA_STYLE_COLOUR ( '', #3123 ) ;
#3467 = SURFACE_STYLE_FILL_AREA ( #894 ) ;
#3468 = B_SPLINE_CURVE_WITH_KNOTS ( 'NONE', 2,
 ( #4240, #4663, #401, #2097 ),
 .UNSPECIFIED., .F., .F.,
 ( 3, 1, 3 ),
 ( 3.858069104783792400E-18, 1.816457703877746575E-05, 3.632915407755106903E-05 ),
 .UNSPECIFIED. ) ;
#3469 = ORIENTED_EDGE ( 'NONE', *, *, #4010, .T. ) ;
#3470 = STYLED_ITEM ( 'NONE', ( #2094 ), #4149 ) ;
#3471 = VECTOR ( 'NONE', #4861, 1000.000000000000000 ) ;
#3472 = EDGE_LOOP ( 'NONE', ( #4047, #3231, #5091, #513, #33, #1441 ) ) ;
#3473 = VECTOR ( 'NONE', #573, 1000.000000000000000 ) ;
#3474 = SURFACE_SIDE_STYLE ('',( #12 ) ) ;
#3475 = ORIENTED_EDGE ( 'NONE', *, *, #2823, .T. ) ;
#3476 = COLOUR_RGB ( '',1.000000000000000000, 1.000000000000000000, 1.000000000000000000 ) ;
#3477 = EDGE_CURVE ( 'NONE', #3907, #5357, #3492, .T. ) ;
#3478 = DIRECTION ( 'NONE',  ( 0.0000000000000000000, -1.000000000000000000, -0.0000000000000000000 ) ) ;
#3479 = CARTESIAN_POINT ( 'NONE',  ( -1.734722999999999918E-16, 0.7428530429334530005, 0.7500000000000000000 ) ) ;
#3480 = LINE ( 'NONE', #4301, #21 ) ;
#3481 = LINE ( 'NONE', #5192, #870 ) ;
#3482 = PLANE ( 'NONE',  #391 ) ;
#3483 = VERTEX_POINT ( 'NONE', #449 ) ;
#3484 = ADVANCED_FACE ( 'NONE', ( #5230 ), #4824, .T. ) ;
#3485 = CARTESIAN_POINT ( 'NONE',  ( 0.4170820393130335035, 5.107781844265570601E-17, 0.5841640786260677842 ) ) ;
#3486 = ORIENTED_EDGE ( 'NONE', *, *, #2795, .F. ) ;
#3487 = LINE ( 'NONE', #1484, #5012 ) ;
#3488 = PRESENTATION_STYLE_ASSIGNMENT (( #4339 ) ) ;
#3489 = DIRECTION ( 'NONE',  ( -1.000000000000000000, -0.0000000000000000000, 0.0000000000000000000 ) ) ;
#3490 = SURFACE_STYLE_FILL_AREA ( #1320 ) ;
#3491 = PRESENTATION_LAYER_ASSIGNMENT (  '', '', ( #4851 ) ) ;
#3492 = LINE ( 'NONE', #2640, #1946 ) ;
#3493 = ORIENTED_EDGE ( 'NONE', *, *, #75, .T. ) ;
#3494 = ADVANCED_FACE ( 'NONE', ( #4874 ), #2308, .T. ) ;
#3495 = CARTESIAN_POINT ( 'NONE',  ( -0.3458768305042008162, 0.9243765464531711329, 0.7500000000000000000 ) ) ;
#3496 = CARTESIAN_POINT ( 'NONE',  ( 0.3996661303711249724, 0.9166780050050079565, 0.7600000000000000089 ) ) ;
#3498 = ORIENTED_EDGE ( 'NONE', *, *, #2004, .T. ) ;
#3497 = LINE ( 'NONE', #5206, #5077 ) ;
#3499 = VERTEX_POINT ( 'NONE', #3628 ) ;
#3500 = B_SPLINE_SURFACE_WITH_KNOTS ( 'NONE', 2, 1, ( 
 ( #3322, #2901 ),
 ( #1140, #24 ),
 ( #2191, #2981 ),
 ( #3007, #2134 ) ),
 .UNSPECIFIED., .F., .F., .F.,
 ( 3, 1, 3 ),
 ( 2, 2 ),
 ( -2.000000000000000000, -1.000000000000000000, 0.0000000000000000000 ),
 ( 0.0000000000000000000, 0.001000000000000000021 ),
 .UNSPECIFIED. ) ;
#3501 = VERTEX_POINT ( 'NONE', #3601 ) ;
#3502 = CARTESIAN_POINT ( 'NONE',  ( -0.3588427950320249860, 0.7043603357148100486, 0.7500000000000000000 ) ) ;
#3503 = DIRECTION ( 'NONE',  ( -1.000000000000000000, -0.0000000000000000000, 0.0000000000000000000 ) ) ;
#3504 = ORIENTED_EDGE ( 'NONE', *, *, #5477, .F. ) ;
#3505 = VECTOR ( 'NONE', #929, 1000.000000000000000 ) ;
#3506 = CARTESIAN_POINT ( 'NONE',  ( -0.5036969300916539494, 0.7428530429334530005, 0.7600000000000000089 ) ) ;
#3507 = CARTESIAN_POINT ( 'NONE',  ( 0.4272188050118380098, -9.146724000000000172E-17, 0.7500000000000000000 ) ) ;
#3508 = FILL_AREA_STYLE_COLOUR ( '', #5518 ) ;
#3509 = ORIENTED_EDGE ( 'NONE', *, *, #4351, .F. ) ;
#3510 = VERTEX_POINT ( 'NONE', #5346 ) ;
#3511 = SURFACE_SIDE_STYLE ('',( #5173 ) ) ;
#3512 = DIRECTION ( 'NONE',  ( 0.0000000000000000000, 1.000000000000000000, -0.0000000000000000000 ) ) ;
#3513 = CARTESIAN_POINT ( 'NONE',  ( 0.6459461826043879640, -0.2303734261446722109, 0.7500000000000002220 ) ) ;
#3514 = UNCERTAINTY_MEASURE_WITH_UNIT (LENGTH_MEASURE( 1.000000000000000082E-05 ), #3336, 'distance_accuracy_value', 'NONE');
#3515 = EDGE_CURVE ( 'NONE', #1501, #1163, #3204, .T. ) ;
#3516 = DIRECTION ( 'NONE',  ( 0.0000000000000000000, 0.0000000000000000000, -1.000000000000000000 ) ) ;
#3517 = ORIENTED_EDGE ( 'NONE', *, *, #2896, .T. ) ;
#3518 = STYLED_ITEM ( 'NONE', ( #432 ), #1294 ) ;
#3519 = LINE ( 'NONE', #892, #5321 ) ;
#3520 = LINE ( 'NONE', #1383, #2859 ) ;
#3521 = ORIENTED_EDGE ( 'NONE', *, *, #4054, .F. ) ;
#3522 = EDGE_CURVE ( 'NONE', #4903, #5320, #451, .T. ) ;
#3523 = MECHANICAL_DESIGN_GEOMETRIC_PRESENTATION_REPRESENTATION (  '', ( #2807 ), #2533 ) ;
#3524 = ORIENTED_EDGE ( 'NONE', *, *, #2617, .F. ) ;
#3525 = EDGE_LOOP ( 'NONE', ( #706, #4799, #1455, #3997 ) ) ;
#3526 =( LENGTH_UNIT ( ) NAMED_UNIT ( * ) SI_UNIT ( .MILLI., .METRE. ) );
#3528 = VERTEX_POINT ( 'NONE', #1000 ) ;
#3527 = DIRECTION ( 'NONE',  ( 0.0000000000000000000, 0.0000000000000000000, 1.000000000000000000 ) ) ;
#3529 = ADVANCED_FACE ( 'NONE', ( #4465 ), #5247, .T. ) ;
#3530 =( LENGTH_UNIT ( ) NAMED_UNIT ( * ) SI_UNIT ( .MILLI., .METRE. ) );
#3531 = ORIENTED_EDGE ( 'NONE', *, *, #272, .T. ) ;
#3532 = DIRECTION ( 'NONE',  ( 1.000000000000000000, 0.0000000000000000000, -0.0000000000000000000 ) ) ;
#3533 = PRESENTATION_STYLE_ASSIGNMENT (( #1733 ) ) ;
#3534 = DIRECTION ( 'NONE',  ( 0.0000000000000000000, 1.000000000000000000, 0.0000000000000000000 ) ) ;
#3535 = CARTESIAN_POINT ( 'NONE',  ( 0.2039611031437099931, 0.6816698977753999911, 0.7600000000000000089 ) ) ;
#3536 = ORIENTED_EDGE ( 'NONE', *, *, #4619, .T. ) ;
#3537 = FACE_OUTER_BOUND ( 'NONE', #4832, .T. ) ;
#3538 = VERTEX_POINT ( 'NONE', #4571 ) ;
#3539 = CARTESIAN_POINT ( 'NONE',  ( 0.1847147495343879897, 0.7229989097364689643, 0.7500000000000000000 ) ) ;
#3540 = B_SPLINE_SURFACE_WITH_KNOTS ( 'NONE', 2, 1, ( 
 ( #2165, #4707 ),
 ( #1477, #216 ),
 ( #3221, #4951 ),
 ( #4894, #1046 ) ),
 .UNSPECIFIED., .F., .F., .F.,
 ( 3, 1, 3 ),
 ( 2, 2 ),
 ( -2.000000000000000000, -1.000000000000000000, 0.0000000000000000000 ),
 ( 0.0000000000000000000, 0.001000000000000000021 ),
 .UNSPECIFIED. ) ;
#3541 = LINE ( 'NONE', #1319, #3318 ) ;
#3542 = CARTESIAN_POINT ( 'NONE',  ( -1.734722999999999918E-16, -0.9999999999999988898, 0.0000000000000000000 ) ) ;
#3543 = ORIENTED_EDGE ( 'NONE', *, *, #1885, .F. ) ;
#3544 = EDGE_CURVE ( 'NONE', #3210, #1156, #3813, .T. ) ;
#3545 = VECTOR ( 'NONE', #4670, 1000.000000000000000 ) ;
#3546 = CARTESIAN_POINT ( 'NONE',  ( -0.3588427950320249860, 0.7043603357148100486, 0.7600000000000000089 ) ) ;
#3547 = CARTESIAN_POINT ( 'NONE',  ( 0.3496256109868899897, 0.9020912949011019588, 0.7600000000000000089 ) ) ;
#3549 = ORIENTED_EDGE ( 'NONE', *, *, #2047, .T. ) ;
#3548 = DIRECTION ( 'NONE',  ( -1.000000000000000000, -0.0000000000000000000, 0.0000000000000000000 ) ) ;
#3550 = ORIENTED_EDGE ( 'NONE', *, *, #4430, .F. ) ;
#3551 = COLOUR_RGB ( '',1.000000000000000000, 1.000000000000000000, 1.000000000000000000 ) ;
#3552 = STYLED_ITEM ( 'NONE', ( #16 ), #2809 ) ;
#3553 = EDGE_CURVE ( 'NONE', #2978, #3655, #4979, .T. ) ;
#3554 = DIRECTION ( 'NONE',  ( -0.0000000000000000000, -0.0000000000000000000, 1.000000000000000000 ) ) ;
#3555 = CARTESIAN_POINT ( 'NONE',  ( -1.010000000000000009, 0.5000000000000000000, -0.01000000000000000021 ) ) ;
#3556 = VECTOR ( 'NONE', #4946, 1000.000000000000000 ) ;
#3557 =( NAMED_UNIT ( * ) PLANE_ANGLE_UNIT ( ) SI_UNIT ( $, .RADIAN. ) );
#3558 = VECTOR ( 'NONE', #1644, 1000.000000000000000 ) ;
#3559 = CARTESIAN_POINT ( 'NONE',  ( 0.3034343623245179811, 0.8794008569616911242, 0.7500000000000000000 ) ) ;
#3560 = ORIENTED_EDGE ( 'NONE', *, *, #1253, .T. ) ;
#3561 = ADVANCED_FACE ( 'NONE', ( #1995 ), #4173, .T. ) ;
#3562 = STYLED_ITEM ( 'NONE', ( #26 ), #3447 ) ;
#3563 = PLANE ( 'NONE',  #3357 ) ;
#3564 = DIRECTION ( 'NONE',  ( -0.0000000000000000000, 0.0000000000000000000, 1.000000000000000000 ) ) ;
#3565 = FILL_AREA_STYLE_COLOUR ( '', #2430 ) ;
#3566 =( GEOMETRIC_REPRESENTATION_CONTEXT ( 3 ) GLOBAL_UNCERTAINTY_ASSIGNED_CONTEXT ( ( #4645 ) ) GLOBAL_UNIT_ASSIGNED_CONTEXT ( ( #4939, #5384, #4134 ) ) REPRESENTATION_CONTEXT ( 'NONE', 'WORKASPACE' ) );
#3567 = VERTEX_POINT ( 'NONE', #773 ) ;
#3568 = CARTESIAN_POINT ( 'NONE',  ( 0.2977617528396659941, 0.9239713600569620100, 0.7600000000000000089 ) ) ;
#3569 = VERTEX_POINT ( 'NONE', #352 ) ;
#3570 = CARTESIAN_POINT ( 'NONE',  ( 0.3496256109868899897, 0.8791982637658030120, 0.7600000000000000089 ) ) ;
#3571 = CARTESIAN_POINT ( 'NONE',  ( 0.6854101966249680489, 8.393854033997251810E-17, 0.4500000000000000666 ) ) ;
#3572 = CARTESIAN_POINT ( 'NONE',  ( -0.1000000000000010186, 0.8000000000000000444, 0.0000000000000000000 ) ) ;
#3573 = ORIENTED_EDGE ( 'NONE', *, *, #3837, .F. ) ;
#3574 = AXIS2_PLACEMENT_3D ( 'NONE', #349, #849, #4270 ) ;
#3575 =( GEOMETRIC_REPRESENTATION_CONTEXT ( 3 ) GLOBAL_UNCERTAINTY_ASSIGNED_CONTEXT ( ( #1776 ) ) GLOBAL_UNIT_ASSIGNED_CONTEXT ( ( #2942, #4607, #2858 ) ) REPRESENTATION_CONTEXT ( 'NONE', 'WORKASPACE' ) );
#3576 = CARTESIAN_POINT ( 'NONE',  ( -0.3857876900850750190, 0.8204462369584010206, 0.7550000000000000044 ) ) ;
#3577 = DIRECTION ( 'NONE',  ( -0.0000000000000000000, -0.0000000000000000000, 1.000000000000000000 ) ) ;
#3578 = UNCERTAINTY_MEASURE_WITH_UNIT (LENGTH_MEASURE( 1.000000000000000082E-05 ), #1066, 'distance_accuracy_value', 'NONE');
#3579 = VERTEX_POINT ( 'NONE', #1134 ) ;
#3580 = EDGE_CURVE ( 'NONE', #3445, #5202, #2299, .T. ) ;
#3581 = VECTOR ( 'NONE', #273, 1000.000000000000000 ) ;
#3583 = ORIENTED_EDGE ( 'NONE', *, *, #2239, .F. ) ;
#3582 = CARTESIAN_POINT ( 'NONE',  ( -0.4265089224584809879, 0.7104381315914379824, 0.7600000000000000089 ) ) ;
#3584 = CARTESIAN_POINT ( 'NONE',  ( -0.4696612731825379750, 0.8567104190222809557, 0.7600000000000000089 ) ) ;
#3585 = ORIENTED_EDGE ( 'NONE', *, *, #2471, .T. ) ;
#3586 = EDGE_CURVE ( 'NONE', #3499, #4738, #2492, .T. ) ;
#3587 = B_SPLINE_SURFACE_WITH_KNOTS ( 'NONE', 2, 1, ( 
 ( #4737, #4829 ),
 ( #92, #3952 ),
 ( #1842, #946 ),
 ( #2620, #1783 ) ),
 .UNSPECIFIED., .F., .F., .F.,
 ( 3, 1, 3 ),
 ( 2, 2 ),
 ( -2.000000000000000000, -1.000000000000000000, 0.0000000000000000000 ),
 ( 0.0000000000000000000, 0.001000000000000000021 ),
 .UNSPECIFIED. ) ;
#3588 = CARTESIAN_POINT ( 'NONE',  ( 0.6500000000000001332, -0.6750000000000000444, 0.0000000000000000000 ) ) ;
#3589 = FACE_OUTER_BOUND ( 'NONE', #130, .T. ) ;
#3590 = COLOUR_RGB ( '',1.000000000000000000, 1.000000000000000000, 1.000000000000000000 ) ;
#3591 = FILL_AREA_STYLE_COLOUR ( '', #3463 ) ;
#3592 = CARTESIAN_POINT ( 'NONE',  ( 0.3496256109868899897, 0.6861269480849271352, 0.7600000000000000089 ) ) ;
#3593 = EDGE_CURVE ( 'NONE', #3878, #1249, #3315, .T. ) ;
#3594 = CARTESIAN_POINT ( 'NONE',  ( -0.6026471808364013416, 0.3399856317084143376, 0.7500000000000000000 ) ) ;
#3595 = ORIENTED_EDGE ( 'NONE', *, *, #3803, .F. ) ;
#3596 = DIRECTION ( 'NONE',  ( 1.000000000000000000, -0.0000000000000000000, 0.0000000000000000000 ) ) ;
#3597 = ORIENTED_EDGE ( 'NONE', *, *, #85, .F. ) ;
#3598 =( GEOMETRIC_REPRESENTATION_CONTEXT ( 3 ) GLOBAL_UNCERTAINTY_ASSIGNED_CONTEXT ( ( #4843 ) ) GLOBAL_UNIT_ASSIGNED_CONTEXT ( ( #1152, #3390, #4238 ) ) REPRESENTATION_CONTEXT ( 'NONE', 'WORKASPACE' ) );
#3599 = DIRECTION ( 'NONE',  ( 0.7071067811865474617, 0.7071067811865475727, 0.0000000000000000000 ) ) ;
#3600 = DIRECTION ( 'NONE',  ( -1.000000000000000000, 0.0000000000000000000, -0.0000000000000000000 ) ) ;
#3601 = CARTESIAN_POINT ( 'NONE',  ( -0.4467682420472400828, 0.8018076629367429931, 0.7500000000000000000 ) ) ;
#3602 = ORIENTED_EDGE ( 'NONE', *, *, #2961, .F. ) ;
#3603 = DIRECTION ( 'NONE',  ( 0.0000000000000000000, 0.0000000000000000000, 1.000000000000000000 ) ) ;
#3604 = PRESENTATION_LAYER_ASSIGNMENT (  '', '', ( #746 ) ) ;
#3605 = CARTESIAN_POINT ( 'NONE',  ( 0.2288800662378840112, 0.9405840021197440226, 0.7550000000000000044 ) ) ;
#3607 = ORIENTED_EDGE ( 'NONE', *, *, #5376, .T. ) ;
#3606 = FILL_AREA_STYLE_COLOUR ( '', #2196 ) ;
#3608 = B_SPLINE_CURVE_WITH_KNOTS ( 'NONE', 2,
 ( #2689, #585, #2111, #25 ),
 .UNSPECIFIED., .F., .F.,
 ( 3, 1, 3 ),
 ( 0.0000000000000000000, 3.140962424134096135E-05, 6.281924848268192270E-05 ),
 .UNSPECIFIED. ) ;
#3609 = ORIENTED_EDGE ( 'NONE', *, *, #4999, .F. ) ;
#3610 = LINE ( 'NONE', #4835, #794 ) ;
#3611 =( NAMED_UNIT ( * ) PLANE_ANGLE_UNIT ( ) SI_UNIT ( $, .RADIAN. ) );
#3612 = SURFACE_SIDE_STYLE ('',( #1899 ) ) ;
#3613 = CARTESIAN_POINT ( 'NONE',  ( 0.3499999999999999778, 0.8000000000000000444, 0.0000000000000000000 ) ) ;
#3614 = ORIENTED_EDGE ( 'NONE', *, *, #669, .T. ) ;
#3615 = EDGE_CURVE ( 'NONE', #4428, #4880, #3342, .T. ) ;
#3616 = FILL_AREA_STYLE_COLOUR ( '', #4055 ) ;
#3617 = CIRCLE ( 'NONE', #3991, 0.2999999999999999334 ) ;
#3618 = LINE ( 'NONE', #158, #1049 ) ;
#3619 = PLANE ( 'NONE',  #5215 ) ;
#3620 = CARTESIAN_POINT ( 'NONE',  ( 0.2114326155760544446, 0.6523544697396526093, 0.7499999999999998890 ) ) ;
#3621 = ORIENTED_EDGE ( 'NONE', *, *, #4430, .T. ) ;
#3622 = ORIENTED_EDGE ( 'NONE', *, *, #5316, .T. ) ;
#3623 = EDGE_CURVE ( 'NONE', #3672, #1387, #2912, .T. ) ;
#3624 = VECTOR ( 'NONE', #1015, 1000.000000000000000 ) ;
#3625 = CARTESIAN_POINT ( 'NONE',  ( 0.1510842790170479899, 0.8109243567516839502, 0.7600000000000000089 ) ) ;
#3626 = CARTESIAN_POINT ( 'NONE',  ( -1.000000000000000000, -0.9999999999999991118, 0.0000000000000000000 ) ) ;
#3627 = CARTESIAN_POINT ( 'NONE',  ( -0.6853430069177034456, -0.08680961562649666674, 0.7500000000000000000 ) ) ;
#3628 = CARTESIAN_POINT ( 'NONE',  ( -0.1540210739896679948, 0.6861269480849271352, 0.7500000000000000000 ) ) ;
#3629 = ORIENTED_EDGE ( 'NONE', *, *, #718, .F. ) ;
#3630 =( NAMED_UNIT ( * ) PLANE_ANGLE_UNIT ( ) SI_UNIT ( $, .RADIAN. ) );
#3631 = SURFACE_SIDE_STYLE ('',( #3664 ) ) ;
#3632 = CARTESIAN_POINT ( 'NONE',  ( -0.3458768304952190009, -9.146724000000000172E-17, 0.7500000000000000000 ) ) ;
#3633 = FACE_OUTER_BOUND ( 'NONE', #2690, .T. ) ;
#3634 = UNCERTAINTY_MEASURE_WITH_UNIT (LENGTH_MEASURE( 1.000000000000000082E-05 ), #4789, 'distance_accuracy_value', 'NONE');
#3635 =( NAMED_UNIT ( * ) PLANE_ANGLE_UNIT ( ) SI_UNIT ( $, .RADIAN. ) );
#3636 = ORIENTED_EDGE ( 'NONE', *, *, #2288, .T. ) ;
#3637 = B_SPLINE_SURFACE_WITH_KNOTS ( 'NONE', 2, 1, ( 
 ( #5293, #3667 ),
 ( #1443, #2733 ),
 ( #1896, #2261 ),
 ( #4472, #3209 ) ),
 .UNSPECIFIED., .F., .F., .F.,
 ( 3, 1, 3 ),
 ( 2, 2 ),
 ( -2.000000000000000000, -1.000000000000000000, 0.0000000000000000000 ),
 ( 0.0000000000000000000, 0.001000000000000000021 ),
 .UNSPECIFIED. ) ;
#3638 = STYLED_ITEM ( 'NONE', ( #4909 ), #2416 ) ;
#3639 = CARTESIAN_POINT ( 'NONE',  ( 1.000000000000000000, -0.6750000000000000444, 0.08999999999999999667 ) ) ;
#3640 = DIRECTION ( 'NONE',  ( 0.0000000000000000000, -0.0000000000000000000, -1.000000000000000000 ) ) ;
#3641 = CARTESIAN_POINT ( 'NONE',  ( 0.3034343623245179811, 0.8794008569616911242, 0.7500000000000000000 ) ) ;
#3642 =( NAMED_UNIT ( * ) PLANE_ANGLE_UNIT ( ) SI_UNIT ( $, .RADIAN. ) );
#3643 = ORIENTED_EDGE ( 'NONE', *, *, #4085, .F. ) ;
#3644 = STYLED_ITEM ( 'NONE', ( #1968 ), #2736 ) ;
#3645 = CARTESIAN_POINT ( 'NONE',  ( 0.3060680738710570004, 0.8794008569616911242, 0.7500000000000000000 ) ) ;
#3646 = CARTESIAN_POINT ( 'NONE',  ( -0.3458768304952190009, 0.9243765464487370132, 0.7600000000000000089 ) ) ;
#3647 = PRESENTATION_LAYER_ASSIGNMENT (  '', '', ( #2564 ) ) ;
#3648 = SURFACE_SIDE_STYLE ('',( #3678 ) ) ;
#3649 = LINE ( 'NONE', #191, #4591 ) ;
#3650 = CARTESIAN_POINT ( 'NONE',  ( -0.3361523570926139848, 0.7574397530373601084, 0.7500000000000000000 ) ) ;
#3651 = FILL_AREA_STYLE_COLOUR ( '', #1016 ) ;
#3652 = CARTESIAN_POINT ( 'NONE',  ( -0.6854101966249680489, 8.393854033997251810E-17, 0.7500000000000000000 ) ) ;
#3653 = ORIENTED_EDGE ( 'NONE', *, *, #3291, .F. ) ;
#3654 = EDGE_CURVE ( 'NONE', #1566, #315, #4595, .T. ) ;
#3655 = VERTEX_POINT ( 'NONE', #2925 ) ;
#3656 = PLANE ( 'NONE',  #1070 ) ;
#3657 = PLANE ( 'NONE',  #5234 ) ;
#3658 = PLANE ( 'NONE',  #4415 ) ;
#3659 = CARTESIAN_POINT ( 'NONE',  ( -1.734722999999999918E-16, 0.6861269480849271352, 0.7500000000000000000 ) ) ;
#3660 = SURFACE_STYLE_USAGE ( .BOTH. , #700 ) ;
#3661 = VERTEX_POINT ( 'NONE', #4642 ) ;
#3662 = ADVANCED_FACE ( 'NONE', ( #406 ), #799, .F. ) ;
#3663 = COLOUR_RGB ( '',1.000000000000000000, 1.000000000000000000, 1.000000000000000000 ) ;
#3664 = SURFACE_STYLE_FILL_AREA ( #725 ) ;
#3665 = CARTESIAN_POINT ( 'NONE',  ( 0.3496256109868899897, 0.6861269480849271352, 0.7500000000000000000 ) ) ;
#3666 =( LENGTH_UNIT ( ) NAMED_UNIT ( * ) SI_UNIT ( .MILLI., .METRE. ) );
#3667 = CARTESIAN_POINT ( 'NONE',  ( -0.4265089224584809879, 0.7104381315914379824, 0.7600000000000000089 ) ) ;
#3668 = ORIENTED_EDGE ( 'NONE', *, *, #3304, .T. ) ;
#3669 = STYLED_ITEM ( 'NONE', ( #3056 ), #5033 ) ;
#3670 = CARTESIAN_POINT ( 'NONE',  ( 0.1510842790170479899, 0.8109243567516839502, 0.7600000000000000089 ) ) ;
#3672 = VERTEX_POINT ( 'NONE', #2077 ) ;
#3671 = CARTESIAN_POINT ( 'NONE',  ( 0.3034343623245179811, 0.8794008569616911242, 0.7600000000000000089 ) ) ;
#3673 = CARTESIAN_POINT ( 'NONE',  ( 1.010000000000000009, -0.3250000000000000666, 0.0000000000000000000 ) ) ;
#3674 = VERTEX_POINT ( 'NONE', #3793 ) ;
#3675 = PRESENTATION_LAYER_ASSIGNMENT (  '', '', ( #4661 ) ) ;
#3676 = LINE ( 'NONE', #5391, #2184 ) ;
#3677 =( NAMED_UNIT ( * ) SI_UNIT ( $, .STERADIAN. ) SOLID_ANGLE_UNIT ( ) );
#3678 = SURFACE_STYLE_FILL_AREA ( #2714 ) ;
#3679 = DIRECTION ( 'NONE',  ( -1.000000000000000000, -0.0000000000000000000, 0.0000000000000000000 ) ) ;
#3680 = VECTOR ( 'NONE', #3146, 1000.000000000000000 ) ;
#3681 = ORIENTED_EDGE ( 'NONE', *, *, #1463, .F. ) ;
#3682 = CARTESIAN_POINT ( 'NONE',  ( 0.3060680738710570004, 0.7031447765394850391, 0.7500000000000000000 ) ) ;
#3683 = SURFACE_STYLE_USAGE ( .BOTH. , #248 ) ;
#3684 = PRESENTATION_LAYER_ASSIGNMENT (  '', '', ( #22 ) ) ;
#3685 = DIRECTION ( 'NONE',  ( 0.0000000000000000000, 0.0000000000000000000, 1.000000000000000000 ) ) ;
#3686 = SURFACE_STYLE_FILL_AREA ( #3260 ) ;
#3687 = CARTESIAN_POINT ( 'NONE',  ( -0.4240778041078300253, 0.6816698977753999911, 0.7600000000000000089 ) ) ;
#3688 =( NAMED_UNIT ( * ) PLANE_ANGLE_UNIT ( ) SI_UNIT ( $, .RADIAN. ) );
#3689 = VERTEX_POINT ( 'NONE', #5090 ) ;
#3690 =( GEOMETRIC_REPRESENTATION_CONTEXT ( 3 ) GLOBAL_UNCERTAINTY_ASSIGNED_CONTEXT ( ( #962 ) ) GLOBAL_UNIT_ASSIGNED_CONTEXT ( ( #4058, #291, #2805 ) ) REPRESENTATION_CONTEXT ( 'NONE', 'WORKASPACE' ) );
#3691 = SURFACE_STYLE_USAGE ( .BOTH. , #1973 ) ;
#3692 = CARTESIAN_POINT ( 'NONE',  ( 0.1328508913871649932, 0.7306974511801980210, 0.7500000000000000000 ) ) ;
#3693 = STYLED_ITEM ( 'NONE', ( #4916 ), #691 ) ;
#3694 = DIRECTION ( 'NONE',  ( -0.0000000000000000000, 0.0000000000000000000, 1.000000000000000000 ) ) ;
#3695 =( NAMED_UNIT ( * ) SI_UNIT ( $, .STERADIAN. ) SOLID_ANGLE_UNIT ( ) );
#3696 = ORIENTED_EDGE ( 'NONE', *, *, #3075, .T. ) ;
#3697 = CARTESIAN_POINT ( 'NONE',  ( 0.3036369555198546455, 0.7428530429329016638, 0.7500000000000000000 ) ) ;
#3698 = PLANE ( 'NONE',  #4338 ) ;
#3699 = EDGE_CURVE ( 'NONE', #2508, #5325, #2948, .T. ) ;
#3700 = CARTESIAN_POINT ( 'NONE',  ( 0.1626320911826409921, 0.9229583940775241135, 0.7600000000000000089 ) ) ;
#3701 = MECHANICAL_DESIGN_GEOMETRIC_PRESENTATION_REPRESENTATION (  '', ( #5407 ), #1990 ) ;
#3702 = LINE ( 'NONE', #3303, #4977 ) ;
#3703 = LINE ( 'NONE', #5363, #4279 ) ;
#3704 = EDGE_CURVE ( 'NONE', #4288, #3152, #4247, .T. ) ;
#3705 = UNCERTAINTY_MEASURE_WITH_UNIT (LENGTH_MEASURE( 1.000000000000000082E-05 ), #1458, 'distance_accuracy_value', 'NONE');
#3706 = CARTESIAN_POINT ( 'NONE',  ( -0.01180065047657699942, 0.9065483452106281037, 0.7500000000000000000 ) ) ;
#3707 = CARTESIAN_POINT ( 'NONE',  ( 0.3496256109868899342, 0.7116536907667639911, 0.7599999999999998979 ) ) ;
#3708 =( LENGTH_UNIT ( ) NAMED_UNIT ( * ) SI_UNIT ( .MILLI., .METRE. ) );
#3709 = AXIS2_PLACEMENT_3D ( 'NONE', #414, #2107, #1347 ) ;
#3710 = EDGE_LOOP ( 'NONE', ( #1573, #263, #5339, #2916 ) ) ;
#3711 = VECTOR ( 'NONE', #1525, 1000.000000000000000 ) ;
#3712 = FACE_OUTER_BOUND ( 'NONE', #1653, .T. ) ;
#3713 = LINE ( 'NONE', #2838, #3913 ) ;
#3714 = CARTESIAN_POINT ( 'NONE',  ( 0.1052982167464519975, 0.9065483452106281037, 0.7500000000000000000 ) ) ;
#3715 =( GEOMETRIC_REPRESENTATION_CONTEXT ( 3 ) GLOBAL_UNCERTAINTY_ASSIGNED_CONTEXT ( ( #3297 ) ) GLOBAL_UNIT_ASSIGNED_CONTEXT ( ( #4532, #760, #4138 ) ) REPRESENTATION_CONTEXT ( 'NONE', 'WORKASPACE' ) );
#3716 = PLANE ( 'NONE',  #2040 ) ;
#3717 = LINE ( 'NONE', #3295, #591 ) ;
#3718 = CARTESIAN_POINT ( 'NONE',  ( 0.3950064868657100492, 0.7116536907667639911, 0.7599999999999998979 ) ) ;
#3719 = ADVANCED_FACE ( 'NONE', ( #3262 ), #2595, .T. ) ;
#3720 = DIRECTION ( 'NONE',  ( 0.0000000000000000000, 0.0000000000000000000, 1.000000000000000000 ) ) ;
#3721 = LINE ( 'NONE', #3383, #2157 ) ;
#3722 = ORIENTED_EDGE ( 'NONE', *, *, #2347, .T. ) ;
#3723 = EDGE_CURVE ( 'NONE', #4643, #2232, #3912, .T. ) ;
#3724 = DIRECTION ( 'NONE',  ( 0.0000000000000000000, 0.0000000000000000000, -1.000000000000000000 ) ) ;
#3725 = CARTESIAN_POINT ( 'NONE',  ( 0.4170820392914720287, 0.0000000000000000000, 0.5841640787025426107 ) ) ;
#3726 = FILL_AREA_STYLE ('',( #1643 ) ) ;
#3727 = VECTOR ( 'NONE', #2787, 1000.000000000000000 ) ;
#3728 = DIRECTION ( 'NONE',  ( -1.000000000000000000, 0.0000000000000000000, -0.0000000000000000000 ) ) ;
#3729 =( GEOMETRIC_REPRESENTATION_CONTEXT ( 3 ) GLOBAL_UNCERTAINTY_ASSIGNED_CONTEXT ( ( #2340 ) ) GLOBAL_UNIT_ASSIGNED_CONTEXT ( ( #3798, #4644, #3266 ) ) REPRESENTATION_CONTEXT ( 'NONE', 'WORKASPACE' ) );
#3730 = PLANE ( 'NONE',  #3192 ) ;
#3731 = EDGE_CURVE ( 'NONE', #4136, #3982, #229, .T. ) ;
#3732 =( GEOMETRIC_REPRESENTATION_CONTEXT ( 3 ) GLOBAL_UNCERTAINTY_ASSIGNED_CONTEXT ( ( #329 ) ) GLOBAL_UNIT_ASSIGNED_CONTEXT ( ( #884, #2350, #4402 ) ) REPRESENTATION_CONTEXT ( 'NONE', 'WORKASPACE' ) );
#3733 =( GEOMETRIC_REPRESENTATION_CONTEXT ( 3 ) GLOBAL_UNCERTAINTY_ASSIGNED_CONTEXT ( ( #1548 ) ) GLOBAL_UNIT_ASSIGNED_CONTEXT ( ( #1650, #77, #1680 ) ) REPRESENTATION_CONTEXT ( 'NONE', 'WORKASPACE' ) );
#3734 =( NAMED_UNIT ( * ) SI_UNIT ( $, .STERADIAN. ) SOLID_ANGLE_UNIT ( ) );
#3735 = CARTESIAN_POINT ( 'NONE',  ( -0.5061280484423049675, 0.7011188445806090241, 0.7500000000000000000 ) ) ;
#3736 = CARTESIAN_POINT ( 'NONE',  ( 0.4715867149112210055, 0.6861269480849271352, 0.7500000000000000000 ) ) ;
#3737 = DIRECTION ( 'NONE',  ( 1.000000000000000000, 0.0000000000000000000, -0.0000000000000000000 ) ) ;
#3738 = CARTESIAN_POINT ( 'NONE',  ( 0.1324457049953889909, 0.8889227371684079726, 0.7500000000000000000 ) ) ;
#3739 = VECTOR ( 'NONE', #4990, 1000.000000000000000 ) ;
#3740 = CARTESIAN_POINT ( 'NONE',  ( 0.2286774730419960100, 0.7104381315914379824, 0.7500000000000000000 ) ) ;
#3741 =( NAMED_UNIT ( * ) SI_UNIT ( $, .STERADIAN. ) SOLID_ANGLE_UNIT ( ) );
#3742 = SURFACE_STYLE_FILL_AREA ( #446 ) ;
#3743 = UNCERTAINTY_MEASURE_WITH_UNIT (LENGTH_MEASURE( 1.000000000000000082E-05 ), #2532, 'distance_accuracy_value', 'NONE');
#3744 = ORIENTED_EDGE ( 'NONE', *, *, #1022, .T. ) ;
#3745 = FILL_AREA_STYLE ('',( #4551 ) ) ;
#3746 = STYLED_ITEM ( 'NONE', ( #2268 ), #4758 ) ;
#3747 = PRESENTATION_STYLE_ASSIGNMENT (( #4604 ) ) ;
#3748 = B_SPLINE_CURVE_WITH_KNOTS ( 'NONE', 2,
 ( #1855, #2210, #1795, #1367 ),
 .UNSPECIFIED., .F., .F.,
 ( 3, 1, 3 ),
 ( 0.0000000000000000000, 3.922698481667355702E-05, 7.845396963334711404E-05 ),
 .UNSPECIFIED. ) ;
#3749 =( LENGTH_UNIT ( ) NAMED_UNIT ( * ) SI_UNIT ( .MILLI., .METRE. ) );
#3750 = CARTESIAN_POINT ( 'NONE',  ( 0.2035559167519349899, 0.9405840021197440226, 0.7600000000000000089 ) ) ;
#3751 = VERTEX_POINT ( 'NONE', #4546 ) ;
#3752 = PRESENTATION_LAYER_ASSIGNMENT (  '', '', ( #453 ) ) ;
#3753 = CARTESIAN_POINT ( 'NONE',  ( -0.09567423357404102047, 0.9065483452106281037, 0.7600000000000000089 ) ) ;
#3754 = CARTESIAN_POINT ( 'NONE',  ( 0.1328508913871649932, 0.7306974511801980210, 0.7500000000000000000 ) ) ;
#3755 = CARTESIAN_POINT ( 'NONE',  ( -0.3989562478177680060, 0.7104381315914379824, 0.7500000000000000000 ) ) ;
#3756 = SURFACE_STYLE_USAGE ( .BOTH. , #5517 ) ;
#3757 = CARTESIAN_POINT ( 'NONE',  ( 0.2635235027346620740, 0.9369373245937679950, 0.7500000000000000000 ) ) ;
#3758 = CARTESIAN_POINT ( 'NONE',  ( -0.4880972540083090006, 0.8238903212884900462, 0.7550000000000000044 ) ) ;
#3759 = DIRECTION ( 'NONE',  ( 1.000000000000000000, 0.0000000000000000000, 0.0000000000000000000 ) ) ;
#3760 = COLOUR_RGB ( '',1.000000000000000000, 1.000000000000000000, 1.000000000000000000 ) ;
#3761 = DIRECTION ( 'NONE',  ( 0.0000000000000000000, 1.000000000000000000, 0.0000000000000000000 ) ) ;
#3762 =( NAMED_UNIT ( * ) PLANE_ANGLE_UNIT ( ) SI_UNIT ( $, .RADIAN. ) );
#3763 = FACE_OUTER_BOUND ( 'NONE', #2705, .T. ) ;
#3764 = DIRECTION ( 'NONE',  ( -0.0000000000000000000, 0.0000000000000000000, 1.000000000000000000 ) ) ;
#3765 = VECTOR ( 'NONE', #3771, 1000.000000000000000 ) ;
#3766 = CARTESIAN_POINT ( 'NONE',  ( -0.3458768304952190009, 0.8846682800547691627, 0.7599999999999998979 ) ) ;
#3767 = CARTESIAN_POINT ( 'NONE',  ( -0.1540210739896679948, -9.146724000000000172E-17, 0.7500000000000000000 ) ) ;
#3768 = ORIENTED_EDGE ( 'NONE', *, *, #4897, .T. ) ;
#3769 = VECTOR ( 'NONE', #583, 1000.000000000000000 ) ;
#3770 =( NAMED_UNIT ( * ) SI_UNIT ( $, .STERADIAN. ) SOLID_ANGLE_UNIT ( ) );
#3771 = DIRECTION ( 'NONE',  ( 0.0000000000000000000, 0.0000000000000000000, 1.000000000000000000 ) ) ;
#3772 = CARTESIAN_POINT ( 'NONE',  ( 0.2728427897454919759, 0.9341010198513409746, 0.7600000000000000089 ) ) ;
#3773 = CARTESIAN_POINT ( 'NONE',  ( 0.3036369555204059822, 0.7428530429334530005, 0.7600000000000000089 ) ) ;
#3774 = ORIENTED_EDGE ( 'NONE', *, *, #1381, .T. ) ;
#3775 = VECTOR ( 'NONE', #4135, 1000.000000000000000 ) ;
#3776 = PRESENTATION_STYLE_ASSIGNMENT (( #4624 ) ) ;
#3778 = VERTEX_POINT ( 'NONE', #281 ) ;
#3777 = FILL_AREA_STYLE_COLOUR ( '', #2364 ) ;
#3779 = FILL_AREA_STYLE_COLOUR ( '', #5304 ) ;
#3780 = ORIENTED_EDGE ( 'NONE', *, *, #1983, .T. ) ;
#3781 = FILL_AREA_STYLE ('',( #459 ) ) ;
#3782 = PLANE ( 'NONE',  #182 ) ;
#3783 = VECTOR ( 'NONE', #1766, 1000.000000000000000 ) ;
#3784 = SURFACE_STYLE_FILL_AREA ( #1256 ) ;
#3785 = SURFACE_STYLE_FILL_AREA ( #3869 ) ;
#3786 = DIRECTION ( 'NONE',  ( 0.0000000000000000000, 0.0000000000000000000, 1.000000000000000000 ) ) ;
#3787 = VECTOR ( 'NONE', #4061, 1000.000000000000000 ) ;
#3788 = LINE ( 'NONE', #4775, #2056 ) ;
#3789 = LINE ( 'NONE', #953, #2269 ) ;
#3790 = DIRECTION ( 'NONE',  ( 0.0000000000000000000, -1.000000000000000000, 0.0000000000000000000 ) ) ;
#3791 = VECTOR ( 'NONE', #540, 1000.000000000000000 ) ;
#3792 = FILL_AREA_STYLE_COLOUR ( '', #429 ) ;
#3793 = CARTESIAN_POINT ( 'NONE',  ( 1.010000000000000009, 0.3250000000000000666, 0.08999999999999999667 ) ) ;
#3794 = ORIENTED_EDGE ( 'NONE', *, *, #3891, .F. ) ;
#3795 = ADVANCED_FACE ( 'NONE', ( #4906 ), #5350, .T. ) ;
#3796 = LINE ( 'NONE', #5118, #2744 ) ;
#3797 =( LENGTH_UNIT ( ) NAMED_UNIT ( * ) SI_UNIT ( .MILLI., .METRE. ) );
#3798 =( LENGTH_UNIT ( ) NAMED_UNIT ( * ) SI_UNIT ( .MILLI., .METRE. ) );
#3799 = UNCERTAINTY_MEASURE_WITH_UNIT (LENGTH_MEASURE( 1.000000000000000082E-05 ), #936, 'distance_accuracy_value', 'NONE');
#3800 = CARTESIAN_POINT ( 'NONE',  ( -1.734722999999999918E-16, 0.9361269518102169895, 0.7500000000000000000 ) ) ;
#3801 =( GEOMETRIC_REPRESENTATION_CONTEXT ( 3 ) GLOBAL_UNCERTAINTY_ASSIGNED_CONTEXT ( ( #3126 ) ) GLOBAL_UNIT_ASSIGNED_CONTEXT ( ( #1819, #436, #3130 ) ) REPRESENTATION_CONTEXT ( 'NONE', 'WORKASPACE' ) );
#3802 = VERTEX_POINT ( 'NONE', #1492 ) ;
#3803 = EDGE_CURVE ( 'NONE', #1241, #3499, #1113, .T. ) ;
#3804 = SURFACE_SIDE_STYLE ('',( #1247 ) ) ;
#3805 = SURFACE_SIDE_STYLE ('',( #2911 ) ) ;
#3806 = CARTESIAN_POINT ( 'NONE',  ( -0.1207957898641019989, -9.146724000000000172E-17, 0.7500000000000000000 ) ) ;
#3807 = ORIENTED_EDGE ( 'NONE', *, *, #3615, .F. ) ;
#3808 = VERTEX_POINT ( 'NONE', #2311 ) ;
#3809 = LINE ( 'NONE', #3867, #5088 ) ;
#3810 = FACE_OUTER_BOUND ( 'NONE', #2663, .T. ) ;
#3811 = SURFACE_STYLE_USAGE ( .BOTH. , #2919 ) ;
#3812 = SURFACE_SIDE_STYLE ('',( #4297 ) ) ;
#3813 = CIRCLE ( 'NONE', #5253, 0.4170820393249932700 ) ;
#3814 = SURFACE_STYLE_FILL_AREA ( #2544 ) ;
#3815 = DIRECTION ( 'NONE',  ( 0.0000000000000000000, 0.0000000000000000000, 1.000000000000000000 ) ) ;
#3816 = EDGE_CURVE ( 'NONE', #195, #1095, #960, .T. ) ;
#3817 = CARTESIAN_POINT ( 'NONE',  ( -0.4240778041078300253, 0.6816698977753999911, 0.7550000000000000044 ) ) ;
#3818 = ORIENTED_EDGE ( 'NONE', *, *, #1691, .F. ) ;
#3819 = VECTOR ( 'NONE', #4673, 1000.000000000000000 ) ;
#3820 = PRESENTATION_LAYER_ASSIGNMENT (  '', '', ( #1223 ) ) ;
#3821 = CARTESIAN_POINT ( 'NONE',  ( -0.4693044419004886447, -1.149464365198136763E-16, 0.6886088838242544474 ) ) ;
#3822 = ORIENTED_EDGE ( 'NONE', *, *, #3247, .T. ) ;
#3823 = CARTESIAN_POINT ( 'NONE',  ( -0.6500000000000001332, -0.3250000000000000666, -0.01000000000000000021 ) ) ;
#3824 = FILL_AREA_STYLE_COLOUR ( '', #796 ) ;
#3825 = CARTESIAN_POINT ( 'NONE',  ( -0.5061280484423049675, -9.146724000000000172E-17, 0.7500000000000000000 ) ) ;
#3826 = STYLED_ITEM ( 'NONE', ( #1727 ), #3111 ) ;
#3827 = DIRECTION ( 'NONE',  ( 0.0000000000000000000, 0.0000000000000000000, 1.000000000000000000 ) ) ;
#3828 = CARTESIAN_POINT ( 'NONE',  ( -0.5180188340864517738, -0.4513499387386963879, 0.7500000000000002220 ) ) ;
#3829 = EDGE_CURVE ( 'NONE', #2232, #1095, #856, .T. ) ;
#3830 = PRESENTATION_STYLE_ASSIGNMENT (( #4944 ) ) ;
#3831 = EDGE_LOOP ( 'NONE', ( #4839, #3356, #3022, #5184 ) ) ;
#3832 = VECTOR ( 'NONE', #2726, 1000.000000000000000 ) ;
#3833 =( LENGTH_UNIT ( ) NAMED_UNIT ( * ) SI_UNIT ( .MILLI., .METRE. ) );
#3834 = CARTESIAN_POINT ( 'NONE',  ( -0.5061280484406234237, 0.7011188445797986724, 0.7500000000000000000 ) ) ;
#3835 = FILL_AREA_STYLE ('',( #3777 ) ) ;
#3836 = STYLED_ITEM ( 'NONE', ( #5328 ), #4179 ) ;
#3837 = EDGE_CURVE ( 'NONE', #4106, #4880, #2443, .T. ) ;
#3838 = EDGE_LOOP ( 'NONE', ( #5224, #1886, #2563, #3807 ) ) ;
#3839 = ORIENTED_EDGE ( 'NONE', *, *, #3214, .F. ) ;
#3840 =( GEOMETRIC_REPRESENTATION_CONTEXT ( 3 ) GLOBAL_UNCERTAINTY_ASSIGNED_CONTEXT ( ( #4706 ) ) GLOBAL_UNIT_ASSIGNED_CONTEXT ( ( #1780, #1138, #230 ) ) REPRESENTATION_CONTEXT ( 'NONE', 'WORKASPACE' ) );
#3841 = FACE_OUTER_BOUND ( 'NONE', #48, .T. ) ;
#3842 = FILL_AREA_STYLE ('',( #576 ) ) ;
#3843 = FILL_AREA_STYLE_COLOUR ( '', #1579 ) ;
#3844 = FACE_OUTER_BOUND ( 'NONE', #532, .T. ) ;
#3845 = VECTOR ( 'NONE', #3000, 1000.000000000000000 ) ;
#3846 = DIRECTION ( 'NONE',  ( 1.000000000000000000, -0.0000000000000000000, 0.0000000000000000000 ) ) ;
#3847 = MECHANICAL_DESIGN_GEOMETRIC_PRESENTATION_REPRESENTATION (  '', ( #4578 ), #4299 ) ;
#3848 = SURFACE_STYLE_FILL_AREA ( #1648 ) ;
#3849 = FILL_AREA_STYLE_COLOUR ( '', #705 ) ;
#3850 = CARTESIAN_POINT ( 'NONE',  ( -0.5686373544702382210, 1.137274708940476220, 0.7500000000000000000 ) ) ;
#3851 = ORIENTED_EDGE ( 'NONE', *, *, #4966, .T. ) ;
#3852 = VECTOR ( 'NONE', #2154, 1000.000000000000000 ) ;
#3853 = EDGE_LOOP ( 'NONE', ( #169, #3585, #2253, #924 ) ) ;
#3854 = FILL_AREA_STYLE ('',( #2133 ) ) ;
#3855 = DIRECTION ( 'NONE',  ( -0.0000000000000000000, -1.000000000000000000, -0.0000000000000000000 ) ) ;
#3856 = FILL_AREA_STYLE_COLOUR ( '', #3905 ) ;
#3857 = VERTEX_POINT ( 'NONE', #3823 ) ;
#3858 = EDGE_CURVE ( 'NONE', #3655, #3567, #828, .T. ) ;
#3859 =( GEOMETRIC_REPRESENTATION_CONTEXT ( 3 ) GLOBAL_UNCERTAINTY_ASSIGNED_CONTEXT ( ( #3082 ) ) GLOBAL_UNIT_ASSIGNED_CONTEXT ( ( #1398, #4844, #2573 ) ) REPRESENTATION_CONTEXT ( 'NONE', 'WORKASPACE' ) );
#3860 = ORIENTED_EDGE ( 'NONE', *, *, #2471, .F. ) ;
#3861 = UNCERTAINTY_MEASURE_WITH_UNIT (LENGTH_MEASURE( 1.000000000000000082E-05 ), #1110, 'distance_accuracy_value', 'NONE');
#3862 = ORIENTED_EDGE ( 'NONE', *, *, #5412, .F. ) ;
#3863 = ORIENTED_EDGE ( 'NONE', *, *, #2135, .T. ) ;
#3864 = B_SPLINE_CURVE_WITH_KNOTS ( 'NONE', 2,
 ( #1003, #1060, #2702, #5289 ),
 .UNSPECIFIED., .F., .F.,
 ( 3, 1, 3 ),
 ( 0.0000000000000000000, 2.649644361651609881E-05, 5.299288723303219762E-05 ),
 .UNSPECIFIED. ) ;
#3865 = EDGE_CURVE ( 'NONE', #2146, #955, #1289, .T. ) ;
#3866 =( NAMED_UNIT ( * ) PLANE_ANGLE_UNIT ( ) SI_UNIT ( $, .RADIAN. ) );
#3867 = CARTESIAN_POINT ( 'NONE',  ( -1.000000000000000000, -0.3250000000000000111, 0.0000000000000000000 ) ) ;
#3868 = SURFACE_STYLE_USAGE ( .BOTH. , #3021 ) ;
#3869 = FILL_AREA_STYLE ('',( #3843 ) ) ;
#3870 = ORIENTED_EDGE ( 'NONE', *, *, #4050, .F. ) ;
#3871 = FACE_OUTER_BOUND ( 'NONE', #3434, .T. ) ;
#3872 = EDGE_CURVE ( 'NONE', #4478, #108, #2691, .T. ) ;
#3873 = LINE ( 'NONE', #5522, #1077 ) ;
#3874 = FACE_OUTER_BOUND ( 'NONE', #424, .T. ) ;
#3875 = SURFACE_STYLE_FILL_AREA ( #3001 ) ;
#3876 = CARTESIAN_POINT ( 'NONE',  ( 0.6500000000000001332, 0.6750000000000000444, 0.0000000000000000000 ) ) ;
#3877 = ORIENTED_EDGE ( 'NONE', *, *, #2211, .T. ) ;
#3878 = VERTEX_POINT ( 'NONE', #2900 ) ;
#3879 = CARTESIAN_POINT ( 'NONE',  ( 0.2128752037627640037, 0.7104381315914379824, 0.7500000000000000000 ) ) ;
#3880 = LINE ( 'NONE', #503, #1199 ) ;
#3881 = CARTESIAN_POINT ( 'NONE',  ( 0.6854101966249680489, 8.393854016998626807E-17, 0.7500000000000000000 ) ) ;
#3882 = VERTEX_POINT ( 'NONE', #1628 ) ;
#3883 = STYLED_ITEM ( 'NONE', ( #3488 ), #1757 ) ;
#3884 = FILL_AREA_STYLE_COLOUR ( '', #3476 ) ;
#3885 = DIRECTION ( 'NONE',  ( 1.000000000000000000, -0.0000000000000000000, 0.0000000000000000000 ) ) ;
#3886 =( GEOMETRIC_REPRESENTATION_CONTEXT ( 3 ) GLOBAL_UNCERTAINTY_ASSIGNED_CONTEXT ( ( #4496 ) ) GLOBAL_UNIT_ASSIGNED_CONTEXT ( ( #5523, #1789, #3993 ) ) REPRESENTATION_CONTEXT ( 'NONE', 'WORKASPACE' ) );
#3887 = DIRECTION ( 'NONE',  ( 0.0000000000000000000, -0.0000000000000000000, 1.000000000000000000 ) ) ;
#3888 = ORIENTED_EDGE ( 'NONE', *, *, #5282, .F. ) ;
#3889 = FILL_AREA_STYLE ('',( #3779 ) ) ;
#3890 = ORIENTED_EDGE ( 'NONE', *, *, #1869, .F. ) ;
#3891 = EDGE_CURVE ( 'NONE', #1103, #3808, #2488, .T. ) ;
#3892 = ORIENTED_EDGE ( 'NONE', *, *, #1452, .T. ) ;
#3893 = STYLED_ITEM ( 'NONE', ( #2240 ), #5443 ) ;
#3894 = CARTESIAN_POINT ( 'NONE',  ( 0.2675753666524139929, 0.7175288934475040348, 0.7600000000000000089 ) ) ;
#3895 = ORIENTED_EDGE ( 'NONE', *, *, #4994, .F. ) ;
#3896 = CARTESIAN_POINT ( 'NONE',  ( 0.1733695305646829887, 0.8864916188177570655, 0.7550000000000000044 ) ) ;
#3897 = ORIENTED_EDGE ( 'NONE', *, *, #3103, .F. ) ;
#3898 = ADVANCED_FACE ( 'NONE', ( #3345 ), #155, .T. ) ;
#3899 = B_SPLINE_SURFACE_WITH_KNOTS ( 'NONE', 2, 1, ( 
 ( #324, #4614 ),
 ( #15, #5454 ),
 ( #3313, #5029 ),
 ( #1186, #771 ) ),
 .UNSPECIFIED., .F., .F., .F.,
 ( 3, 1, 3 ),
 ( 2, 2 ),
 ( -2.000000000000000000, -1.000000000000000000, 0.0000000000000000000 ),
 ( 0.0000000000000000000, 0.001000000000000000021 ),
 .UNSPECIFIED. ) ;
#3900 = CARTESIAN_POINT ( 'NONE',  ( -0.5500000000000000444, 0.6999999999999999556, 0.7500000000000000000 ) ) ;
#3901 = CARTESIAN_POINT ( 'NONE',  ( 0.1478427878828459940, 0.7144899955091900123, 0.7600000000000000089 ) ) ;
#3902 = EDGE_CURVE ( 'NONE', #2289, #600, #3796, .T. ) ;
#3903 = CARTESIAN_POINT ( 'NONE',  ( 0.1052982167464519975, -9.146724000000000172E-17, 0.7500000000000000000 ) ) ;
#3904 = ORIENTED_EDGE ( 'NONE', *, *, #4274, .T. ) ;
#3905 = COLOUR_RGB ( '',1.000000000000000000, 1.000000000000000000, 1.000000000000000000 ) ;
#3906 = PRESENTATION_STYLE_ASSIGNMENT (( #2104 ) ) ;
#3907 = VERTEX_POINT ( 'NONE', #2979 ) ;
#3908 = CARTESIAN_POINT ( 'NONE',  ( -0.2690940092538209871, -9.146724000000000172E-17, 0.7500000000000000000 ) ) ;
#3909 = CARTESIAN_POINT ( 'NONE',  ( -0.3458768304952190009, 0.9243765464487370132, 0.7500000000000000000 ) ) ;
#3910 = CARTESIAN_POINT ( 'NONE',  ( -0.09567423357404102047, 0.9065483452106281037, 0.7500000000000000000 ) ) ;
#3911 = FACE_OUTER_BOUND ( 'NONE', #4961, .T. ) ;
#3912 = CIRCLE ( 'NONE', #2115, 0.2500000001361968316 ) ;
#3913 = VECTOR ( 'NONE', #743, 1000.000000000000000 ) ;
#3914 =( NAMED_UNIT ( * ) SI_UNIT ( $, .STERADIAN. ) SOLID_ANGLE_UNIT ( ) );
#3915 = B_SPLINE_CURVE_WITH_KNOTS ( 'NONE', 2,
 ( #5110, #2598, #4326, #430 ),
 .UNSPECIFIED., .F., .F.,
 ( 3, 1, 3 ),
 ( 0.0000000000000000000, 4.491815890047919286E-05, 8.983631780095838572E-05 ),
 .UNSPECIFIED. ) ;
#3916 = STYLED_ITEM ( 'NONE', ( #4773 ), #3164 ) ;
#3917 = CARTESIAN_POINT ( 'NONE',  ( -1.734722999999999918E-16, 0.8380718450006220399, 0.7500000000000000000 ) ) ;
#3918 = DIRECTION ( 'NONE',  ( 1.000000000000000000, 0.0000000000000000000, -0.0000000000000000000 ) ) ;
#3919 = CARTESIAN_POINT ( 'NONE',  ( -0.4880972540083090006, 0.8238903212884900462, 0.7600000000000000089 ) ) ;
#3920 =( LENGTH_UNIT ( ) NAMED_UNIT ( * ) SI_UNIT ( .MILLI., .METRE. ) );
#3921 = UNCERTAINTY_MEASURE_WITH_UNIT (LENGTH_MEASURE( 1.000000000000000082E-05 ), #4282, 'distance_accuracy_value', 'NONE');
#3922 =( NAMED_UNIT ( * ) PLANE_ANGLE_UNIT ( ) SI_UNIT ( $, .RADIAN. ) );
#3923 = EDGE_LOOP ( 'NONE', ( #4319, #3406, #1201, #4507 ) ) ;
#3924 = PRESENTATION_LAYER_ASSIGNMENT (  '', '', ( #3470 ) ) ;
#3925 = ORIENTED_EDGE ( 'NONE', *, *, #1885, .T. ) ;
#3926 = CARTESIAN_POINT ( 'NONE',  ( 0.6500000000000001332, -0.3250000000000000666, -0.01000000000000000021 ) ) ;
#3927 = STYLED_ITEM ( 'NONE', ( #2006 ), #4290 ) ;
#3929 = ORIENTED_EDGE ( 'NONE', *, *, #1587, .F. ) ;
#3928 = CARTESIAN_POINT ( 'NONE',  ( -0.4011847729725320222, 0.6816698977753999911, 0.7500000000000000000 ) ) ;
#3930 = LINE ( 'NONE', #3896, #4322 ) ;
#3931 =( NAMED_UNIT ( * ) SI_UNIT ( $, .STERADIAN. ) SOLID_ANGLE_UNIT ( ) );
#3932 = VERTEX_POINT ( 'NONE', #2551 ) ;
#3933 = VECTOR ( 'NONE', #592, 1000.000000000000000 ) ;
#3934 = LINE ( 'NONE', #1823, #5240 ) ;
#3935 = ADVANCED_FACE ( 'NONE', ( #4277 ), #445, .T. ) ;
#3936 = DIRECTION ( 'NONE',  ( 1.000000000000000000, -0.0000000000000000000, 0.0000000000000000000 ) ) ;
#3937 = UNCERTAINTY_MEASURE_WITH_UNIT (LENGTH_MEASURE( 1.000000000000000082E-05 ), #5008, 'distance_accuracy_value', 'NONE');
#3938 = SURFACE_SIDE_STYLE ('',( #2214 ) ) ;
#3939 = VERTEX_POINT ( 'NONE', #1804 ) ;
#3940 = PRESENTATION_LAYER_ASSIGNMENT (  '', '', ( #3036 ) ) ;
#3941 = ORIENTED_EDGE ( 'NONE', *, *, #782, .T. ) ;
#3942 = ADVANCED_FACE ( 'NONE', ( #475 ), #663, .F. ) ;
#3943 = CARTESIAN_POINT ( 'NONE',  ( 0.3060680738710570004, 0.8794008569616911242, 0.7500000000000001110 ) ) ;
#3944 = CARTESIAN_POINT ( 'NONE',  ( -0.01180065047657699942, 0.6861269480849271352, 0.7600000000000000089 ) ) ;
#3945 = CARTESIAN_POINT ( 'NONE',  ( 0.5512747163063095313, -0.4179369256108996233, 0.7500000000000001110 ) ) ;
#3946 = MECHANICAL_DESIGN_GEOMETRIC_PRESENTATION_REPRESENTATION (  '', ( #1880 ), #2141 ) ;
#3947 = ORIENTED_EDGE ( 'NONE', *, *, #4385, .F. ) ;
#3948 = EDGE_CURVE ( 'NONE', #5480, #4478, #3162, .T. ) ;
#3949 = FILL_AREA_STYLE_COLOUR ( '', #3299 ) ;
#3950 = CARTESIAN_POINT ( 'NONE',  ( 0.2977617528396659941, 0.6992955058176200112, 0.7500000000000000000 ) ) ;
#3951 = CARTESIAN_POINT ( 'NONE',  ( -0.5043047096793169537, 0.8544818938675170505, 0.7600000000000000089 ) ) ;
#3953 = ORIENTED_EDGE ( 'NONE', *, *, #4596, .F. ) ;
#3952 = CARTESIAN_POINT ( 'NONE',  ( -0.4323841251392209761, 0.7981609854107660773, 0.7600000000000000089 ) ) ;
#3954 = VECTOR ( 'NONE', #4788, 1000.000000000000000 ) ;
#3955 = ORIENTED_EDGE ( 'NONE', *, *, #4385, .T. ) ;
#3956 = B_SPLINE_SURFACE_WITH_KNOTS ( 'NONE', 2, 1, ( 
 ( #5342, #645 ),
 ( #2247, #3568 ),
 ( #1456, #5223 ),
 ( #2781, #1482 ) ),
 .UNSPECIFIED., .F., .F., .F.,
 ( 3, 1, 3 ),
 ( 2, 2 ),
 ( -2.000000000000000000, -1.000000000000000000, 0.0000000000000000000 ),
 ( 0.0000000000000000000, 0.001000000000000000021 ),
 .UNSPECIFIED. ) ;
#3957 = ORIENTED_EDGE ( 'NONE', *, *, #241, .F. ) ;
#3958 = B_SPLINE_CURVE_WITH_KNOTS ( 'NONE', 2,
 ( #4165, #3333, #1588, #893 ),
 .UNSPECIFIED., .F., .F.,
 ( 3, 1, 3 ),
 ( 0.0000000000000000000, 4.357342614460606417E-05, 8.714685228921212833E-05 ),
 .UNSPECIFIED. ) ;
#3959 = MECHANICAL_DESIGN_GEOMETRIC_PRESENTATION_REPRESENTATION (  '', ( #1797 ), #5390 ) ;
#3960 = FACE_OUTER_BOUND ( 'NONE', #5042, .T. ) ;
#3962 = ORIENTED_EDGE ( 'NONE', *, *, #757, .T. ) ;
#3961 = LINE ( 'NONE', #3158, #4347 ) ;
#3963 = DIRECTION ( 'NONE',  ( -1.000000000000000000, -0.0000000000000000000, -0.0000000000000000000 ) ) ;
#3964 = DIRECTION ( 'NONE',  ( 0.0000000000000000000, 0.0000000000000000000, 1.000000000000000000 ) ) ;
#3965 = ORIENTED_EDGE ( 'NONE', *, *, #4063, .F. ) ;
#3966 = STYLED_ITEM ( 'NONE', ( #369 ), #480 ) ;
#3967 = CARTESIAN_POINT ( 'NONE',  ( 0.2286774730419960100, 0.9122209546954810344, 0.7500000000000000000 ) ) ;
#3968 = FILL_AREA_STYLE ('',( #2463 ) ) ;
#3969 = MECHANICAL_DESIGN_GEOMETRIC_PRESENTATION_REPRESENTATION (  '', ( #2957 ), #993 ) ;
#3970 = SURFACE_STYLE_USAGE ( .BOTH. , #2242 ) ;
#3971 = CARTESIAN_POINT ( 'NONE',  ( 0.1628346843785279940, 0.6980799466422950017, 0.7500000000000000000 ) ) ;
#3972 = FILL_AREA_STYLE ('',( #3195 ) ) ;
#3973 = ORIENTED_EDGE ( 'NONE', *, *, #4308, .T. ) ;
#3974 = ADVANCED_FACE ( 'NONE', ( #2189 ), #1374, .T. ) ;
#3975 =( GEOMETRIC_REPRESENTATION_CONTEXT ( 3 ) GLOBAL_UNCERTAINTY_ASSIGNED_CONTEXT ( ( #2505 ) ) GLOBAL_UNIT_ASSIGNED_CONTEXT ( ( #4017, #3635, #4414 ) ) REPRESENTATION_CONTEXT ( 'NONE', 'WORKASPACE' ) );
#3976 = LINE ( 'NONE', #1828, #3398 ) ;
#3977 = EDGE_LOOP ( 'NONE', ( #643, #2854, #1996, #3046, #293, #1784, #4854, #3149, #4431, #3722, #5209, #3225, #5237, #4077, #1626, #212, #4384, #4911, #122, #1711 ) ) ;
#3978 = FILL_AREA_STYLE ('',( #4784 ) ) ;
#3979 = DIRECTION ( 'NONE',  ( 1.000000000000000000, 0.0000000000000000000, 0.0000000000000000000 ) ) ;
#3980 = DIRECTION ( 'NONE',  ( -0.0000000000000000000, 1.000000000000000000, 0.0000000000000000000 ) ) ;
#3981 = UNCERTAINTY_MEASURE_WITH_UNIT (LENGTH_MEASURE( 1.000000000000000082E-05 ), #4243, 'distance_accuracy_value', 'NONE');
#3982 = VERTEX_POINT ( 'NONE', #1830 ) ;
#3983 = ADVANCED_FACE ( 'NONE', ( #3428 ), #5148, .T. ) ;
#3984 = STYLED_ITEM ( 'NONE', ( #4634 ), #1260 ) ;
#3985 = CARTESIAN_POINT ( 'NONE',  ( 0.1626320911826409921, 0.9229583940775241135, 0.7600000000000000089 ) ) ;
#3986 =( NAMED_UNIT ( * ) SI_UNIT ( $, .STERADIAN. ) SOLID_ANGLE_UNIT ( ) );
#3988 = EDGE_LOOP ( 'NONE', ( #4974, #3892, #3093, #1938 ) ) ;
#3987 = LINE ( 'NONE', #145, #1044 ) ;
#3989 = MECHANICAL_DESIGN_GEOMETRIC_PRESENTATION_REPRESENTATION (  '', ( #311 ), #5490 ) ;
#3990 = ORIENTED_EDGE ( 'NONE', *, *, #1197, .T. ) ;
#3991 = AXIS2_PLACEMENT_3D ( 'NONE', #3571, #2333, #1375 ) ;
#3992 = CARTESIAN_POINT ( 'NONE',  ( -0.09567423357404102047, 0.9065483452106281037, 0.7500000000000000000 ) ) ;
#3994 = ORIENTED_EDGE ( 'NONE', *, *, #4251, .T. ) ;
#3993 =( NAMED_UNIT ( * ) SI_UNIT ( $, .STERADIAN. ) SOLID_ANGLE_UNIT ( ) );
#3995 = CARTESIAN_POINT ( 'NONE',  ( 0.2288800662378840112, 0.9405840021197440226, 0.7600000000000000089 ) ) ;
#3996 = CARTESIAN_POINT ( 'NONE',  ( -0.3499999999999999778, -7.569701999999999659E-17, 0.0000000000000000000 ) ) ;
#3997 = ORIENTED_EDGE ( 'NONE', *, *, #730, .F. ) ;
#3998 = SURFACE_STYLE_USAGE ( .BOTH. , #5277 ) ;
#3999 = UNCERTAINTY_MEASURE_WITH_UNIT (LENGTH_MEASURE( 1.000000000000000082E-05 ), #1472, 'distance_accuracy_value', 'NONE');
#4000 = PLANE ( 'NONE',  #1435 ) ;
#4001 = DIRECTION ( 'NONE',  ( 1.000000000000000000, -0.0000000000000000000, 0.0000000000000000000 ) ) ;
#4002 = VECTOR ( 'NONE', #933, 1000.000000000000000 ) ;
#4003 = FILL_AREA_STYLE ('',( #3565 ) ) ;
#4004 = ORIENTED_EDGE ( 'NONE', *, *, #1659, .F. ) ;
#4005 = FILL_AREA_STYLE_COLOUR ( '', #1336 ) ;
#4006 = ORIENTED_EDGE ( 'NONE', *, *, #4560, .F. ) ;
#4007 = FACE_BOUND ( 'NONE', #1866, .T. ) ;
#4008 = CARTESIAN_POINT ( 'NONE',  ( -0.6292826789212355720, -0.2724683888612040028, 0.7500000000000003331 ) ) ;
#4009 = ORIENTED_EDGE ( 'NONE', *, *, #1949, .F. ) ;
#4010 = EDGE_CURVE ( 'NONE', #479, #2722, #1149, .T. ) ;
#4011 = CARTESIAN_POINT ( 'NONE',  ( 0.4715867149112210055, 0.7116536907667639911, 0.7500000000000000000 ) ) ;
#4012 = CARTESIAN_POINT ( 'NONE',  ( -1.734722999999999918E-16, 0.9369373245937679950, 0.7500000000000000000 ) ) ;
#4013 = EDGE_CURVE ( 'NONE', #902, #4565, #3703, .T. ) ;
#4014 = VECTOR ( 'NONE', #3980, 1000.000000000000000 ) ;
#4015 = CARTESIAN_POINT ( 'NONE',  ( -0.3588427950320249860, 0.7043603357148100486, 0.7500000000000000000 ) ) ;
#4016 = ORIENTED_EDGE ( 'NONE', *, *, #493, .F. ) ;
#4017 =( LENGTH_UNIT ( ) NAMED_UNIT ( * ) SI_UNIT ( .MILLI., .METRE. ) );
#4018 = ORIENTED_EDGE ( 'NONE', *, *, #669, .F. ) ;
#4019 = PRESENTATION_LAYER_ASSIGNMENT (  '', '', ( #170 ) ) ;
#4020 = FILL_AREA_STYLE_COLOUR ( '', #2843 ) ;
#4021 = ADVANCED_FACE ( 'NONE', ( #2457 ), #5020, .T. ) ;
#4022 = LINE ( 'NONE', #3300, #2909 ) ;
#4023 = VECTOR ( 'NONE', #4293, 1000.000000000000000 ) ;
#4024 = VECTOR ( 'NONE', #2016, 1000.000000000000000 ) ;
#4025 = CARTESIAN_POINT ( 'NONE',  ( 0.3499999999999999778, -0.8000000000000000444, 0.0000000000000000000 ) ) ;
#4026 = VERTEX_POINT ( 'NONE', #1176 ) ;
#4027 = CARTESIAN_POINT ( 'NONE',  ( 1.000000000000000000, 0.6750000000000000444, 0.08999999999999999667 ) ) ;
#4028 = CARTESIAN_POINT ( 'NONE',  ( 0.2728427897454919759, 0.6889632528273530454, 0.7500000000000000000 ) ) ;
#4029 = LINE ( 'NONE', #712, #3325 ) ;
#4030 = LINE ( 'NONE', #192, #4187 ) ;
#4031 = FILL_AREA_STYLE ('',( #3651 ) ) ;
#4032 = AXIS2_PLACEMENT_3D ( 'NONE', #1926, #5045, #2881 ) ;
#4033 = CARTESIAN_POINT ( 'NONE',  ( 0.5621178342457068267, 0.3973234530129642339, 0.7500000000000000000 ) ) ;
#4034 = VERTEX_POINT ( 'NONE', #4559 ) ;
#4035 = ORIENTED_EDGE ( 'NONE', *, *, #2135, .F. ) ;
#4036 = CARTESIAN_POINT ( 'NONE',  ( -0.3500000000000009770, 0.5500000000000000444, 0.0000000000000000000 ) ) ;
#4037 = CARTESIAN_POINT ( 'NONE',  ( 0.4012868759382259842, 0.9369373245937679950, 0.7600000000000000089 ) ) ;
#4038 = CARTESIAN_POINT ( 'NONE',  ( -0.6693011955690365555, -0.1716057808422538078, 0.7500000000000003331 ) ) ;
#4039 =( NAMED_UNIT ( * ) PLANE_ANGLE_UNIT ( ) SI_UNIT ( $, .RADIAN. ) );
#4040 = ORIENTED_EDGE ( 'NONE', *, *, #377, .T. ) ;
#4041 =( GEOMETRIC_REPRESENTATION_CONTEXT ( 3 ) GLOBAL_UNCERTAINTY_ASSIGNED_CONTEXT ( ( #2904 ) ) GLOBAL_UNIT_ASSIGNED_CONTEXT ( ( #581, #44, #4391 ) ) REPRESENTATION_CONTEXT ( 'NONE', 'WORKASPACE' ) );
#4042 = CARTESIAN_POINT ( 'NONE',  ( 0.0000000000000000000, 0.0000000000000000000, 0.2499999999372448656 ) ) ;
#4043 = FACE_OUTER_BOUND ( 'NONE', #2949, .T. ) ;
#4044 = AXIS2_PLACEMENT_3D ( 'NONE', #4586, #2014, #319 ) ;
#4045 = LINE ( 'NONE', #3632, #2175 ) ;
#4046 = LINE ( 'NONE', #4796, #2049 ) ;
#4047 = ORIENTED_EDGE ( 'NONE', *, *, #4704, .T. ) ;
#4048 = ORIENTED_EDGE ( 'NONE', *, *, #2943, .F. ) ;
#4049 = PRESENTATION_LAYER_ASSIGNMENT (  '', '', ( #3308 ) ) ;
#4050 = EDGE_CURVE ( 'NONE', #1683, #1857, #2402, .T. ) ;
#4051 = LINE ( 'NONE', #4448, #739 ) ;
#4052 = LINE ( 'NONE', #2237, #1760 ) ;
#4053 = ORIENTED_EDGE ( 'NONE', *, *, #4050, .T. ) ;
#4054 = EDGE_CURVE ( 'NONE', #5129, #1251, #761, .T. ) ;
#4055 = COLOUR_RGB ( '',1.000000000000000000, 1.000000000000000000, 1.000000000000000000 ) ;
#4056 = B_SPLINE_SURFACE_WITH_KNOTS ( 'NONE', 2, 1, ( 
 ( #1749, #2673 ),
 ( #1782, #3496 ),
 ( #2643, #1841 ),
 ( #599, #3547 ) ),
 .UNSPECIFIED., .F., .F., .F.,
 ( 3, 1, 3 ),
 ( 2, 2 ),
 ( -2.000000000000000000, -1.000000000000000000, 0.0000000000000000000 ),
 ( 0.0000000000000000000, 0.001000000000000000021 ),
 .UNSPECIFIED. ) ;
#4057 = CARTESIAN_POINT ( 'NONE',  ( 0.3499999999999999778, 0.8000000000000000444, 0.0000000000000000000 ) ) ;
#4058 =( LENGTH_UNIT ( ) NAMED_UNIT ( * ) SI_UNIT ( .MILLI., .METRE. ) );
#4059 = CARTESIAN_POINT ( 'NONE',  ( -0.4696612731825379750, 0.8725126883015129620, 0.7500000000000000000 ) ) ;
#4060 = DIRECTION ( 'NONE',  ( 0.0000000000000000000, 0.0000000000000000000, 1.000000000000000000 ) ) ;
#4061 = DIRECTION ( 'NONE',  ( -0.0000000000000000000, -0.0000000000000000000, -1.000000000000000000 ) ) ;
#4062 = EDGE_LOOP ( 'NONE', ( #1021, #1288, #2420, #3818 ) ) ;
#4063 = EDGE_CURVE ( 'NONE', #5429, #2508, #1203, .T. ) ;
#4064 = SURFACE_SIDE_STYLE ('',( #2330 ) ) ;
#4065 = VERTEX_POINT ( 'NONE', #4164 ) ;
#4066 = STYLED_ITEM ( 'NONE', ( #68 ), #597 ) ;
#4067 = CARTESIAN_POINT ( 'NONE',  ( -0.3707957935893930190, 0.7521723299442820698, 0.7600000000000000089 ) ) ;
#4068 = SURFACE_STYLE_FILL_AREA ( #2334 ) ;
#4069 = VECTOR ( 'NONE', #2320, 1000.000000000000000 ) ;
#4070 = ORIENTED_EDGE ( 'NONE', *, *, #5470, .F. ) ;
#4071 = PRESENTATION_STYLE_ASSIGNMENT (( #4493 ) ) ;
#4072 = B_SPLINE_CURVE_WITH_KNOTS ( 'NONE', 2,
 ( #1915, #198, #4960, #1940 ),
 .UNSPECIFIED., .F., .F.,
 ( 3, 1, 3 ),
 ( 0.0000000000000000000, 3.621436438438258747E-05, 7.242872876876517495E-05 ),
 .UNSPECIFIED. ) ;
#4073 = CARTESIAN_POINT ( 'NONE',  ( -0.09567423357404102047, 0.9065483452106281037, 0.7500000000000000000 ) ) ;
#4074 = CARTESIAN_POINT ( 'NONE',  ( -0.3707957935893930190, 0.6934203031368799675, 0.7600000000000000089 ) ) ;
#4075 = CARTESIAN_POINT ( 'NONE',  ( -0.1207957898641019989, 0.9361269518102169895, 0.7500000000000000000 ) ) ;
#4076 = FILL_AREA_STYLE ('',( #650 ) ) ;
#4077 = ORIENTED_EDGE ( 'NONE', *, *, #1703, .T. ) ;
#4078 = PRESENTATION_LAYER_ASSIGNMENT (  '', '', ( #4526 ) ) ;
#4079 = LINE ( 'NONE', #1093, #3711 ) ;
#4080 = EDGE_CURVE ( 'NONE', #4117, #3672, #2422, .T. ) ;
#4081 = SURFACE_STYLE_USAGE ( .BOTH. , #3414 ) ;
#4082 =( GEOMETRIC_REPRESENTATION_CONTEXT ( 3 ) GLOBAL_UNCERTAINTY_ASSIGNED_CONTEXT ( ( #896 ) ) GLOBAL_UNIT_ASSIGNED_CONTEXT ( ( #4675, #2220, #4756 ) ) REPRESENTATION_CONTEXT ( 'NONE', 'WORKASPACE' ) );
#4083 = DIRECTION ( 'NONE',  ( -1.000000000000000000, 0.0000000000000000000, -0.0000000000000000000 ) ) ;
#4084 = CARTESIAN_POINT ( 'NONE',  ( 0.2728427897454919759, 0.6889632528273530454, 0.7600000000000000089 ) ) ;
#4085 = EDGE_CURVE ( 'NONE', #2232, #3210, #4629, .T. ) ;
#4086 = CARTESIAN_POINT ( 'NONE',  ( -1.000000000000000000, 1.000000000000000000, 0.0000000000000000000 ) ) ;
#4087 = CARTESIAN_POINT ( 'NONE',  ( -0.3361523570926139848, 0.7807379705644329482, 0.7500000000000000000 ) ) ;
#4088 = CARTESIAN_POINT ( 'NONE',  ( 0.04340480781323693971, 0.6854437914786005726, 0.7500000000000001110 ) ) ;
#4089 = ORIENTED_EDGE ( 'NONE', *, *, #3389, .T. ) ;
#4090 = VECTOR ( 'NONE', #3080, 1000.000000000000000 ) ;
#4091 = DIRECTION ( 'NONE',  ( 0.0000000000000000000, 0.0000000000000000000, 1.000000000000000000 ) ) ;
#4092 = PLANE ( 'NONE',  #1373 ) ;
#4093 = EDGE_CURVE ( 'NONE', #4852, #1927, #1616, .T. ) ;
#4094 = CARTESIAN_POINT ( 'NONE',  ( 1.000000000000000000, -0.6750000000000000444, 0.0000000000000000000 ) ) ;
#4095 = CARTESIAN_POINT ( 'NONE',  ( 0.1324457049953889909, 0.8889227371684079726, 0.7600000000000000089 ) ) ;
#4096 = EDGE_LOOP ( 'NONE', ( #3018, #4018, #2248, #161, #2064, #2693, #5146, #2309, #3957, #3178, #3929, #1213 ) ) ;
#4097 = DIRECTION ( 'NONE',  ( 0.0000000000000000000, 1.000000000000000000, 0.0000000000000000000 ) ) ;
#4098 = CARTESIAN_POINT ( 'NONE',  ( 1.000000000000000000, 0.6750000000000000444, 0.08999999999999999667 ) ) ;
#4099 = UNCERTAINTY_MEASURE_WITH_UNIT (LENGTH_MEASURE( 1.000000000000000082E-05 ), #4142, 'distance_accuracy_value', 'NONE');
#4100 = FACE_OUTER_BOUND ( 'NONE', #1778, .T. ) ;
#4101 = EDGE_LOOP ( 'NONE', ( #141, #917, #2382, #646 ) ) ;
#4102 = MECHANICAL_DESIGN_GEOMETRIC_PRESENTATION_REPRESENTATION (  '', ( #2566 ), #702 ) ;
#4103 = FACE_OUTER_BOUND ( 'NONE', #1835, .T. ) ;
#4104 = VERTEX_POINT ( 'NONE', #4213 ) ;
#4105 = CARTESIAN_POINT ( 'NONE',  ( 0.2770972468591310078, 0.7227963165405809631, 0.7600000000000000089 ) ) ;
#4106 = VERTEX_POINT ( 'NONE', #1930 ) ;
#4107 = STYLED_ITEM ( 'NONE', ( #2301 ), #2935 ) ;
#4108 = CARTESIAN_POINT ( 'NONE',  ( 1.000000000000000000, -0.3250000000000000666, 0.08999999999999999667 ) ) ;
#4109 =( LENGTH_UNIT ( ) NAMED_UNIT ( * ) SI_UNIT ( .MILLI., .METRE. ) );
#4110 = PRESENTATION_LAYER_ASSIGNMENT (  '', '', ( #3371 ) ) ;
#4111 = COLOUR_RGB ( '',1.000000000000000000, 1.000000000000000000, 1.000000000000000000 ) ;
#4112 =( NAMED_UNIT ( * ) SI_UNIT ( $, .STERADIAN. ) SOLID_ANGLE_UNIT ( ) );
#4113 = SURFACE_SIDE_STYLE ('',( #692 ) ) ;
#4114 = DIRECTION ( 'NONE',  ( 1.000000000000000000, 0.0000000000000000000, -0.0000000000000000000 ) ) ;
#4115 = CARTESIAN_POINT ( 'NONE',  ( -1.734722999999999918E-16, 0.8000000000000000444, 0.0000000000000000000 ) ) ;
#4116 = CARTESIAN_POINT ( 'NONE',  ( -0.4801961193686929974, 0.8155840002570989844, 0.7500000000000000000 ) ) ;
#4117 = VERTEX_POINT ( 'NONE', #2539 ) ;
#4118 = STYLED_ITEM ( 'NONE', ( #2345 ), #3410 ) ;
#4119 = EDGE_CURVE ( 'NONE', #4320, #1682, #1642, .T. ) ;
#4120 = PLANE ( 'NONE',  #726 ) ;
#4121 = FILL_AREA_STYLE ('',( #4928 ) ) ;
#4122 = CARTESIAN_POINT ( 'NONE',  ( -0.1000000000000009909, 0.8000000000000001554, 0.0000000000000000000 ) ) ;
#4123 = DIRECTION ( 'NONE',  ( 0.0000000000000000000, 0.0000000000000000000, -1.000000000000000000 ) ) ;
#4124 = SURFACE_SIDE_STYLE ('',( #1994 ) ) ;
#4125 = ORIENTED_EDGE ( 'NONE', *, *, #117, .T. ) ;
#4126 = PRESENTATION_LAYER_ASSIGNMENT (  '', '', ( #2666 ) ) ;
#4127 = SURFACE_STYLE_FILL_AREA ( #5035 ) ;
#4128 = DIRECTION ( 'NONE',  ( 1.000000000000000000, -0.0000000000000000000, 0.0000000000000000000 ) ) ;
#4129 = VECTOR ( 'NONE', #1539, 1000.000000000000000 ) ;
#4130 = ORIENTED_EDGE ( 'NONE', *, *, #213, .T. ) ;
#4131 = B_SPLINE_CURVE_WITH_KNOTS ( 'NONE', 2,
 ( #1161, #4570, #4640, #5427 ),
 .UNSPECIFIED., .F., .F.,
 ( 3, 1, 3 ),
 ( 0.0000000000000000000, 3.843062630070995955E-05, 7.686125260141991910E-05 ),
 .UNSPECIFIED. ) ;
#4132 = EDGE_CURVE ( 'NONE', #2711, #4136, #3809, .T. ) ;
#4133 = COLOUR_RGB ( '',1.000000000000000000, 1.000000000000000000, 1.000000000000000000 ) ;
#4134 =( NAMED_UNIT ( * ) SI_UNIT ( $, .STERADIAN. ) SOLID_ANGLE_UNIT ( ) );
#4135 = DIRECTION ( 'NONE',  ( 1.000000000000000000, 0.0000000000000000000, -0.0000000000000000000 ) ) ;
#4136 = VERTEX_POINT ( 'NONE', #37 ) ;
#4137 = AXIS2_PLACEMENT_3D ( 'NONE', #3309, #2921, #719 ) ;
#4138 =( NAMED_UNIT ( * ) SI_UNIT ( $, .STERADIAN. ) SOLID_ANGLE_UNIT ( ) );
#4139 = CARTESIAN_POINT ( 'NONE',  ( -0.3707957935893930190, 0.7521723299442820698, 0.7550000000000000044 ) ) ;
#4140 = CARTESIAN_POINT ( 'NONE',  ( -0.5043047096793169537, 0.8690686039714240474, 0.7500000000000000000 ) ) ;
#4141 = CARTESIAN_POINT ( 'NONE',  ( 1.000000000000000000, -0.6750000000000000444, -0.01000000000000000021 ) ) ;
#4142 =( LENGTH_UNIT ( ) NAMED_UNIT ( * ) SI_UNIT ( .MILLI., .METRE. ) );
#4143 = CARTESIAN_POINT ( 'NONE',  ( -0.6500000000000001332, -7.569701999999999659E-17, 0.0000000000000000000 ) ) ;
#4144 = AXIS2_PLACEMENT_3D ( 'NONE', #1215, #3827, #5534 ) ;
#4145 = ORIENTED_EDGE ( 'NONE', *, *, #3208, .F. ) ;
#4146 =( LENGTH_UNIT ( ) NAMED_UNIT ( * ) SI_UNIT ( .MILLI., .METRE. ) );
#4147 = PLANE ( 'NONE',  #4445 ) ;
#4148 = FILL_AREA_STYLE_COLOUR ( '', #3453 ) ;
#4149 = ADVANCED_FACE ( 'NONE', ( #3841 ), #4660, .T. ) ;
#4150 = ORIENTED_EDGE ( 'NONE', *, *, #4316, .T. ) ;
#4151 = CARTESIAN_POINT ( 'NONE',  ( -0.3483079488458700745, 0.8846682800547691627, 0.7600000000000000089 ) ) ;
#4152 = LINE ( 'NONE', #4201, #5414 ) ;
#4153 = VECTOR ( 'NONE', #2506, 1000.000000000000000 ) ;
#4154 =( NAMED_UNIT ( * ) SI_UNIT ( $, .STERADIAN. ) SOLID_ANGLE_UNIT ( ) );
#4155 = EDGE_CURVE ( 'NONE', #1728, #652, #2963, .T. ) ;
#4156 = CARTESIAN_POINT ( 'NONE',  ( 0.2286774730419960100, 0.9122209546954810344, 0.7600000000000000089 ) ) ;
#4157 = ORIENTED_EDGE ( 'NONE', *, *, #4602, .T. ) ;
#4158 = DIRECTION ( 'NONE',  ( 0.0000000000000000000, 0.0000000000000000000, -1.000000000000000000 ) ) ;
#4159 = SURFACE_STYLE_FILL_AREA ( #2852 ) ;
#4160 = ADVANCED_FACE ( 'NONE', ( #900 ), #5159, .T. ) ;
#4161 = SURFACE_STYLE_FILL_AREA ( #2426 ) ;
#4162 = B_SPLINE_CURVE_WITH_KNOTS ( 'NONE', 2,
 ( #568, #4828, #5290, #4015 ),
 .UNSPECIFIED., .F., .F.,
 ( 3, 1, 3 ),
 ( 0.0000000000000000000, 2.958095674857005614E-05, 5.916191349714011228E-05 ),
 .UNSPECIFIED. ) ;
#4163 = STYLED_ITEM ( 'NONE', ( #3776 ), #1356 ) ;
#4164 = CARTESIAN_POINT ( 'NONE',  ( -0.5500000000000000444, 0.6999999999999999556, 0.7600000000000000089 ) ) ;
#4165 = CARTESIAN_POINT ( 'NONE',  ( -0.3857876900850750190, 0.8204462369584010206, 0.7600000000000000089 ) ) ;
#4166 = LINE ( 'NONE', #5052, #4024 ) ;
#4167 =( NAMED_UNIT ( * ) PLANE_ANGLE_UNIT ( ) SI_UNIT ( $, .RADIAN. ) );
#4168 = FACE_OUTER_BOUND ( 'NONE', #4780, .T. ) ;
#4169 = APPLICATION_CONTEXT ( 'automotive_design' ) ;
#4170 = SURFACE_STYLE_USAGE ( .BOTH. , #3338 ) ;
#4171 = CARTESIAN_POINT ( 'NONE',  ( -0.5043047096793169537, 0.8994575833545630505, 0.7500000000000000000 ) ) ;
#4172 =( LENGTH_UNIT ( ) NAMED_UNIT ( * ) SI_UNIT ( .MILLI., .METRE. ) );
#4173 = PLANE ( 'NONE',  #2827 ) ;
#4174 = MECHANICAL_DESIGN_GEOMETRIC_PRESENTATION_REPRESENTATION (  '', ( #1204 ), #4353 ) ;
#4175 = ADVANCED_FACE ( 'NONE', ( #2066 ), #3782, .T. ) ;
#4176 = CARTESIAN_POINT ( 'NONE',  ( -0.3481053556499820179, 0.7142874023133020112, 0.7600000000000000089 ) ) ;
#4177 = DIRECTION ( 'NONE',  ( -1.000000000000000000, 0.0000000000000000000, 0.0000000000000000000 ) ) ;
#4178 = EDGE_CURVE ( 'NONE', #2087, #4225, #3610, .T. ) ;
#4179 = ADVANCED_FACE ( 'NONE', ( #3960 ), #2291, .T. ) ;
#4180 = LINE ( 'NONE', #1143, #3739 ) ;
#4181 = FILL_AREA_STYLE_COLOUR ( '', #394 ) ;
#4182 =( NAMED_UNIT ( * ) SI_UNIT ( $, .STERADIAN. ) SOLID_ANGLE_UNIT ( ) );
#4183 = ORIENTED_EDGE ( 'NONE', *, *, #3593, .F. ) ;
#4184 = EDGE_CURVE ( 'NONE', #613, #1265, #207, .T. ) ;
#4185 = CARTESIAN_POINT ( 'NONE',  ( 0.3060680738710570004, -9.146724000000000172E-17, 0.7500000000000000000 ) ) ;
#4186 = FACE_OUTER_BOUND ( 'NONE', #590, .T. ) ;
#4187 = VECTOR ( 'NONE', #1454, 1000.000000000000000 ) ;
#4188 =( NAMED_UNIT ( * ) SI_UNIT ( $, .STERADIAN. ) SOLID_ANGLE_UNIT ( ) );
#4189 = LINE ( 'NONE', #2405, #754 ) ;
#4190 = VECTOR ( 'NONE', #549, 1000.000000000000000 ) ;
#4191 = PLANE ( 'NONE',  #1963 ) ;
#4192 = CARTESIAN_POINT ( 'NONE',  ( 0.1741799033482339942, 0.7353570946856119450, 0.7600000000000000089 ) ) ;
#4193 = CARTESIAN_POINT ( 'NONE',  ( 0.1052982167464519975, 0.9065483452106281037, 0.7500000000000000000 ) ) ;
#4194 = CARTESIAN_POINT ( 'NONE',  ( -0.4893128131836350092, 0.6930151167451049643, 0.7600000000000000089 ) ) ;
#4195 = VECTOR ( 'NONE', #1153, 1000.000000000000000 ) ;
#4196 = CARTESIAN_POINT ( 'NONE',  ( 0.1476401946869590198, 0.9061431588188529895, 0.7600000000000000089 ) ) ;
#4197 = ORIENTED_EDGE ( 'NONE', *, *, #920, .F. ) ;
#4198 = MECHANICAL_DESIGN_GEOMETRIC_PRESENTATION_REPRESENTATION (  '', ( #346 ), #2480 ) ;
#4199 = FILL_AREA_STYLE ('',( #2927 ) ) ;
#4200 = CARTESIAN_POINT ( 'NONE',  ( 0.02142463364898800071, 0.9065483452106281037, 0.7500000000000000000 ) ) ;
#4201 = CARTESIAN_POINT ( 'NONE',  ( 0.3499999999999999778, -7.569701999999999659E-17, 0.0000000000000000000 ) ) ;
#4202 = CARTESIAN_POINT ( 'NONE',  ( 0.01441556471560800044, -0.02921295647298999959, -0.01000000000000000021 ) ) ;
#4203 = SURFACE_SIDE_STYLE ('',( #779 ) ) ;
#4204 = CIRCLE ( 'NONE', #4649, 0.2999999999999999334 ) ;
#4205 = CARTESIAN_POINT ( 'NONE',  ( 0.4715867149112210055, 0.6861269480849271352, 0.7600000000000000089 ) ) ;
#4207 = ORIENTED_EDGE ( 'NONE', *, *, #2168, .T. ) ;
#4206 = DIRECTION ( 'NONE',  ( 0.0000000000000000000, -1.000000000000000000, -0.0000000000000000000 ) ) ;
#4208 = UNCERTAINTY_MEASURE_WITH_UNIT (LENGTH_MEASURE( 1.000000000000000082E-05 ), #922, 'distance_accuracy_value', 'NONE');
#4209 = CARTESIAN_POINT ( 'NONE',  ( 0.1626320911826409921, 0.9229583940775241135, 0.7500000000000000000 ) ) ;
#4210 = ORIENTED_EDGE ( 'NONE', *, *, #965, .F. ) ;
#4211 = EDGE_CURVE ( 'NONE', #2731, #2337, #516, .T. ) ;
#4212 = B_SPLINE_CURVE_WITH_KNOTS ( 'NONE', 2,
 ( #4609, #766, #4116, #4589 ),
 .UNSPECIFIED., .F., .F.,
 ( 3, 1, 3 ),
 ( 0.0000000000000000000, 2.372923906409484736E-05, 4.745847812818969471E-05 ),
 .UNSPECIFIED. ) ;
#4213 = CARTESIAN_POINT ( 'NONE',  ( 0.3060680738710570004, 0.8794008569616911242, 0.7599999999999998979 ) ) ;
#4214 = CARTESIAN_POINT ( 'NONE',  ( -0.3707957935893930190, 0.7521723299442820698, 0.7500000000000000000 ) ) ;
#4215 = STYLED_ITEM ( 'NONE', ( #4242 ), #5276 ) ;
#4216 = CARTESIAN_POINT ( 'NONE',  ( -0.5043047096793169537, 0.8544818938675170505, 0.7600000000000000089 ) ) ;
#4217 = EDGE_CURVE ( 'NONE', #1276, #3161, #1445, .T. ) ;
#4218 =( NAMED_UNIT ( * ) PLANE_ANGLE_UNIT ( ) SI_UNIT ( $, .RADIAN. ) );
#4219 = CARTESIAN_POINT ( 'NONE',  ( 0.2126726105668760025, 0.9122209546954810344, 0.7500000000000000000 ) ) ;
#4220 = PLANE ( 'NONE',  #3030 ) ;
#4221 = DIRECTION ( 'NONE',  ( -0.0000000000000000000, -1.000000000000000000, -0.0000000000000000000 ) ) ;
#4222 = CARTESIAN_POINT ( 'NONE',  ( -1.010000000000000009, -0.3250000000000000666, 0.0000000000000000000 ) ) ;
#4223 = EDGE_CURVE ( 'NONE', #2760, #4248, #3031, .T. ) ;
#4224 = CARTESIAN_POINT ( 'NONE',  ( -0.6500000000000001332, 0.6750000000000000444, 0.0000000000000000000 ) ) ;
#4225 = VERTEX_POINT ( 'NONE', #3926 ) ;
#4226 = VECTOR ( 'NONE', #3421, 1000.000000000000000 ) ;
#4227 = CARTESIAN_POINT ( 'NONE',  ( -0.4597342065840460124, 0.8052517472668320186, 0.7600000000000000089 ) ) ;
#4228 = DIRECTION ( 'NONE',  ( 0.0000000000000000000, 0.0000000000000000000, 1.000000000000000000 ) ) ;
#4229 = CARTESIAN_POINT ( 'NONE',  ( 0.2752739080961429941, 0.9002679561381129458, 0.7500000000000000000 ) ) ;
#4230 = VERTEX_POINT ( 'NONE', #4857 ) ;
#4231 = PRESENTATION_LAYER_ASSIGNMENT (  '', '', ( #2607 ) ) ;
#4232 = CARTESIAN_POINT ( 'NONE',  ( -0.4265089224584809879, 0.8307784899486689856, 0.7600000000000000089 ) ) ;
#4234 = ORIENTED_EDGE ( 'NONE', *, *, #1415, .F. ) ;
#4233 = SURFACE_SIDE_STYLE ('',( #1693 ) ) ;
#4235 = ORIENTED_EDGE ( 'NONE', *, *, #3138, .F. ) ;
#4236 = ORIENTED_EDGE ( 'NONE', *, *, #4237, .T. ) ;
#4237 = EDGE_CURVE ( 'NONE', #3802, #1420, #4446, .T. ) ;
#4238 =( NAMED_UNIT ( * ) SI_UNIT ( $, .STERADIAN. ) SOLID_ANGLE_UNIT ( ) );
#4239 = DIRECTION ( 'NONE',  ( 0.0000000000000000000, -0.0000000000000000000, -1.000000000000000000 ) ) ;
#4240 = CARTESIAN_POINT ( 'NONE',  ( 0.2728427897455019124, 0.9341010198513799434, 0.7600000000000000089 ) ) ;
#4241 = CARTESIAN_POINT ( 'NONE',  ( 0.1510842790170479899, 0.7851950208739600923, 0.7500000000000000000 ) ) ;
#4242 = PRESENTATION_STYLE_ASSIGNMENT (( #2969 ) ) ;
#4243 =( LENGTH_UNIT ( ) NAMED_UNIT ( * ) SI_UNIT ( .MILLI., .METRE. ) );
#4244 = CARTESIAN_POINT ( 'NONE',  ( 0.6500000000000001332, -0.6750000000000000444, -0.01000000000000000021 ) ) ;
#4245 = PRESENTATION_LAYER_ASSIGNMENT (  '', '', ( #2807 ) ) ;
#4246 = DIRECTION ( 'NONE',  ( -1.000000000000000000, 0.0000000000000000000, 0.0000000000000000000 ) ) ;
#4247 = LINE ( 'NONE', #3817, #5436 ) ;
#4248 = VERTEX_POINT ( 'NONE', #3670 ) ;
#4249 = ORIENTED_EDGE ( 'NONE', *, *, #927, .F. ) ;
#4250 = AXIS2_PLACEMENT_3D ( 'NONE', #151, #4667, #2651 ) ;
#4251 = EDGE_CURVE ( 'NONE', #4710, #1420, #3270, .T. ) ;
#4252 = CARTESIAN_POINT ( 'NONE',  ( -0.4597342065840460124, 0.8052517472668320186, 0.7500000000000000000 ) ) ;
#4253 = CARTESIAN_POINT ( 'NONE',  ( 0.2862139406740730196, 0.7280637396336590017, 0.7500000000000000000 ) ) ;
#4254 = FACE_OUTER_BOUND ( 'NONE', #41, .T. ) ;
#4255 = LINE ( 'NONE', #2984, #300 ) ;
#4256 = FILL_AREA_STYLE_COLOUR ( '', #179 ) ;
#4257 = ORIENTED_EDGE ( 'NONE', *, *, #284, .T. ) ;
#4259 = VERTEX_POINT ( 'NONE', #1581 ) ;
#4258 = SURFACE_SIDE_STYLE ('',( #2883 ) ) ;
#4260 = VECTOR ( 'NONE', #4842, 1000.000000000000000 ) ;
#4261 = ORIENTED_EDGE ( 'NONE', *, *, #4316, .F. ) ;
#4262 = VERTEX_POINT ( 'NONE', #261 ) ;
#4263 = PRODUCT_CONTEXT ( 'NONE', #5302, 'mechanical' ) ;
#4264 = SURFACE_SIDE_STYLE ('',( #5079 ) ) ;
#4265 = LINE ( 'NONE', #1562, #3505 ) ;
#4266 = CARTESIAN_POINT ( 'NONE',  ( -0.4370437686446360104, 0.8336147946910950068, 0.7600000000000000089 ) ) ;
#4267 = FILL_AREA_STYLE_COLOUR ( '', #1993 ) ;
#4268 = CARTESIAN_POINT ( 'NONE',  ( 0.2126726105668760025, 0.9122209546954810344, 0.7600000000000000089 ) ) ;
#4269 = AXIS2_PLACEMENT_3D ( 'NONE', #2639, #1805, #4281 ) ;
#4270 = DIRECTION ( 'NONE',  ( -1.000000000000000000, 0.0000000000000000000, -0.0000000000000000000 ) ) ;
#4271 = CARTESIAN_POINT ( 'NONE',  ( -0.1207957898641019989, 0.6861269480849271352, 0.7500000000000000000 ) ) ;
#4272 = DIRECTION ( 'NONE',  ( 0.0000000000000000000, -1.000000000000000000, 0.0000000000000000000 ) ) ;
#4273 = ORIENTED_EDGE ( 'NONE', *, *, #1840, .T. ) ;
#4274 = EDGE_CURVE ( 'NONE', #554, #88, #4180, .T. ) ;
#4275 = PLANE ( 'NONE',  #2679 ) ;
#4276 = EDGE_LOOP ( 'NONE', ( #338, #4257, #4553, #2706 ) ) ;
#4277 = FACE_OUTER_BOUND ( 'NONE', #4336, .T. ) ;
#4278 = SURFACE_STYLE_USAGE ( .BOTH. , #857 ) ;
#4279 = VECTOR ( 'NONE', #1560, 1000.000000000000000 ) ;
#4280 = CARTESIAN_POINT ( 'NONE',  ( -0.1540210739896679948, 0.8380718450006220399, 0.7600000000000000089 ) ) ;
#4281 = DIRECTION ( 'NONE',  ( 0.0000000000000000000, -0.0000000000000000000, 1.000000000000000000 ) ) ;
#4282 =( LENGTH_UNIT ( ) NAMED_UNIT ( * ) SI_UNIT ( .MILLI., .METRE. ) );
#4283 = CARTESIAN_POINT ( 'NONE',  ( -0.3458768304952190009, 0.9243765464487370132, 0.7600000000000000089 ) ) ;
#4284 = ORIENTED_EDGE ( 'NONE', *, *, #2559, .F. ) ;
#4285 = VECTOR ( 'NONE', #791, 1000.000000000000000 ) ;
#4286 = FILL_AREA_STYLE ('',( #3884 ) ) ;
#4288 = VERTEX_POINT ( 'NONE', #655 ) ;
#4287 = CARTESIAN_POINT ( 'NONE',  ( -0.01180065047657699942, 0.6861269480849271352, 0.7500000000000000000 ) ) ;
#4289 = ORIENTED_EDGE ( 'NONE', *, *, #1031, .T. ) ;
#4290 = ADVANCED_FACE ( 'NONE', ( #4103 ), #1553, .T. ) ;
#4291 = VERTEX_POINT ( 'NONE', #1981 ) ;
#4292 = VECTOR ( 'NONE', #83, 1000.000000000000000 ) ;
#4293 = DIRECTION ( 'NONE',  ( -1.000000000000000000, -0.0000000000000000000, 0.0000000000000000000 ) ) ;
#4294 = LINE ( 'NONE', #3444, #1178 ) ;
#4295 = LINE ( 'NONE', #518, #3558 ) ;
#4296 = VERTEX_POINT ( 'NONE', #3697 ) ;
#4297 = SURFACE_STYLE_FILL_AREA ( #1676 ) ;
#4298 = LINE ( 'NONE', #2128, #5189 ) ;
#4299 =( GEOMETRIC_REPRESENTATION_CONTEXT ( 3 ) GLOBAL_UNCERTAINTY_ASSIGNED_CONTEXT ( ( #505 ) ) GLOBAL_UNIT_ASSIGNED_CONTEXT ( ( #1099, #2376, #4112 ) ) REPRESENTATION_CONTEXT ( 'NONE', 'WORKASPACE' ) );
#4300 = CARTESIAN_POINT ( 'NONE',  ( 1.000000000000000000, -0.6750000000000000444, 0.08999999999999999667 ) ) ;
#4301 = CARTESIAN_POINT ( 'NONE',  ( 0.3950064868657099937, 0.8791982637658030120, 0.7500000000000000000 ) ) ;
#4302 =( NAMED_UNIT ( * ) SI_UNIT ( $, .STERADIAN. ) SOLID_ANGLE_UNIT ( ) );
#4303 = CARTESIAN_POINT ( 'NONE',  ( 0.4693044419004886447, 5.747321825990683813E-17, 0.6886088838242544474 ) ) ;
#4304 = ORIENTED_EDGE ( 'NONE', *, *, #997, .F. ) ;
#4305 = FACE_OUTER_BOUND ( 'NONE', #4953, .T. ) ;
#4306 = LINE ( 'NONE', #2611, #3163 ) ;
#4307 = B_SPLINE_SURFACE_WITH_KNOTS ( 'NONE', 2, 1, ( 
 ( #4214, #735 ),
 ( #2431, #342 ),
 ( #3755, #5446 ),
 ( #1230, #5465 ) ),
 .UNSPECIFIED., .F., .F., .F.,
 ( 3, 1, 3 ),
 ( 2, 2 ),
 ( -2.000000000000000000, -1.000000000000000000, 0.0000000000000000000 ),
 ( 0.0000000000000000000, 0.001000000000000000021 ),
 .UNSPECIFIED. ) ;
#4308 = EDGE_CURVE ( 'NONE', #3939, #2010, #104, .T. ) ;
#4309 =( NAMED_UNIT ( * ) SI_UNIT ( $, .STERADIAN. ) SOLID_ANGLE_UNIT ( ) );
#4310 = CARTESIAN_POINT ( 'NONE',  ( 1.010000000000000009, 0.5000000000000000000, 0.08999999999999999667 ) ) ;
#4311 = UNCERTAINTY_MEASURE_WITH_UNIT (LENGTH_MEASURE( 1.000000000000000082E-05 ), #5149, 'distance_accuracy_value', 'NONE');
#4312 = ORIENTED_EDGE ( 'NONE', *, *, #527, .T. ) ;
#4313 =( GEOMETRIC_REPRESENTATION_CONTEXT ( 3 ) GLOBAL_UNCERTAINTY_ASSIGNED_CONTEXT ( ( #3937 ) ) GLOBAL_UNIT_ASSIGNED_CONTEXT ( ( #5008, #616, #798 ) ) REPRESENTATION_CONTEXT ( 'NONE', 'WORKASPACE' ) );
#4314 = FILL_AREA_STYLE ('',( #2117 ) ) ;
#4315 = FACE_OUTER_BOUND ( 'NONE', #395, .T. ) ;
#4316 = EDGE_CURVE ( 'NONE', #4104, #2225, #2033, .T. ) ;
#4317 = PRESENTATION_STYLE_ASSIGNMENT (( #2889 ) ) ;
#4318 = VECTOR ( 'NONE', #3251, 1000.000000000000000 ) ;
#4319 = ORIENTED_EDGE ( 'NONE', *, *, #622, .F. ) ;
#4320 = VERTEX_POINT ( 'NONE', #3639 ) ;
#4321 = ORIENTED_EDGE ( 'NONE', *, *, #5074, .T. ) ;
#4322 = VECTOR ( 'NONE', #2204, 1000.000000000000000 ) ;
#4323 = PRESENTATION_STYLE_ASSIGNMENT (( #2065 ) ) ;
#4324 = ADVANCED_FACE ( 'NONE', ( #1610 ), #2769, .T. ) ;
#4325 = CARTESIAN_POINT ( 'NONE',  ( 0.3496256109868899342, 0.7116536907667639911, 0.7500000000000001110 ) ) ;
#4326 = CARTESIAN_POINT ( 'NONE',  ( 0.1628346843785279940, 0.6980799466422950017, 0.7500000000000000000 ) ) ;
#4327 = ORIENTED_EDGE ( 'NONE', *, *, #5007, .F. ) ;
#4328 =( NAMED_UNIT ( * ) SI_UNIT ( $, .STERADIAN. ) SOLID_ANGLE_UNIT ( ) );
#4329 = UNCERTAINTY_MEASURE_WITH_UNIT (LENGTH_MEASURE( 1.000000000000000082E-05 ), #2491, 'distance_accuracy_value', 'NONE');
#4330 = CARTESIAN_POINT ( 'NONE',  ( -0.3023192933793860115, 0.9361269518102169895, 0.7500000000000000000 ) ) ;
#4331 = CARTESIAN_POINT ( 'NONE',  ( 0.3060680738710570004, -9.146724000000000172E-17, 0.7500000000000000000 ) ) ;
#4332 = DIRECTION ( 'NONE',  ( 1.000000000000000000, -0.0000000000000000000, 0.0000000000000000000 ) ) ;
#4333 = MECHANICAL_DESIGN_GEOMETRIC_PRESENTATION_REPRESENTATION (  '', ( #2707 ), #1904 ) ;
#4334 = ORIENTED_EDGE ( 'NONE', *, *, #1618, .T. ) ;
#4335 = FILL_AREA_STYLE ('',( #2608 ) ) ;
#4336 = EDGE_LOOP ( 'NONE', ( #5216, #2119, #701, #1721 ) ) ;
#4337 = SURFACE_SIDE_STYLE ('',( #4727 ) ) ;
#4338 = AXIS2_PLACEMENT_3D ( 'NONE', #3328, #3885, #4711 ) ;
#4339 = SURFACE_STYLE_USAGE ( .BOTH. , #4369 ) ;
#4340 = DIRECTION ( 'NONE',  ( 0.0000000000000000000, 0.0000000000000000000, 1.000000000000000000 ) ) ;
#4341 = CARTESIAN_POINT ( 'NONE',  ( 0.08680961562649647245, -0.6853430069177035566, 0.7500000000000002220 ) ) ;
#4342 = CARTESIAN_POINT ( 'NONE',  ( -0.3618816929703390084, 0.9322776810883529608, 0.7500000000000000000 ) ) ;
#4343 = ORIENTED_EDGE ( 'NONE', *, *, #5098, .T. ) ;
#4344 = MECHANICAL_DESIGN_GEOMETRIC_PRESENTATION_REPRESENTATION (  '', ( #3883 ), #4082 ) ;
#4345 = EDGE_CURVE ( 'NONE', #2321, #1103, #3327, .T. ) ;
#4346 = LINE ( 'NONE', #864, #2894 ) ;
#4347 = VECTOR ( 'NONE', #2797, 1000.000000000000000 ) ;
#4349 = ORIENTED_EDGE ( 'NONE', *, *, #2999, .F. ) ;
#4348 = DIRECTION ( 'NONE',  ( -1.000000000000000000, 0.0000000000000000000, 0.0000000000000000000 ) ) ;
#4350 = EDGE_LOOP ( 'NONE', ( #266, #4769, #3509, #4753, #545, #5193 ) ) ;
#4351 = EDGE_CURVE ( 'NONE', #2569, #4320, #1092, .T. ) ;
#4352 = ADVANCED_FACE ( 'NONE', ( #1692 ), #5125, .T. ) ;
#4353 =( GEOMETRIC_REPRESENTATION_CONTEXT ( 3 ) GLOBAL_UNCERTAINTY_ASSIGNED_CONTEXT ( ( #3578 ) ) GLOBAL_UNIT_ASSIGNED_CONTEXT ( ( #1066, #3611, #2771 ) ) REPRESENTATION_CONTEXT ( 'NONE', 'WORKASPACE' ) );
#4354 =( GEOMETRIC_REPRESENTATION_CONTEXT ( 3 ) GLOBAL_UNCERTAINTY_ASSIGNED_CONTEXT ( ( #3403 ) ) GLOBAL_UNIT_ASSIGNED_CONTEXT ( ( #2509, #4659, #1671 ) ) REPRESENTATION_CONTEXT ( 'NONE', 'WORKASPACE' ) );
#4355 =( NAMED_UNIT ( * ) PLANE_ANGLE_UNIT ( ) SI_UNIT ( $, .RADIAN. ) );
#4356 = FILL_AREA_STYLE ('',( #2654 ) ) ;
#4357 = CARTESIAN_POINT ( 'NONE',  ( -0.4370437686446360104, 0.8336147946910950068, 0.7500000000000000000 ) ) ;
#4358 = ORIENTED_EDGE ( 'NONE', *, *, #2721, .T. ) ;
#4359 = ADVANCED_FACE ( 'NONE', ( #2473 ), #1718, .T. ) ;
#4360 = B_SPLINE_SURFACE_WITH_KNOTS ( 'NONE', 2, 1, ( 
 ( #2570, #3416 ),
 ( #846, #5138 ),
 ( #4241, #5112 ),
 ( #2542, #873 ) ),
 .UNSPECIFIED., .F., .F., .F.,
 ( 3, 1, 3 ),
 ( 2, 2 ),
 ( -2.000000000000000000, -1.000000000000000000, 0.0000000000000000000 ),
 ( 0.0000000000000000000, 0.001000000000000000021 ),
 .UNSPECIFIED. ) ;
#4361 = FACE_OUTER_BOUND ( 'NONE', #5441, .T. ) ;
#4362 = DIRECTION ( 'NONE',  ( 0.0000000000000000000, 0.0000000000000000000, 1.000000000000000000 ) ) ;
#4363 = SURFACE_SIDE_STYLE ('',( #134 ) ) ;
#4364 = DIRECTION ( 'NONE',  ( 0.0000000000000000000, 0.0000000000000000000, 1.000000000000000000 ) ) ;
#4365 = ORIENTED_EDGE ( 'NONE', *, *, #4119, .F. ) ;
#4366 = VECTOR ( 'NONE', #5120, 1000.000000000000000 ) ;
#4367 = DIRECTION ( 'NONE',  ( 1.000000000000000000, 0.0000000000000000000, -0.0000000000000000000 ) ) ;
#4368 = ORIENTED_EDGE ( 'NONE', *, *, #4975, .T. ) ;
#4369 = SURFACE_SIDE_STYLE ('',( #3457 ) ) ;
#4370 = DIRECTION ( 'NONE',  ( 0.0000000000000000000, -0.0000000000000000000, -1.000000000000000000 ) ) ;
#4371 = CARTESIAN_POINT ( 'NONE',  ( 0.1741799033482339942, 0.7353570946856119450, 0.7600000000000000089 ) ) ;
#4372 = UNCERTAINTY_MEASURE_WITH_UNIT (LENGTH_MEASURE( 1.000000000000000082E-05 ), #2356, 'distance_accuracy_value', 'NONE');
#4373 = VECTOR ( 'NONE', #1285, 1000.000000000000000 ) ;
#4374 = ORIENTED_EDGE ( 'NONE', *, *, #2452, .T. ) ;
#4375 = VECTOR ( 'NONE', #153, 1000.000000000000000 ) ;
#4376 = SURFACE_SIDE_STYLE ('',( #1436 ) ) ;
#4377 = LINE ( 'NONE', #4853, #4491 ) ;
#4378 = SURFACE_STYLE_USAGE ( .BOTH. , #2197 ) ;
#4379 = UNCERTAINTY_MEASURE_WITH_UNIT (LENGTH_MEASURE( 1.000000000000000082E-05 ), #3408, 'distance_accuracy_value', 'NONE');
#4380 = MECHANICAL_DESIGN_GEOMETRIC_PRESENTATION_REPRESENTATION (  '', ( #3562 ), #3197 ) ;
#4381 = ORIENTED_EDGE ( 'NONE', *, *, #368, .T. ) ;
#4382 =( NAMED_UNIT ( * ) SI_UNIT ( $, .STERADIAN. ) SOLID_ANGLE_UNIT ( ) );
#4384 = ORIENTED_EDGE ( 'NONE', *, *, #2914, .T. ) ;
#4383 = DIRECTION ( 'NONE',  ( 0.0000000000000000000, -0.0000000000000000000, 1.000000000000000000 ) ) ;
#4385 = EDGE_CURVE ( 'NONE', #3661, #2599, #4736, .T. ) ;
#4386 = CARTESIAN_POINT ( 'NONE',  ( 0.3034343623245179811, 0.8794008569616911242, 0.7600000000000000089 ) ) ;
#4387 = CARTESIAN_POINT ( 'NONE',  ( 0.1510842790170479899, 0.8350329470623081285, 0.7500000000000000000 ) ) ;
#4388 = ORIENTED_EDGE ( 'NONE', *, *, #3723, .F. ) ;
#4389 = MECHANICAL_DESIGN_GEOMETRIC_PRESENTATION_REPRESENTATION (  '', ( #2218 ), #2483 ) ;
#4390 = CARTESIAN_POINT ( 'NONE',  ( 0.6500000000000001332, 0.3250000000000000666, -0.01000000000000000021 ) ) ;
#4391 =( NAMED_UNIT ( * ) SI_UNIT ( $, .STERADIAN. ) SOLID_ANGLE_UNIT ( ) );
#4392 = UNCERTAINTY_MEASURE_WITH_UNIT (LENGTH_MEASURE( 1.000000000000000082E-05 ), #2930, 'distance_accuracy_value', 'NONE');
#4393 = MECHANICAL_DESIGN_GEOMETRIC_PRESENTATION_REPRESENTATION (  '', ( #1870 ), #4041 ) ;
#4394 = EDGE_CURVE ( 'NONE', #571, #543, #509, .T. ) ;
#4395 = PLANE ( 'NONE',  #474 ) ;
#4396 =( LENGTH_UNIT ( ) NAMED_UNIT ( * ) SI_UNIT ( .MILLI., .METRE. ) );
#4397 =( NAMED_UNIT ( * ) PLANE_ANGLE_UNIT ( ) SI_UNIT ( $, .RADIAN. ) );
#4398 = ORIENTED_EDGE ( 'NONE', *, *, #2452, .F. ) ;
#4399 = STYLED_ITEM ( 'NONE', ( #2481 ), #4872 ) ;
#4400 = CARTESIAN_POINT ( 'NONE',  ( -0.2690940092538209871, 0.6861269480849271352, 0.7600000000000000089 ) ) ;
#4401 = ORIENTED_EDGE ( 'NONE', *, *, #2836, .T. ) ;
#4402 =( NAMED_UNIT ( * ) SI_UNIT ( $, .STERADIAN. ) SOLID_ANGLE_UNIT ( ) );
#4403 = FACE_BOUND ( 'NONE', #3977, .T. ) ;
#4404 = EDGE_CURVE ( 'NONE', #5320, #3445, #1894, .T. ) ;
#4405 = CARTESIAN_POINT ( 'NONE',  ( 0.2770972468591310078, 0.7227963165405809631, 0.7500000000000000000 ) ) ;
#4406 = CARTESIAN_POINT ( 'NONE',  ( -0.4179369256108569353, -0.5512747163063663747, 0.7500000000000000000 ) ) ;
#4407 =( GEOMETRIC_REPRESENTATION_CONTEXT ( 3 ) GLOBAL_UNCERTAINTY_ASSIGNED_CONTEXT ( ( #2109 ) ) GLOBAL_UNIT_ASSIGNED_CONTEXT ( ( #4146, #2866, #3734 ) ) REPRESENTATION_CONTEXT ( 'NONE', 'WORKASPACE' ) );
#4408 = CARTESIAN_POINT ( 'NONE',  ( 0.3036369555198546455, 0.7428530429329016638, 0.7600000000000000089 ) ) ;
#4409 = EDGE_LOOP ( 'NONE', ( #5255, #4365, #2173, #473 ) ) ;
#4410 = LINE ( 'NONE', #5323, #1112 ) ;
#4411 = CARTESIAN_POINT ( 'NONE',  ( 0.1052982167464519975, 0.9361269518102169895, 0.7600000000000000089 ) ) ;
#4413 = VERTEX_POINT ( 'NONE', #1746 ) ;
#4412 = CARTESIAN_POINT ( 'NONE',  ( 0.3060680738710570004, 0.7428530429334530005, 0.7500000000000000000 ) ) ;
#4414 =( NAMED_UNIT ( * ) SI_UNIT ( $, .STERADIAN. ) SOLID_ANGLE_UNIT ( ) );
#4415 = AXIS2_PLACEMENT_3D ( 'NONE', #5401, #4123, #3600 ) ;
#4416 = ORIENTED_EDGE ( 'NONE', *, *, #1763, .F. ) ;
#4417 = B_SPLINE_SURFACE_WITH_KNOTS ( 'NONE', 2, 1, ( 
 ( #1953, #4283 ),
 ( #4342, #3011 ),
 ( #2668, #2224 ),
 ( #4733, #1777 ) ),
 .UNSPECIFIED., .F., .F., .F.,
 ( 3, 1, 3 ),
 ( 2, 2 ),
 ( -2.000000000000000000, -1.000000000000000000, 0.0000000000000000000 ),
 ( 0.0000000000000000000, 0.001000000000000000021 ),
 .UNSPECIFIED. ) ;
#4418 = ORIENTED_EDGE ( 'NONE', *, *, #2080, .F. ) ;
#4419 = SURFACE_STYLE_USAGE ( .BOTH. , #3156 ) ;
#4420 = FACE_OUTER_BOUND ( 'NONE', #4450, .T. ) ;
#4421 = VERTEX_POINT ( 'NONE', #2282 ) ;
#4422 = STYLED_ITEM ( 'NONE', ( #5051 ), #457 ) ;
#4423 = DIRECTION ( 'NONE',  ( 0.0000000000000000000, -0.0000000000000000000, 1.000000000000000000 ) ) ;
#4424 = MECHANICAL_DESIGN_GEOMETRIC_PRESENTATION_REPRESENTATION (  '', ( #3693 ), #1528 ) ;
#4425 = LINE ( 'NONE', #3900, #2046 ) ;
#4426 = PRESENTATION_STYLE_ASSIGNMENT (( #2183 ) ) ;
#4427 = FACE_OUTER_BOUND ( 'NONE', #4656, .T. ) ;
#4428 = VERTEX_POINT ( 'NONE', #4011 ) ;
#4429 = COLOUR_RGB ( '',1.000000000000000000, 1.000000000000000000, 1.000000000000000000 ) ;
#4430 = EDGE_CURVE ( 'NONE', #2596, #1276, #173, .T. ) ;
#4431 = ORIENTED_EDGE ( 'NONE', *, *, #1246, .T. ) ;
#4432 = CARTESIAN_POINT ( 'NONE',  ( 0.2852009746946350122, 0.8947979398491480163, 0.7600000000000000089 ) ) ;
#4433 = CARTESIAN_POINT ( 'NONE',  ( 1.000000000000000000, 0.9999999999999988898, 0.0000000000000000000 ) ) ;
#4434 = CARTESIAN_POINT ( 'NONE',  ( 0.3496256109868899897, -9.146724000000000172E-17, 0.7500000000000000000 ) ) ;
#4435 =( NAMED_UNIT ( * ) SI_UNIT ( $, .STERADIAN. ) SOLID_ANGLE_UNIT ( ) );
#4436 = ORIENTED_EDGE ( 'NONE', *, *, #1120, .T. ) ;
#4437 = ADVANCED_FACE ( 'NONE', ( #4043 ), #89, .T. ) ;
#4438 = MECHANICAL_DESIGN_GEOMETRIC_PRESENTATION_REPRESENTATION (  '', ( #3984 ), #2354 ) ;
#4439 = CARTESIAN_POINT ( 'NONE',  ( 0.2035559167519349899, 0.9405840021197440226, 0.7600000000000000089 ) ) ;
#4440 = FILL_AREA_STYLE ('',( #2764 ) ) ;
#4441 = ORIENTED_EDGE ( 'NONE', *, *, #3060, .T. ) ;
#4442 = FILL_AREA_STYLE_COLOUR ( '', #5037 ) ;
#4443 = VECTOR ( 'NONE', #939, 1000.000000000000000 ) ;
#4444 = VERTEX_POINT ( 'NONE', #4073 ) ;
#4445 = AXIS2_PLACEMENT_3D ( 'NONE', #1966, #2051, #698 ) ;
#4446 = LINE ( 'NONE', #603, #2127 ) ;
#4447 = LINE ( 'NONE', #1872, #3258 ) ;
#4448 = CARTESIAN_POINT ( 'NONE',  ( -0.1540210739896679948, 0.8084932384010330431, 0.7600000000000000089 ) ) ;
#4449 = CARTESIAN_POINT ( 'NONE',  ( 0.2852009746946350122, 0.8947979398491480163, 0.7500000000000000000 ) ) ;
#4450 = EDGE_LOOP ( 'NONE', ( #3451, #253, #63, #2878 ) ) ;
#4451 = DIRECTION ( 'NONE',  ( -0.0000000000000000000, 0.0000000000000000000, -1.000000000000000000 ) ) ;
#4452 = SURFACE_STYLE_FILL_AREA ( #3137 ) ;
#4453 = FILL_AREA_STYLE ('',( #3616 ) ) ;
#4454 = DIRECTION ( 'NONE',  ( -0.0000000000000000000, -1.000000000000000000, -0.0000000000000000000 ) ) ;
#4455 =( NAMED_UNIT ( * ) PLANE_ANGLE_UNIT ( ) SI_UNIT ( $, .RADIAN. ) );
#4456 = CARTESIAN_POINT ( 'NONE',  ( 0.2303734261446643006, 0.6459461826043912946, 0.7500000000000000000 ) ) ;
#4457 = EDGE_LOOP ( 'NONE', ( #1978, #4765, #3425, #3822, #4490, #2406 ) ) ;
#4458 =( NAMED_UNIT ( * ) PLANE_ANGLE_UNIT ( ) SI_UNIT ( $, .RADIAN. ) );
#4459 = ORIENTED_EDGE ( 'NONE', *, *, #3075, .F. ) ;
#4460 = FILL_AREA_STYLE_COLOUR ( '', #5232 ) ;
#4461 = B_SPLINE_SURFACE_WITH_KNOTS ( 'NONE', 2, 1, ( 
 ( #1933, #1592 ),
 ( #5024, #4216 ),
 ( #2017, #2891 ),
 ( #4608, #5488 ) ),
 .UNSPECIFIED., .F., .F., .F.,
 ( 3, 1, 3 ),
 ( 2, 2 ),
 ( -2.000000000000000000, -1.000000000000000000, 0.0000000000000000000 ),
 ( 0.0000000000000000000, 0.001000000000000000021 ),
 .UNSPECIFIED. ) ;
#4462 = CARTESIAN_POINT ( 'NONE',  ( -1.734722999999999918E-16, 0.3250000000000000666, 0.0000000000000000000 ) ) ;
#4463 = DIRECTION ( 'NONE',  ( 0.0000000000000000000, -0.0000000000000000000, 1.000000000000000000 ) ) ;
#4464 = EDGE_CURVE ( 'NONE', #5287, #3579, #3205, .T. ) ;
#4465 = FACE_OUTER_BOUND ( 'NONE', #865, .T. ) ;
#4466 = ORIENTED_EDGE ( 'NONE', *, *, #3586, .T. ) ;
#4467 = DIRECTION ( 'NONE',  ( 0.0000000000000000000, -0.0000000000000000000, -1.000000000000000000 ) ) ;
#4468 = CARTESIAN_POINT ( 'NONE',  ( 0.2657520278894259791, 0.9055353792311909844, 0.7600000000000000089 ) ) ;
#4469 = CARTESIAN_POINT ( 'NONE',  ( 0.4272188050118380098, 0.9369373245937678840, 0.7500000000000001110 ) ) ;
#4470 = EDGE_LOOP ( 'NONE', ( #2609, #4768, #31, #3543 ) ) ;
#4471 = EDGE_CURVE ( 'NONE', #1897, #1156, #4204, .T. ) ;
#4472 = CARTESIAN_POINT ( 'NONE',  ( -0.5036969300916539494, 0.7428530429334530005, 0.7500000000000000000 ) ) ;
#4473 = ORIENTED_EDGE ( 'NONE', *, *, #3522, .F. ) ;
#4475 = VERTEX_POINT ( 'NONE', #2763 ) ;
#4474 = DIRECTION ( 'NONE',  ( 1.000000000000000000, 0.0000000000000000000, -0.0000000000000000000 ) ) ;
#4476 = PRESENTATION_LAYER_ASSIGNMENT (  '', '', ( #3916 ) ) ;
#4477 = CARTESIAN_POINT ( 'NONE',  ( 0.2752739080961429941, 0.9002679561381129458, 0.7500000000000000000 ) ) ;
#4478 = VERTEX_POINT ( 'NONE', #4574 ) ;
#4479 = FILL_AREA_STYLE_COLOUR ( '', #4616 ) ;
#4480 = PRESENTATION_STYLE_ASSIGNMENT (( #690 ) ) ;
#4481 = DIRECTION ( 'NONE',  ( 0.0000000000000000000, -0.0000000000000000000, 1.000000000000000000 ) ) ;
#4482 = VECTOR ( 'NONE', #3599, 1000.000000000000000 ) ;
#4483 = ORIENTED_EDGE ( 'NONE', *, *, #9, .F. ) ;
#4484 = FILL_AREA_STYLE_COLOUR ( '', #3760 ) ;
#4485 = ORIENTED_EDGE ( 'NONE', *, *, #3203, .F. ) ;
#4486 = AXIS2_PLACEMENT_3D ( 'NONE', #4776, #3936, #468 ) ;
#4487 = CARTESIAN_POINT ( 'NONE',  ( 0.2770972468591310078, 0.7227963165405809631, 0.7600000000000000089 ) ) ;
#4488 =( NAMED_UNIT ( * ) SI_UNIT ( $, .STERADIAN. ) SOLID_ANGLE_UNIT ( ) );
#4489 = LINE ( 'NONE', #3542, #2557 ) ;
#4490 = ORIENTED_EDGE ( 'NONE', *, *, #85, .T. ) ;
#4491 = VECTOR ( 'NONE', #1004, 1000.000000000000000 ) ;
#4492 = ADVANCED_FACE ( 'NONE', ( #4494 ), #3716, .T. ) ;
#4493 = SURFACE_STYLE_USAGE ( .BOTH. , #302 ) ;
#4494 = FACE_OUTER_BOUND ( 'NONE', #3040, .T. ) ;
#4495 = COLOUR_RGB ( '',1.000000000000000000, 1.000000000000000000, 1.000000000000000000 ) ;
#4496 = UNCERTAINTY_MEASURE_WITH_UNIT (LENGTH_MEASURE( 1.000000000000000082E-05 ), #5523, 'distance_accuracy_value', 'NONE');
#4497 = SURFACE_STYLE_FILL_AREA ( #2767 ) ;
#4498 = ORIENTED_EDGE ( 'NONE', *, *, #3704, .T. ) ;
#4499 = VECTOR ( 'NONE', #322, 1000.000000000000000 ) ;
#4500 = EDGE_CURVE ( 'NONE', #4225, #2331, #5065, .T. ) ;
#4501 = SURFACE_STYLE_USAGE ( .BOTH. , #708 ) ;
#4502 = VECTOR ( 'NONE', #3489, 1000.000000000000000 ) ;
#4503 = CARTESIAN_POINT ( 'NONE',  ( -0.6999999999999999556, 0.6999999999999999556, 0.7600000000000000089 ) ) ;
#4504 = B_SPLINE_CURVE_WITH_KNOTS ( 'NONE', 2,
 ( #1468, #3182, #4910, #1063 ),
 .UNSPECIFIED., .F., .F.,
 ( 3, 1, 3 ),
 ( 0.0000000000000000000, 2.328804520207299213E-05, 4.657609040414598426E-05 ),
 .UNSPECIFIED. ) ;
#4505 =( LENGTH_UNIT ( ) NAMED_UNIT ( * ) SI_UNIT ( .MILLI., .METRE. ) );
#4506 = CARTESIAN_POINT ( 'NONE',  ( 0.4272188050118380098, 0.9369373245937679950, 0.7600000000000000089 ) ) ;
#4507 = ORIENTED_EDGE ( 'NONE', *, *, #3171, .F. ) ;
#4508 = EDGE_CURVE ( 'NONE', #108, #4296, #4781, .T. ) ;
#4509 = LINE ( 'NONE', #4141, #911 ) ;
#4510 = CARTESIAN_POINT ( 'NONE',  ( -0.3857876900850750190, 0.8204462369584010206, 0.7500000000000000000 ) ) ;
#4511 = SURFACE_STYLE_FILL_AREA ( #3283 ) ;
#4512 = CARTESIAN_POINT ( 'NONE',  ( -0.6523544697396524983, 0.2114326155760646586, 0.7500000000000000000 ) ) ;
#4513 = ORIENTED_EDGE ( 'NONE', *, *, #2347, .F. ) ;
#4514 = PRESENTATION_STYLE_ASSIGNMENT (( #1801 ) ) ;
#4515 = ORIENTED_EDGE ( 'NONE', *, *, #5505, .F. ) ;
#4516 = MECHANICAL_DESIGN_GEOMETRIC_PRESENTATION_REPRESENTATION (  '', ( #660 ), #382 ) ;
#4517 = SURFACE_STYLE_FILL_AREA ( #614 ) ;
#4518 = CARTESIAN_POINT ( 'NONE',  ( 0.1476401946869590198, 0.9061431588188529895, 0.7600000000000000089 ) ) ;
#4519 = ORIENTED_EDGE ( 'NONE', *, *, #1419, .F. ) ;
#4520 = CARTESIAN_POINT ( 'NONE',  ( -0.3975380954465550509, 0.9118157683037061423, 0.7600000000000000089 ) ) ;
#4521 =( GEOMETRIC_REPRESENTATION_CONTEXT ( 3 ) GLOBAL_UNCERTAINTY_ASSIGNED_CONTEXT ( ( #1007 ) ) GLOBAL_UNIT_ASSIGNED_CONTEXT ( ( #4633, #5448, #4188 ) ) REPRESENTATION_CONTEXT ( 'NONE', 'WORKASPACE' ) );
#4522 = CARTESIAN_POINT ( 'NONE',  ( -0.1540210739896679948, 0.8380718450006220399, 0.7500000000000000000 ) ) ;
#4523 = ORIENTED_EDGE ( 'NONE', *, *, #3276, .F. ) ;
#4524 = B_SPLINE_CURVE_WITH_KNOTS ( 'NONE', 2,
 ( #1346, #3059, #4786, #221 ),
 .UNSPECIFIED., .F., .F.,
 ( 3, 1, 3 ),
 ( 0.0000000000000000000, 4.293706534927268413E-05, 8.587413069854536827E-05 ),
 .UNSPECIFIED. ) ;
#4525 = DIRECTION ( 'NONE',  ( -0.0000000000000000000, -0.0000000000000000000, 1.000000000000000000 ) ) ;
#4526 = STYLED_ITEM ( 'NONE', ( #2619 ), #1425 ) ;
#4527 = CARTESIAN_POINT ( 'NONE',  ( -0.3361523570926139848, 0.7574397530373601084, 0.7600000000000000089 ) ) ;
#4528 =( NAMED_UNIT ( * ) PLANE_ANGLE_UNIT ( ) SI_UNIT ( $, .RADIAN. ) );
#4529 =( NAMED_UNIT ( * ) SI_UNIT ( $, .STERADIAN. ) SOLID_ANGLE_UNIT ( ) );
#4530 = ORIENTED_EDGE ( 'NONE', *, *, #1729, .T. ) ;
#4531 = CONICAL_SURFACE ( 'NONE', #2089, 0.4170820392914720287, 0.4636476084564659095 ) ;
#4532 =( LENGTH_UNIT ( ) NAMED_UNIT ( * ) SI_UNIT ( .MILLI., .METRE. ) );
#4533 = PRESENTATION_STYLE_ASSIGNMENT (( #5445 ) ) ;
#4534 = FILL_AREA_STYLE ('',( #1506 ) ) ;
#4535 = VECTOR ( 'NONE', #296, 1000.000000000000000 ) ;
#4536 = LINE ( 'NONE', #1591, #2205 ) ;
#4537 = DIRECTION ( 'NONE',  ( 1.000000000000000000, 0.0000000000000000000, -0.0000000000000000000 ) ) ;
#4538 = EDGE_CURVE ( 'NONE', #652, #2225, #4702, .T. ) ;
#4539 = VERTEX_POINT ( 'NONE', #2525 ) ;
#4540 = MECHANICAL_DESIGN_GEOMETRIC_PRESENTATION_REPRESENTATION (  '', ( #2538 ), #2723 ) ;
#4541 = DIRECTION ( 'NONE',  ( 0.0000000000000000000, 1.000000000000000000, 0.0000000000000000000 ) ) ;
#4542 = CARTESIAN_POINT ( 'NONE',  ( -0.6500000000000001332, 0.3250000000000000666, 0.08999999999999999667 ) ) ;
#4543 = ADVANCED_FACE ( 'NONE', ( #4305 ), #1846, .T. ) ;
#4544 = SURFACE_SIDE_STYLE ('',( #4902 ) ) ;
#4545 = ORIENTED_EDGE ( 'NONE', *, *, #2662, .F. ) ;
#4546 = CARTESIAN_POINT ( 'NONE',  ( 0.6500000000000001332, -0.3250000000000000666, 0.0000000000000000000 ) ) ;
#4547 = UNCERTAINTY_MEASURE_WITH_UNIT (LENGTH_MEASURE( 1.000000000000000082E-05 ), #2995, 'distance_accuracy_value', 'NONE');
#4548 = EDGE_LOOP ( 'NONE', ( #1111, #1758, #4955, #2578 ) ) ;
#4549 = COLOUR_RGB ( '',1.000000000000000000, 1.000000000000000000, 1.000000000000000000 ) ;
#4550 = VECTOR ( 'NONE', #5068, 1000.000000000000000 ) ;
#4551 = FILL_AREA_STYLE_COLOUR ( '', #1147 ) ;
#4553 = ORIENTED_EDGE ( 'NONE', *, *, #685, .T. ) ;
#4552 = CARTESIAN_POINT ( 'NONE',  ( -0.3707957935893930190, 0.7521723299442820698, 0.7600000000000000089 ) ) ;
#4554 = CARTESIAN_POINT ( 'NONE',  ( -0.4240778041078300253, 0.6816698977753999911, 0.7500000000000000000 ) ) ;
#4555 = STYLED_ITEM ( 'NONE', ( #256 ), #3719 ) ;
#4556 = MECHANICAL_DESIGN_GEOMETRIC_PRESENTATION_REPRESENTATION (  '', ( #1223 ), #2116 ) ;
#4557 = B_SPLINE_CURVE_WITH_KNOTS ( 'NONE', 2,
 ( #1645, #371, #2070, #4266 ),
 .UNSPECIFIED., .F., .F.,
 ( 3, 1, 3 ),
 ( 0.0000000000000000000, 2.740139942614488685E-05, 5.480279885228977370E-05 ),
 .UNSPECIFIED. ) ;
#4558 = CARTESIAN_POINT ( 'NONE',  ( -0.4015899593643070253, 0.7904624439670380198, 0.7600000000000000089 ) ) ;
#4559 = CARTESIAN_POINT ( 'NONE',  ( -0.4180000082312019805, 0.9118157683037061423, 0.7500000000000000000 ) ) ;
#4560 = EDGE_CURVE ( 'NONE', #2976, #4653, #502, .T. ) ;
#4561 = VECTOR ( 'NONE', #2379, 1000.000000000000000 ) ;
#4562 = LINE ( 'NONE', #4893, #206 ) ;
#4563 = DIRECTION ( 'NONE',  ( 0.0000000000000000000, -1.000000000000000000, -0.0000000000000000000 ) ) ;
#4564 = SURFACE_STYLE_FILL_AREA ( #1535 ) ;
#4565 = VERTEX_POINT ( 'NONE', #1739 ) ;
#4566 = EDGE_CURVE ( 'NONE', #3161, #2493, #994, .T. ) ;
#4567 = VECTOR ( 'NONE', #3129, 1000.000000000000000 ) ;
#4568 = CARTESIAN_POINT ( 'NONE',  ( 1.010000000000000009, 0.6750000000000000444, 0.08999999999999999667 ) ) ;
#4569 = PRESENTATION_STYLE_ASSIGNMENT (( #1515 ) ) ;
#4570 = CARTESIAN_POINT ( 'NONE',  ( -0.3991588410136560072, 0.9405840021197440226, 0.7600000000000000089 ) ) ;
#4571 = CARTESIAN_POINT ( 'NONE',  ( 0.4012868759382259842, 0.9369373245937679950, 0.7500000000000000000 ) ) ;
#4572 = EDGE_LOOP ( 'NONE', ( #1226, #353, #3925, #2316, #418, #898 ) ) ;
#4573 = CARTESIAN_POINT ( 'NONE',  ( 0.3950064868657099937, 0.7116536907667639911, 0.7500000000000000000 ) ) ;
#4574 = CARTESIAN_POINT ( 'NONE',  ( 0.2286774730419960100, 0.7104381315914379824, 0.7500000000000000000 ) ) ;
#4575 = CARTESIAN_POINT ( 'NONE',  ( -0.3857876900850750190, 0.8204462369584010206, 0.7600000000000000089 ) ) ;
#4576 = COLOUR_RGB ( '',1.000000000000000000, 1.000000000000000000, 1.000000000000000000 ) ;
#4577 = ORIENTED_EDGE ( 'NONE', *, *, #1969, .F. ) ;
#4578 = STYLED_ITEM ( 'NONE', ( #4480 ), #4840 ) ;
#4579 = CARTESIAN_POINT ( 'NONE',  ( 0.3060680738710570004, 0.8794008569616911242, 0.7600000000000000089 ) ) ;
#4580 = DIRECTION ( 'NONE',  ( -1.000000000000000000, -0.0000000000000000000, -0.0000000000000000000 ) ) ;
#4581 = ORIENTED_EDGE ( 'NONE', *, *, #4211, .T. ) ;
#4582 =( NAMED_UNIT ( * ) SI_UNIT ( $, .STERADIAN. ) SOLID_ANGLE_UNIT ( ) );
#4583 = EDGE_LOOP ( 'NONE', ( #3897, #2940, #1603, #5183 ) ) ;
#4584 = DIRECTION ( 'NONE',  ( 1.000000000000000000, -0.0000000000000000000, 0.0000000000000000000 ) ) ;
#4585 =( NAMED_UNIT ( * ) PLANE_ANGLE_UNIT ( ) SI_UNIT ( $, .RADIAN. ) );
#4586 = CARTESIAN_POINT ( 'NONE',  ( 0.3496256109868899897, 0.8791982637658030120, 0.7500000000000000000 ) ) ;
#4587 = CARTESIAN_POINT ( 'NONE',  ( -0.6999999999999999556, 0.6999999999999999556, 0.7600000000000000089 ) ) ;
#4588 = CARTESIAN_POINT ( 'NONE',  ( 0.6500000000000001332, -0.6750000000000000444, 0.0000000000000000000 ) ) ;
#4589 = CARTESIAN_POINT ( 'NONE',  ( -0.4880972540083090006, 0.8238903212884900462, 0.7500000000000000000 ) ) ;
#4590 = EDGE_CURVE ( 'NONE', #4852, #2596, #2161, .T. ) ;
#4591 = VECTOR ( 'NONE', #3679, 1000.000000000000000 ) ;
#4592 = LINE ( 'NONE', #1598, #1549 ) ;
#4593 = DIRECTION ( 'NONE',  ( -0.0000000000000000000, -1.000000000000000000, -0.0000000000000000000 ) ) ;
#4594 = PRESENTATION_STYLE_ASSIGNMENT (( #1623 ) ) ;
#4595 = LINE ( 'NONE', #5010, #2472 ) ;
#4596 = EDGE_CURVE ( 'NONE', #2508, #1057, #4524, .T. ) ;
#4597 = CARTESIAN_POINT ( 'NONE',  ( -0.3361523570926139848, 0.7426504497375649994, 0.7600000000000000089 ) ) ;
#4598 = SURFACE_STYLE_FILL_AREA ( #5431 ) ;
#4599 = UNCERTAINTY_MEASURE_WITH_UNIT (LENGTH_MEASURE( 1.000000000000000082E-05 ), #2992, 'distance_accuracy_value', 'NONE');
#4600 =( LENGTH_UNIT ( ) NAMED_UNIT ( * ) SI_UNIT ( .MILLI., .METRE. ) );
#4601 = ORIENTED_EDGE ( 'NONE', *, *, #2054, .T. ) ;
#4602 = EDGE_CURVE ( 'NONE', #2958, #4262, #3487, .T. ) ;
#4603 = CARTESIAN_POINT ( 'NONE',  ( 0.2282722866502210068, 0.6816698977753999911, 0.7600000000000000089 ) ) ;
#4604 = SURFACE_STYLE_USAGE ( .BOTH. , #5483 ) ;
#4605 = ORIENTED_EDGE ( 'NONE', *, *, #3145, .T. ) ;
#4606 = DIRECTION ( 'NONE',  ( 0.0000000000000000000, 0.0000000000000000000, 1.000000000000000000 ) ) ;
#4607 =( NAMED_UNIT ( * ) PLANE_ANGLE_UNIT ( ) SI_UNIT ( $, .RADIAN. ) );
#4608 = CARTESIAN_POINT ( 'NONE',  ( -0.4880972540083090006, 0.8238903212884900462, 0.7500000000000000000 ) ) ;
#4609 = CARTESIAN_POINT ( 'NONE',  ( -0.4467682420472400828, 0.8018076629367429931, 0.7500000000000000000 ) ) ;
#4610 = PRESENTATION_LAYER_ASSIGNMENT (  '', '', ( #3883 ) ) ;
#4611 = VECTOR ( 'NONE', #2368, 1000.000000000000000 ) ;
#4612 = DIRECTION ( 'NONE',  ( 0.0000000000000000000, 0.0000000000000000000, 1.000000000000000000 ) ) ;
#4613 = CARTESIAN_POINT ( 'NONE',  ( -0.6999999999999999556, 0.6999999999999999556, 0.7500000000000000000 ) ) ;
#4614 = CARTESIAN_POINT ( 'NONE',  ( -0.5061280484423049675, 0.7011188445806090241, 0.7600000000000000089 ) ) ;
#4615 = SURFACE_STYLE_USAGE ( .BOTH. , #4124 ) ;
#4616 = COLOUR_RGB ( '',1.000000000000000000, 1.000000000000000000, 1.000000000000000000 ) ;
#4617 = SURFACE_STYLE_USAGE ( .BOTH. , #355 ) ;
#4618 = LINE ( 'NONE', #5408, #3435 ) ;
#4619 = EDGE_CURVE ( 'NONE', #69, #1989, #2358, .T. ) ;
#4620 = CARTESIAN_POINT ( 'NONE',  ( -0.3707957935893930190, 0.7671642264399639588, 0.7600000000000000089 ) ) ;
#4621 = SURFACE_STYLE_USAGE ( .BOTH. , #1194 ) ;
#4622 = SURFACE_SIDE_STYLE ('',( #2907 ) ) ;
#4623 = ORIENTED_EDGE ( 'NONE', *, *, #2011, .F. ) ;
#4624 = SURFACE_STYLE_USAGE ( .BOTH. , #3805 ) ;
#4625 = EDGE_CURVE ( 'NONE', #5480, #2808, #3200, .T. ) ;
#4626 = CARTESIAN_POINT ( 'NONE',  ( 0.1733695305646829887, 0.8864916188177570655, 0.7600000000000000089 ) ) ;
#4627 = VERTEX_POINT ( 'NONE', #1965 ) ;
#4628 =( GEOMETRIC_REPRESENTATION_CONTEXT ( 3 ) GLOBAL_UNCERTAINTY_ASSIGNED_CONTEXT ( ( #3069 ) ) GLOBAL_UNIT_ASSIGNED_CONTEXT ( ( #1034, #1086, #1865 ) ) REPRESENTATION_CONTEXT ( 'NONE', 'WORKASPACE' ) );
#4629 = LINE ( 'NONE', #3725, #4833 ) ;
#4630 = DIRECTION ( 'NONE',  ( 1.000000000000000000, 0.0000000000000000000, -0.0000000000000000000 ) ) ;
#4631 = PRESENTATION_LAYER_ASSIGNMENT (  '', '', ( #3552 ) ) ;
#4632 = CARTESIAN_POINT ( 'NONE',  ( -0.4170820392914720287, 5.107781844001518518E-17, 0.5841640787025426107 ) ) ;
#4633 =( LENGTH_UNIT ( ) NAMED_UNIT ( * ) SI_UNIT ( .MILLI., .METRE. ) );
#4634 = PRESENTATION_STYLE_ASSIGNMENT (( #3307 ) ) ;
#4635 = VECTOR ( 'NONE', #5331, 1000.000000000000000 ) ;
#4636 = LINE ( 'NONE', #4954, #3581 ) ;
#4637 = CARTESIAN_POINT ( 'NONE',  ( 0.02142463364898800071, 0.6861269480849271352, 0.7500000000000000000 ) ) ;
#4638 = FACE_OUTER_BOUND ( 'NONE', #194, .T. ) ;
#4639 = DIRECTION ( 'NONE',  ( 0.0000000000000000000, -0.0000000000000000000, -1.000000000000000000 ) ) ;
#4640 = CARTESIAN_POINT ( 'NONE',  ( -0.3618816929703390084, 0.9322776810883529608, 0.7600000000000000089 ) ) ;
#4641 = MECHANICAL_DESIGN_GEOMETRIC_PRESENTATION_REPRESENTATION (  '', ( #3470 ), #2208 ) ;
#4642 = CARTESIAN_POINT ( 'NONE',  ( 0.3060680738710570004, 0.9195143097474349769, 0.7500000000000000000 ) ) ;
#4643 = VERTEX_POINT ( 'NONE', #1052 ) ;
#4644 =( NAMED_UNIT ( * ) PLANE_ANGLE_UNIT ( ) SI_UNIT ( $, .RADIAN. ) );
#4645 = UNCERTAINTY_MEASURE_WITH_UNIT (LENGTH_MEASURE( 1.000000000000000082E-05 ), #4939, 'distance_accuracy_value', 'NONE');
#4646 = DIRECTION ( 'NONE',  ( 0.0000000000000000000, 0.0000000000000000000, 1.000000000000000000 ) ) ;
#4647 = DIRECTION ( 'NONE',  ( -0.0000000000000000000, 0.0000000000000000000, 1.000000000000000000 ) ) ;
#4648 = ORIENTED_EDGE ( 'NONE', *, *, #2080, .T. ) ;
#4649 = AXIS2_PLACEMENT_3D ( 'NONE', #1920, #4097, #4177 ) ;
#4650 = ADVANCED_FACE ( 'NONE', ( #5314 ), #3656, .T. ) ;
#4651 = AXIS2_PLACEMENT_3D ( 'NONE', #5168, #3024, #1764 ) ;
#4653 = VERTEX_POINT ( 'NONE', #4957 ) ;
#4652 = FILL_AREA_STYLE_COLOUR ( '', #408 ) ;
#4654 = PRESENTATION_STYLE_ASSIGNMENT (( #1613 ) ) ;
#4655 = ORIENTED_EDGE ( 'NONE', *, *, #5130, .F. ) ;
#4656 = EDGE_LOOP ( 'NONE', ( #4197, #2151, #3696, #3860 ) ) ;
#4657 =( GEOMETRIC_REPRESENTATION_CONTEXT ( 3 ) GLOBAL_UNCERTAINTY_ASSIGNED_CONTEXT ( ( #4759 ) ) GLOBAL_UNIT_ASSIGNED_CONTEXT ( ( #2778, #5364, #1123 ) ) REPRESENTATION_CONTEXT ( 'NONE', 'WORKASPACE' ) );
#4658 = EDGE_CURVE ( 'NONE', #2731, #2273, #697, .T. ) ;
#4659 =( NAMED_UNIT ( * ) PLANE_ANGLE_UNIT ( ) SI_UNIT ( $, .RADIAN. ) );
#4660 = PLANE ( 'NONE',  #5358 ) ;
#4661 = STYLED_ITEM ( 'NONE', ( #3257 ), #5143 ) ;
#4662 = FILL_AREA_STYLE_COLOUR ( '', #2929 ) ;
#4663 = CARTESIAN_POINT ( 'NONE',  ( 0.2809465175809949811, 0.9314673083048029545, 0.7600000000000000089 ) ) ;
#4664 = SURFACE_SIDE_STYLE ('',( #4564 ) ) ;
#4665 = ADVANCED_FACE ( 'NONE', ( #721 ), #1159, .T. ) ;
#4666 = CARTESIAN_POINT ( 'NONE',  ( 0.2728427897455019124, 0.9341010198513799434, 0.7600000000000000089 ) ) ;
#4667 = DIRECTION ( 'NONE',  ( 0.0000000000000000000, 0.0000000000000000000, 1.000000000000000000 ) ) ;
#4668 = CARTESIAN_POINT ( 'NONE',  ( -0.2690940092538209871, 0.6861269480849271352, 0.7500000000000000000 ) ) ;
#4669 = SURFACE_STYLE_FILL_AREA ( #5220 ) ;
#4670 = DIRECTION ( 'NONE',  ( -0.0000000000000000000, 0.0000000000000000000, 1.000000000000000000 ) ) ;
#4671 = ORIENTED_EDGE ( 'NONE', *, *, #1120, .F. ) ;
#4672 = CARTESIAN_POINT ( 'NONE',  ( -0.4170820393130332260, -0.8341640786260667850, 0.5841640786260677842 ) ) ;
#4673 = DIRECTION ( 'NONE',  ( 1.000000000000000000, 0.0000000000000000000, -0.0000000000000000000 ) ) ;
#4674 = CARTESIAN_POINT ( 'NONE',  ( 0.6500000000000001332, -0.3250000000000000666, -0.01000000000000000021 ) ) ;
#4675 =( LENGTH_UNIT ( ) NAMED_UNIT ( * ) SI_UNIT ( .MILLI., .METRE. ) );
#4676 = DIRECTION ( 'NONE',  ( 1.000000000000000000, 0.0000000000000000000, -0.0000000000000000000 ) ) ;
#4677 =( LENGTH_UNIT ( ) NAMED_UNIT ( * ) SI_UNIT ( .MILLI., .METRE. ) );
#4678 = CARTESIAN_POINT ( 'NONE',  ( 0.3496256109868899342, 0.6861269480849271352, 0.7599999999999998979 ) ) ;
#4679 = ORIENTED_EDGE ( 'NONE', *, *, #2288, .F. ) ;
#4680 = VECTOR ( 'NONE', #337, 1000.000000000000000 ) ;
#4682 = VERTEX_POINT ( 'NONE', #404 ) ;
#4681 = SURFACE_STYLE_USAGE ( .BOTH. , #4233 ) ;
#4683 = VERTEX_POINT ( 'NONE', #2129 ) ;
#4684 = ORIENTED_EDGE ( 'NONE', *, *, #2114, .F. ) ;
#4685 = MECHANICAL_DESIGN_GEOMETRIC_PRESENTATION_REPRESENTATION (  '', ( #2607 ), #3975 ) ;
#4686 = PRESENTATION_STYLE_ASSIGNMENT (( #5514 ) ) ;
#4687 = ADVANCED_FACE ( 'NONE', ( #1597 ), #822, .T. ) ;
#4688 = DIRECTION ( 'NONE',  ( 1.000000000000000000, 0.0000000000000000000, -0.0000000000000000000 ) ) ;
#4689 = CARTESIAN_POINT ( 'NONE',  ( 0.3753549468646140141, 0.9020912949011019588, 0.7600000000000000089 ) ) ;
#4690 = SURFACE_STYLE_USAGE ( .BOTH. , #2967 ) ;
#4691 = CARTESIAN_POINT ( 'NONE',  ( 0.1733695305646829887, 0.8864916188177570655, 0.7600000000000000089 ) ) ;
#4692 = CARTESIAN_POINT ( 'NONE',  ( -0.3707957935893930190, 0.6934203031368799675, 0.7600000000000000089 ) ) ;
#4693 = ADVANCED_FACE ( 'NONE', ( #1678 ), #1262, .F. ) ;
#4694 = FILL_AREA_STYLE ('',( #437 ) ) ;
#4695 = VECTOR ( 'NONE', #1893, 1000.000000000000000 ) ;
#4696 = SURFACE_STYLE_FILL_AREA ( #2545 ) ;
#4697 = DIRECTION ( 'NONE',  ( 0.0000000000000000000, 0.0000000000000000000, -1.000000000000000000 ) ) ;
#4698 = ORIENTED_EDGE ( 'NONE', *, *, #2559, .T. ) ;
#4699 = DIRECTION ( 'NONE',  ( 0.0000000000000000000, 0.0000000000000000000, 1.000000000000000000 ) ) ;
#4700 = ORIENTED_EDGE ( 'NONE', *, *, #1181, .T. ) ;
#4701 = STYLED_ITEM ( 'NONE', ( #574 ), #2039 ) ;
#4702 = LINE ( 'NONE', #2952, #186 ) ;
#4703 = DIRECTION ( 'NONE',  ( -0.7071067811865475727, 0.7071067811865475727, 0.0000000000000000000 ) ) ;
#4704 = EDGE_CURVE ( 'NONE', #1190, #1474, #435, .T. ) ;
#4705 = CARTESIAN_POINT ( 'NONE',  ( -0.3500000000000006994, -0.8000000000000000444, -0.01000000000000000021 ) ) ;
#4706 = UNCERTAINTY_MEASURE_WITH_UNIT (LENGTH_MEASURE( 1.000000000000000082E-05 ), #1780, 'distance_accuracy_value', 'NONE');
#4707 = CARTESIAN_POINT ( 'NONE',  ( -0.4696612731825379750, 0.8725126883015129620, 0.7600000000000000089 ) ) ;
#4708 = SURFACE_STYLE_FILL_AREA ( #1716 ) ;
#4709 = MECHANICAL_DESIGN_GEOMETRIC_PRESENTATION_REPRESENTATION (  '', ( #3264 ), #867 ) ;
#4710 = VERTEX_POINT ( 'NONE', #4637 ) ;
#4711 = DIRECTION ( 'NONE',  ( 0.0000000000000000000, 0.0000000000000000000, -1.000000000000000000 ) ) ;
#4713 = ORIENTED_EDGE ( 'NONE', *, *, #2292, .T. ) ;
#4712 = PLANE ( 'NONE',  #957 ) ;
#4714 = MECHANICAL_DESIGN_GEOMETRIC_PRESENTATION_REPRESENTATION (  '', ( #1470 ), #2281 ) ;
#4715 = ORIENTED_EDGE ( 'NONE', *, *, #3274, .F. ) ;
#4716 =( NAMED_UNIT ( * ) SI_UNIT ( $, .STERADIAN. ) SOLID_ANGLE_UNIT ( ) );
#4717 = CARTESIAN_POINT ( 'NONE',  ( -0.3588427950320249860, 0.7043603357148100486, 0.7500000000000000000 ) ) ;
#4718 = ADVANCED_FACE ( 'NONE', ( #5140 ), #1621, .F. ) ;
#4719 = VECTOR ( 'NONE', #2522, 1000.000000000000000 ) ;
#4720 = AXIS2_PLACEMENT_3D ( 'NONE', #1028, #1081, #2335 ) ;
#4721 = B_SPLINE_CURVE_WITH_KNOTS ( 'NONE', 2,
 ( #3160, #3132, #4387, #2740 ),
 .UNSPECIFIED., .F., .F.,
 ( 3, 1, 3 ),
 ( 0.0000000000000000000, 4.015458532764148080E-05, 8.030917065528296161E-05 ),
 .UNSPECIFIED. ) ;
#4722 = ORIENTED_EDGE ( 'NONE', *, *, #3731, .T. ) ;
#4723 = CONICAL_SURFACE ( 'NONE', #3104, 0.4170820392914720287, 0.4636476084564659095 ) ;
#4724 = ADVANCED_FACE ( 'NONE', ( #740 ), #4220, .T. ) ;
#4725 = CARTESIAN_POINT ( 'NONE',  ( -0.6854101966249680489, -1.678770806799450362E-16, 0.7500000000000000000 ) ) ;
#4726 = ORIENTED_EDGE ( 'NONE', *, *, #3291, .T. ) ;
#4727 = SURFACE_STYLE_FILL_AREA ( #912 ) ;
#4728 =( NAMED_UNIT ( * ) PLANE_ANGLE_UNIT ( ) SI_UNIT ( $, .RADIAN. ) );
#4729 = CARTESIAN_POINT ( 'NONE',  ( -0.1000000000000010048, 0.8000000000000000444, 0.0000000000000000000 ) ) ;
#4730 = FACE_OUTER_BOUND ( 'NONE', #5511, .T. ) ;
#4731 = CARTESIAN_POINT ( 'NONE',  ( -0.3399856317084221091, -0.6026471808363981220, 0.7500000000000001110 ) ) ;
#4732 = CARTESIAN_POINT ( 'NONE',  ( -1.734722999999999918E-16, 0.8084932384010330431, 0.7500000000000000000 ) ) ;
#4733 = CARTESIAN_POINT ( 'NONE',  ( -0.4202285333859649974, 0.9405840021197440226, 0.7500000000000000000 ) ) ;
#4734 = ORIENTED_EDGE ( 'NONE', *, *, #2485, .F. ) ;
#4735 = EDGE_CURVE ( 'NONE', #1156, #3210, #274, .T. ) ;
#4736 = LINE ( 'NONE', #481, #4841 ) ;
#4738 = VERTEX_POINT ( 'NONE', #2181 ) ;
#4737 = CARTESIAN_POINT ( 'NONE',  ( -0.4467682420472400828, 0.8018076629367429931, 0.7500000000000000000 ) ) ;
#4739 = ORIENTED_EDGE ( 'NONE', *, *, #4155, .F. ) ;
#4740 = ORIENTED_EDGE ( 'NONE', *, *, #3353, .T. ) ;
#4741 = MECHANICAL_DESIGN_GEOMETRIC_PRESENTATION_REPRESENTATION (  '', ( #1950 ), #4922 ) ;
#4742 = DIRECTION ( 'NONE',  ( -1.000000000000000000, -0.0000000000000000000, 0.0000000000000000000 ) ) ;
#4743 = ORIENTED_EDGE ( 'NONE', *, *, #4940, .T. ) ;
#4744 = B_SPLINE_CURVE_WITH_KNOTS ( 'NONE', 3,
 ( #3652, #4923, #3169, #2272, #4512, #5280, #3594, #1019, #160, #2302, #1509, #3141, #1401, #642, #2719, #4088, #1934, #1478, #3620, #4456, #1047, #609, #5369, #4033, #193, #4952, #5338, #4895, #1102, #1883 ),
 .UNSPECIFIED., .F., .F.,
 ( 4, 1, 2, 2, 2, 1, 2, 2, 2, 1, 2, 2, 2, 1, 2, 2, 4 ),
 ( 0.5000000000000000000, 0.5312500000000000000, 0.5468750000000000000, 0.5625000000000000000, 0.6250000000000000000, 0.6562500000000000000, 0.6718750000000000000, 0.6875000000000000000, 0.7500000000000000000, 0.7812500000000000000, 0.7968750000000000000, 0.8125000000000000000, 0.8750000000000002220, 0.9062500000000002220, 0.9218750000000002220, 0.9375000000000002220, 1.000000000000000000 ),
 .UNSPECIFIED. ) ;
#4745 = CARTESIAN_POINT ( 'NONE',  ( -0.3959173498794539836, 0.8234851348967151541, 0.7600000000000000089 ) ) ;
#4746 = PRESENTATION_LAYER_ASSIGNMENT (  '', '', ( #5015 ) ) ;
#4747 = FILL_AREA_STYLE_COLOUR ( '', #2317 ) ;
#4748 = LINE ( 'NONE', #2631, #3226 ) ;
#4749 = CARTESIAN_POINT ( 'NONE',  ( 1.010000000000000009, 0.5000000000000000000, -0.009999999999999998473 ) ) ;
#4750 = CARTESIAN_POINT ( 'NONE',  ( -1.000000000000000000, 0.6750000000000000444, 0.08999999999999999667 ) ) ;
#4751 = ORIENTED_EDGE ( 'NONE', *, *, #3276, .T. ) ;
#4752 =( NAMED_UNIT ( * ) SI_UNIT ( $, .STERADIAN. ) SOLID_ANGLE_UNIT ( ) );
#4753 = ORIENTED_EDGE ( 'NONE', *, *, #109, .T. ) ;
#4754 = CARTESIAN_POINT ( 'NONE',  ( 0.6500000000000001332, 0.3250000000000000666, 0.0000000000000000000 ) ) ;
#4755 =( NAMED_UNIT ( * ) SI_UNIT ( $, .STERADIAN. ) SOLID_ANGLE_UNIT ( ) );
#4756 =( NAMED_UNIT ( * ) SI_UNIT ( $, .STERADIAN. ) SOLID_ANGLE_UNIT ( ) );
#4757 = FILL_AREA_STYLE_COLOUR ( '', #1887 ) ;
#4758 = ADVANCED_FACE ( 'NONE', ( #904 ), #4812, .T. ) ;
#4759 = UNCERTAINTY_MEASURE_WITH_UNIT (LENGTH_MEASURE( 1.000000000000000082E-05 ), #2778, 'distance_accuracy_value', 'NONE');
#4760 = EDGE_CURVE ( 'NONE', #5287, #4065, #4425, .T. ) ;
#4761 = ORIENTED_EDGE ( 'NONE', *, *, #147, .T. ) ;
#4762 = PRESENTATION_LAYER_ASSIGNMENT (  '', '', ( #1611 ) ) ;
#4763 =( NAMED_UNIT ( * ) PLANE_ANGLE_UNIT ( ) SI_UNIT ( $, .RADIAN. ) );
#4764 = MECHANICAL_DESIGN_GEOMETRIC_PRESENTATION_REPRESENTATION (  '', ( #4066 ), #3148 ) ;
#4765 = ORIENTED_EDGE ( 'NONE', *, *, #1158, .F. ) ;
#4766 = UNCERTAINTY_MEASURE_WITH_UNIT (LENGTH_MEASURE( 1.000000000000000082E-05 ), #2928, 'distance_accuracy_value', 'NONE');
#4767 = EDGE_CURVE ( 'NONE', #4296, #5129, #5218, .T. ) ;
#4768 = ORIENTED_EDGE ( 'NONE', *, *, #5405, .F. ) ;
#4769 = ORIENTED_EDGE ( 'NONE', *, *, #4810, .F. ) ;
#4770 = CARTESIAN_POINT ( 'NONE',  ( 0.2430615899500150057, 0.7104381315914379824, 0.7500000000000000000 ) ) ;
#4771 = ORIENTED_EDGE ( 'NONE', *, *, #4704, .F. ) ;
#4772 = CARTESIAN_POINT ( 'NONE',  ( -0.3707957935893930190, 0.6934203031368799675, 0.7500000000000000000 ) ) ;
#4773 = PRESENTATION_STYLE_ASSIGNMENT (( #2178 ) ) ;
#4774 = EDGE_LOOP ( 'NONE', ( #3862, #4679, #4035, #2850, #3681, #2188, #2773, #1895, #2455, #3524, #649, #4349, #2245, #3486, #2960, #5252, #66, #5266, #4483, #2646 ) ) ;
#4775 = CARTESIAN_POINT ( 'NONE',  ( 0.02142463364898800071, -9.146724000000000172E-17, 0.7500000000000000000 ) ) ;
#4776 = CARTESIAN_POINT ( 'NONE',  ( 1.000000000000000000, 0.9999999999999988898, 0.0000000000000000000 ) ) ;
#4777 =( NAMED_UNIT ( * ) SI_UNIT ( $, .STERADIAN. ) SOLID_ANGLE_UNIT ( ) );
#4778 = CARTESIAN_POINT ( 'NONE',  ( -0.5043047096793169537, 0.8690686039714240474, 0.7550000000000000044 ) ) ;
#4779 = PRESENTATION_LAYER_ASSIGNMENT (  '', '', ( #2707 ) ) ;
#4780 = EDGE_LOOP ( 'NONE', ( #1146, #3629, #2990, #2415, #4459, #3573, #2207, #5370, #1030, #4006, #3128 ) ) ;
#4781 = B_SPLINE_CURVE_WITH_KNOTS ( 'NONE', 2,
 ( #3430, #4253, #2552, #3370 ),
 .UNSPECIFIED., .F., .F.,
 ( 3, 1, 3 ),
 ( 0.0000000000000000000, 1.667477742497758047E-05, 3.334955484995516094E-05 ),
 .UNSPECIFIED. ) ;
#4782 = CARTESIAN_POINT ( 'NONE',  ( -0.6854101966249677158, -1.370820393249936098, 0.7500000000000000000 ) ) ;
#4783 = ORIENTED_EDGE ( 'NONE', *, *, #5137, .T. ) ;
#4784 = FILL_AREA_STYLE_COLOUR ( '', #2202 ) ;
#4785 =( GEOMETRIC_REPRESENTATION_CONTEXT ( 3 ) GLOBAL_UNCERTAINTY_ASSIGNED_CONTEXT ( ( #61 ) ) GLOBAL_UNIT_ASSIGNED_CONTEXT ( ( #2152, #819, #1281 ) ) REPRESENTATION_CONTEXT ( 'NONE', 'WORKASPACE' ) );
#4786 = CARTESIAN_POINT ( 'NONE',  ( -0.4457552760678020198, 0.7104381315914379824, 0.7500000000000000000 ) ) ;
#4787 = LINE ( 'NONE', #4280, #1997 ) ;
#4788 = DIRECTION ( 'NONE',  ( 0.0000000000000000000, 0.0000000000000000000, 1.000000000000000000 ) ) ;
#4789 =( LENGTH_UNIT ( ) NAMED_UNIT ( * ) SI_UNIT ( .MILLI., .METRE. ) );
#4790 =( NAMED_UNIT ( * ) PLANE_ANGLE_UNIT ( ) SI_UNIT ( $, .RADIAN. ) );
#4791 = ORIENTED_EDGE ( 'NONE', *, *, #2872, .F. ) ;
#4792 = PRESENTATION_LAYER_ASSIGNMENT (  '', '', ( #311 ) ) ;
#4793 = EDGE_CURVE ( 'NONE', #3501, #1689, #105, .T. ) ;
#4794 = SURFACE_SIDE_STYLE ('',( #3465 ) ) ;
#4795 = VECTOR ( 'NONE', #3364, 1000.000000000000000 ) ;
#4796 = CARTESIAN_POINT ( 'NONE',  ( 1.000000000000000000, -0.3250000000000000111, 0.0000000000000000000 ) ) ;
#4798 = ORIENTED_EDGE ( 'NONE', *, *, #2421, .F. ) ;
#4797 = PLANE ( 'NONE',  #3095 ) ;
#4799 = ORIENTED_EDGE ( 'NONE', *, *, #1189, .T. ) ;
#4800 = PRESENTATION_LAYER_ASSIGNMENT (  '', '', ( #1204 ) ) ;
#4801 = EDGE_CURVE ( 'NONE', #1057, #1683, #3748, .T. ) ;
#4802 = COLOUR_RGB ( '',0.7490196078431372584, 0.7490196078431372584, 0.7490196078431372584 ) ;
#4803 = FILL_AREA_STYLE_COLOUR ( '', #5270 ) ;
#4805 = EDGE_LOOP ( 'NONE', ( #3330, #550, #1948, #5145 ) ) ;
#4804 = CARTESIAN_POINT ( 'NONE',  ( -0.01180065047657699942, 0.6861269480849271352, 0.7600000000000000089 ) ) ;
#4806 = CARTESIAN_POINT ( 'NONE',  ( 0.2852009746946350122, 0.8947979398491480163, 0.7500000000000000000 ) ) ;
#4807 = LINE ( 'NONE', #3613, #4190 ) ;
#4808 = ORIENTED_EDGE ( 'NONE', *, *, #102, .T. ) ;
#4809 = B_SPLINE_SURFACE_WITH_KNOTS ( 'NONE', 2, 1, ( 
 ( #567, #1974 ),
 ( #3265, #2875 ),
 ( #3692, #304 ),
 ( #1576, #802 ) ),
 .UNSPECIFIED., .F., .F., .F.,
 ( 3, 1, 3 ),
 ( 2, 2 ),
 ( -2.000000000000000000, -1.000000000000000000, 0.0000000000000000000 ),
 ( 0.0000000000000000000, 0.001000000000000000021 ),
 .UNSPECIFIED. ) ;
#4810 = EDGE_CURVE ( 'NONE', #4320, #5259, #2241, .T. ) ;
#4811 = DIRECTION ( 'NONE',  ( 0.0000000000000000000, 1.000000000000000000, 0.0000000000000000000 ) ) ;
#4812 = PLANE ( 'NONE',  #4486 ) ;
#4813 = CARTESIAN_POINT ( 'NONE',  ( 0.1164408425202699965, 0.8109243567516839502, 0.7600000000000000089 ) ) ;
#4814 = CARTESIAN_POINT ( 'NONE',  ( -1.734722999999999918E-16, -0.6750000000000000444, 0.0000000000000000000 ) ) ;
#4815 = EDGE_LOOP ( 'NONE', ( #5416, #3595, #3941, #1351 ) ) ;
#4816 = PLANE ( 'NONE',  #1787 ) ;
#4817 = ORIENTED_EDGE ( 'NONE', *, *, #4940, .F. ) ;
#4818 = CARTESIAN_POINT ( 'NONE',  ( -0.5043047096793169537, 0.8994575833545630505, 0.7500000000000000000 ) ) ;
#4819 = CARTESIAN_POINT ( 'NONE',  ( 0.3950064868657099937, -9.146724000000000172E-17, 0.7500000000000000000 ) ) ;
#4820 = CARTESIAN_POINT ( 'NONE',  ( 0.3036369555204059822, 0.7428530429334530005, 0.7600000000000000089 ) ) ;
#4821 = CARTESIAN_POINT ( 'NONE',  ( -0.04340480781324861786, -0.6854437914786006836, 0.7500000000000001110 ) ) ;
#4822 = UNCERTAINTY_MEASURE_WITH_UNIT (LENGTH_MEASURE( 1.000000000000000082E-05 ), #5333, 'distance_accuracy_value', 'NONE');
#4823 = VECTOR ( 'NONE', #107, 1000.000000000000000 ) ;
#4824 = PLANE ( 'NONE',  #3113 ) ;
#4825 = EDGE_LOOP ( 'NONE', ( #3438, #967, #596, #5332 ) ) ;
#4826 = PRESENTATION_LAYER_ASSIGNMENT (  '', '', ( #1669 ) ) ;
#4827 = CARTESIAN_POINT ( 'NONE',  ( 0.2831750427357589972, 0.6922047439615549580, 0.7600000000000000089 ) ) ;
#4828 = CARTESIAN_POINT ( 'NONE',  ( -0.3361523570926139848, 0.7426504497375649994, 0.7500000000000000000 ) ) ;
#4829 = CARTESIAN_POINT ( 'NONE',  ( -0.4467682420472400828, 0.8018076629367429931, 0.7600000000000000089 ) ) ;
#4830 = UNCERTAINTY_MEASURE_WITH_UNIT (LENGTH_MEASURE( 1.000000000000000082E-05 ), #1287, 'distance_accuracy_value', 'NONE');
#4831 =( NAMED_UNIT ( * ) PLANE_ANGLE_UNIT ( ) SI_UNIT ( $, .RADIAN. ) );
#4832 = EDGE_LOOP ( 'NONE', ( #5049, #4581, #753, #2367 ) ) ;
#4833 = VECTOR ( 'NONE', #2042, 1000.000000000000114 ) ;
#4834 = ADVANCED_FACE ( 'NONE', ( #3874 ), #903, .T. ) ;
#4835 = CARTESIAN_POINT ( 'NONE',  ( 0.6500000000000001332, -0.6750000000000000444, -0.01000000000000000021 ) ) ;
#4836 = FILL_AREA_STYLE_COLOUR ( '', #5147 ) ;
#4837 = CARTESIAN_POINT ( 'NONE',  ( 0.3950064868657100492, 0.8791982637658030120, 0.7500000000000001110 ) ) ;
#4838 = LINE ( 'NONE', #982, #80 ) ;
#4839 = ORIENTED_EDGE ( 'NONE', *, *, #1055, .T. ) ;
#4840 = ADVANCED_FACE ( 'NONE', ( #3589 ), #1931, .T. ) ;
#4841 = VECTOR ( 'NONE', #56, 1000.000000000000000 ) ;
#4842 = DIRECTION ( 'NONE',  ( 1.000000000000000000, 0.0000000000000000000, -0.0000000000000000000 ) ) ;
#4843 = UNCERTAINTY_MEASURE_WITH_UNIT (LENGTH_MEASURE( 1.000000000000000082E-05 ), #1152, 'distance_accuracy_value', 'NONE');
#4844 =( NAMED_UNIT ( * ) PLANE_ANGLE_UNIT ( ) SI_UNIT ( $, .RADIAN. ) );
#4845 = CARTESIAN_POINT ( 'NONE',  ( 0.2728427897454919759, 0.6889632528273530454, 0.7500000000000000000 ) ) ;
#4846 = EDGE_CURVE ( 'NONE', #5404, #2087, #3166, .T. ) ;
#4847 = ORIENTED_EDGE ( 'NONE', *, *, #1415, .T. ) ;
#4848 = CARTESIAN_POINT ( 'NONE',  ( -0.5043047096793169537, 0.8690686039714240474, 0.7600000000000000089 ) ) ;
#4849 = LINE ( 'NONE', #4433, #2873 ) ;
#4850 = CARTESIAN_POINT ( 'NONE',  ( 0.2286774730419960100, 0.9122209546954810344, 0.7600000000000000089 ) ) ;
#4851 = STYLED_ITEM ( 'NONE', ( #5004 ), #5172 ) ;
#4852 = VERTEX_POINT ( 'NONE', #1532 ) ;
#4853 = CARTESIAN_POINT ( 'NONE',  ( -0.3588427950320249860, 0.7043603357148100486, 0.7550000000000000044 ) ) ;
#4854 = ORIENTED_EDGE ( 'NONE', *, *, #1531, .T. ) ;
#4855 = VERTEX_POINT ( 'NONE', #4140 ) ;
#4856 = PRESENTATION_LAYER_ASSIGNMENT (  '', '', ( #651 ) ) ;
#4857 = CARTESIAN_POINT ( 'NONE',  ( -0.1207957898641019989, 0.6861269480849271352, 0.7500000000000000000 ) ) ;
#4859 = ORIENTED_EDGE ( 'NONE', *, *, #4351, .T. ) ;
#4858 = CARTESIAN_POINT ( 'NONE',  ( -0.4240778041078300253, 0.6816698977753999911, 0.7500000000000000000 ) ) ;
#4860 = CARTESIAN_POINT ( 'NONE',  ( -0.4696612731825379750, 0.8725126883015129620, 0.7600000000000000089 ) ) ;
#4861 = DIRECTION ( 'NONE',  ( 0.0000000000000000000, 0.0000000000000000000, 1.000000000000000000 ) ) ;
#4862 = EDGE_LOOP ( 'NONE', ( #64, #2842, #5462, #1769 ) ) ;
#4863 = PRESENTATION_LAYER_ASSIGNMENT (  '', '', ( #3966 ) ) ;
#4864 = CARTESIAN_POINT ( 'NONE',  ( -0.3483079488458700745, 0.8846682800547691627, 0.7500000000000000000 ) ) ;
#4865 = ADVANCED_FACE ( 'NONE', ( #2746 ), #3250, .T. ) ;
#4866 =( GEOMETRIC_REPRESENTATION_CONTEXT ( 3 ) GLOBAL_UNCERTAINTY_ASSIGNED_CONTEXT ( ( #2739 ) ) GLOBAL_UNIT_ASSIGNED_CONTEXT ( ( #2645, #1752, #2989 ) ) REPRESENTATION_CONTEXT ( 'NONE', 'WORKASPACE' ) );
#4867 = PRESENTATION_STYLE_ASSIGNMENT (( #3140 ) ) ;
#4868 = ORIENTED_EDGE ( 'NONE', *, *, #5316, .F. ) ;
#4869 = B_SPLINE_CURVE_WITH_KNOTS ( 'NONE', 3,
 ( #3881, #1743, #3459, #1272, #5229, #3513, #2222, #3945, #1376, #2983, #5176, #5151, #2614, #1295, #4341, #4821, #86, #3009, #973, #2667, #4731, #4406, #3828, #5535, #1686, #1432, #4008, #4038, #3627, #1889 ),
 .UNSPECIFIED., .F., .F.,
 ( 4, 1, 2, 2, 2, 1, 2, 2, 2, 1, 2, 2, 2, 1, 2, 2, 4 ),
 ( 0.0000000000000000000, 0.03124999999999998612, 0.04687499999999998612, 0.06249999999999998612, 0.1249999999999999445, 0.1562499999999999445, 0.1718749999999999167, 0.1874999999999999167, 0.2499999999999998612, 0.2812499999999998335, 0.2968749999999998335, 0.3124999999999998335, 0.3749999999999998335, 0.4062499999999998890, 0.4218749999999998890, 0.4374999999999998335, 0.5000000000000000000 ),
 .UNSPECIFIED. ) ;
#4870 = SURFACE_SIDE_STYLE ('',( #2753 ) ) ;
#4871 = ORIENTED_EDGE ( 'NONE', *, *, #3389, .F. ) ;
#4872 = ADVANCED_FACE ( 'NONE', ( #1177 ), #4307, .T. ) ;
#4873 = DIRECTION ( 'NONE',  ( -0.0000000000000000000, -0.0000000000000000000, -1.000000000000000000 ) ) ;
#4874 = FACE_OUTER_BOUND ( 'NONE', #5281, .T. ) ;
#4875 = ORIENTED_EDGE ( 'NONE', *, *, #2879, .F. ) ;
#4876 = PRESENTATION_LAYER_ASSIGNMENT (  '', '', ( #3984 ) ) ;
#4877 = EDGE_CURVE ( 'NONE', #4627, #2146, #3958, .T. ) ;
#4878 = DIRECTION ( 'NONE',  ( 0.0000000000000000000, 0.0000000000000000000, 1.000000000000000000 ) ) ;
#4879 = LINE ( 'NONE', #625, #984 ) ;
#4880 = VERTEX_POINT ( 'NONE', #762 ) ;
#4881 = UNCERTAINTY_MEASURE_WITH_UNIT (LENGTH_MEASURE( 1.000000000000000082E-05 ), #252, 'distance_accuracy_value', 'NONE');
#4882 = VECTOR ( 'NONE', #2553, 1000.000000000000000 ) ;
#4883 = ORIENTED_EDGE ( 'NONE', *, *, #4602, .F. ) ;
#4884 = VECTOR ( 'NONE', #1106, 1000.000000000000000 ) ;
#4885 = SURFACE_STYLE_FILL_AREA ( #1038 ) ;
#4886 = DIRECTION ( 'NONE',  ( -0.0000000000000000000, 1.000000000000000000, 0.0000000000000000000 ) ) ;
#4887 = LINE ( 'NONE', #5359, #2790 ) ;
#4888 = DIRECTION ( 'NONE',  ( 0.0000000000000000000, 0.0000000000000000000, 1.000000000000000000 ) ) ;
#4889 = ORIENTED_EDGE ( 'NONE', *, *, #5282, .T. ) ;
#4890 =( GEOMETRIC_REPRESENTATION_CONTEXT ( 3 ) GLOBAL_UNCERTAINTY_ASSIGNED_CONTEXT ( ( #570 ) ) GLOBAL_UNIT_ASSIGNED_CONTEXT ( ( #3382, #421, #5127 ) ) REPRESENTATION_CONTEXT ( 'NONE', 'WORKASPACE' ) );
#4891 = CARTESIAN_POINT ( 'NONE',  ( -1.734722999999999918E-16, 0.9361269518102169895, 0.7500000000000000000 ) ) ;
#4892 = FILL_AREA_STYLE_COLOUR ( '', #4576 ) ;
#4893 = CARTESIAN_POINT ( 'NONE',  ( 0.1476401946869590198, 0.9061431588188529895, 0.7550000000000000044 ) ) ;
#4894 = CARTESIAN_POINT ( 'NONE',  ( -0.4180000082312019805, 0.9118157683037061423, 0.7500000000000000000 ) ) ;
#4895 = CARTESIAN_POINT ( 'NONE',  ( 0.6693689251669103779, 0.1714350752675962708, 0.7499999999999998890 ) ) ;
#4896 = ORIENTED_EDGE ( 'NONE', *, *, #2180, .F. ) ;
#4897 = EDGE_CURVE ( 'NONE', #4262, #2752, #2590, .T. ) ;
#4898 =( NAMED_UNIT ( * ) SI_UNIT ( $, .STERADIAN. ) SOLID_ANGLE_UNIT ( ) );
#4899 = VERTEX_POINT ( 'NONE', #58 ) ;
#4900 = CARTESIAN_POINT ( 'NONE',  ( 0.2752739080961429941, 0.9002679561381129458, 0.7600000000000000089 ) ) ;
#4901 = LINE ( 'NONE', #3659, #5164 ) ;
#4902 = SURFACE_STYLE_FILL_AREA ( #226 ) ;
#4903 = VERTEX_POINT ( 'NONE', #510 ) ;
#4904 = ADVANCED_FACE ( 'NONE', ( #2459 ), #4056, .T. ) ;
#4905 = PRESENTATION_LAYER_ASSIGNMENT (  '', '', ( #611 ) ) ;
#4906 = FACE_OUTER_BOUND ( 'NONE', #5169, .T. ) ;
#4907 = FACE_OUTER_BOUND ( 'NONE', #2199, .T. ) ;
#4908 = MECHANICAL_DESIGN_GEOMETRIC_PRESENTATION_REPRESENTATION (  '', ( #3644 ), #3288 ) ;
#4909 = PRESENTATION_STYLE_ASSIGNMENT (( #2704 ) ) ;
#4910 = CARTESIAN_POINT ( 'NONE',  ( -0.4323841251392209761, 0.7981609854107660773, 0.7500000000000000000 ) ) ;
#4911 = ORIENTED_EDGE ( 'NONE', *, *, #3103, .T. ) ;
#4912 = EDGE_CURVE ( 'NONE', #3256, #1249, #5204, .T. ) ;
#4913 = CARTESIAN_POINT ( 'NONE',  ( 0.1628346843785279940, 0.8737282474768379714, 0.7600000000000000089 ) ) ;
#4914 = CARTESIAN_POINT ( 'NONE',  ( 1.000000000000000000, 0.3250000000000000111, 0.0000000000000000000 ) ) ;
#4915 = AXIS2_PLACEMENT_3D ( 'NONE', #1504, #3278, #2917 ) ;
#4916 = PRESENTATION_STYLE_ASSIGNMENT (( #5330 ) ) ;
#4917 = CARTESIAN_POINT ( 'NONE',  ( 0.2035559167519349899, 0.9405840021197440226, 0.7500000000000001110 ) ) ;
#4918 = ORIENTED_EDGE ( 'NONE', *, *, #744, .F. ) ;
#4919 = DIRECTION ( 'NONE',  ( 0.0000000000000000000, -0.0000000000000000000, 1.000000000000000000 ) ) ;
#4920 = LINE ( 'NONE', #2403, #1175 ) ;
#4921 = DIRECTION ( 'NONE',  ( 0.0000000000000000000, 0.0000000000000000000, -1.000000000000000000 ) ) ;
#4922 =( GEOMETRIC_REPRESENTATION_CONTEXT ( 3 ) GLOBAL_UNCERTAINTY_ASSIGNED_CONTEXT ( ( #3743 ) ) GLOBAL_UNIT_ASSIGNED_CONTEXT ( ( #2532, #863, #1274 ) ) REPRESENTATION_CONTEXT ( 'NONE', 'WORKASPACE' ) );
#4923 = CARTESIAN_POINT ( 'NONE',  ( -0.6854437914786005726, 0.04340480781324851378, 0.7500000000000002220 ) ) ;
#4924 = ORIENTED_EDGE ( 'NONE', *, *, #1816, .F. ) ;
#4925 = CARTESIAN_POINT ( 'NONE',  ( -0.4180000082312019805, 0.9118157683037061423, 0.7500000000000000000 ) ) ;
#4926 = EDGE_LOOP ( 'NONE', ( #332, #1820, #1518, #492 ) ) ;
#4927 = MECHANICAL_DESIGN_GEOMETRIC_PRESENTATION_REPRESENTATION (  '', ( #2766 ), #4657 ) ;
#4928 = FILL_AREA_STYLE_COLOUR ( '', #3663 ) ;
#4929 = DIRECTION ( 'NONE',  ( -0.0000000000000000000, 0.0000000000000000000, -1.000000000000000000 ) ) ;
#4930 = PLANE ( 'NONE',  #4720 ) ;
#4931 = CARTESIAN_POINT ( 'NONE',  ( 0.1164408425202699965, 0.8109243567516839502, 0.7600000000000000089 ) ) ;
#4932 = ORIENTED_EDGE ( 'NONE', *, *, #2421, .T. ) ;
#4933 = VECTOR ( 'NONE', #4970, 1000.000000000000000 ) ;
#4934 = MECHANICAL_DESIGN_GEOMETRIC_PRESENTATION_REPRESENTATION (  '', ( #4851 ), #4407 ) ;
#4935 = EDGE_CURVE ( 'NONE', #2677, #4026, #4162, .T. ) ;
#4936 = UNCERTAINTY_MEASURE_WITH_UNIT (LENGTH_MEASURE( 1.000000000000000082E-05 ), #2474, 'distance_accuracy_value', 'NONE');
#4937 = SURFACE_SIDE_STYLE ('',( #232 ) ) ;
#4938 = VERTEX_POINT ( 'NONE', #3125 ) ;
#4939 =( LENGTH_UNIT ( ) NAMED_UNIT ( * ) SI_UNIT ( .MILLI., .METRE. ) );
#4940 = EDGE_CURVE ( 'NONE', #4034, #2357, #2258, .T. ) ;
#4941 = COLOUR_RGB ( '',1.000000000000000000, 1.000000000000000000, 1.000000000000000000 ) ;
#4942 = VERTEX_POINT ( 'NONE', #3096 ) ;
#4943 = CARTESIAN_POINT ( 'NONE',  ( 0.2286774730419960100, 0.9122209546954810344, 0.7500000000000000000 ) ) ;
#4944 = SURFACE_STYLE_USAGE ( .BOTH. , #4622 ) ;
#4945 = VERTEX_POINT ( 'NONE', #4469 ) ;
#4946 = DIRECTION ( 'NONE',  ( -0.0000000000000000000, -1.000000000000000000, -0.0000000000000000000 ) ) ;
#4947 = EDGE_CURVE ( 'NONE', #4026, #955, #4377, .T. ) ;
#4948 = CARTESIAN_POINT ( 'NONE',  ( -0.1540210739896679948, 0.9361269518102169895, 0.7500000000000000000 ) ) ;
#4949 = VECTOR ( 'NONE', #1337, 1000.000000000000000 ) ;
#4950 = CARTESIAN_POINT ( 'NONE',  ( 0.4715867149112210055, 0.7116536907667639911, 0.7600000000000000089 ) ) ;
#4951 = CARTESIAN_POINT ( 'NONE',  ( -0.4410956325623880403, 0.9118157683037061423, 0.7600000000000000089 ) ) ;
#4952 = CARTESIAN_POINT ( 'NONE',  ( 0.6187806312886109383, 0.2957643688013758543, 0.7500000000000003331 ) ) ;
#4953 = EDGE_LOOP ( 'NONE', ( #4577, #3240, #2794, #3181 ) ) ;
#4954 = CARTESIAN_POINT ( 'NONE',  ( -0.3361523570926139848, 0.7574397530373601084, 0.7550000000000000044 ) ) ;
#4955 = ORIENTED_EDGE ( 'NONE', *, *, #4404, .T. ) ;
#4956 = COLOUR_RGB ( '',1.000000000000000000, 1.000000000000000000, 1.000000000000000000 ) ;
#4957 = CARTESIAN_POINT ( 'NONE',  ( 0.3496256109868899897, 0.9020912949011019588, 0.7600000000000000089 ) ) ;
#4958 = CARTESIAN_POINT ( 'NONE',  ( 0.3753549468646140141, 0.9020912949011019588, 0.7500000000000000000 ) ) ;
#4959 = FACE_OUTER_BOUND ( 'NONE', #1845, .T. ) ;
#4960 = CARTESIAN_POINT ( 'NONE',  ( -0.4696612731825379750, 0.8901382963437329821, 0.7600000000000000089 ) ) ;
#4961 = EDGE_LOOP ( 'NONE', ( #1479, #5105, #2113, #1935 ) ) ;
#4962 = B_SPLINE_CURVE_WITH_KNOTS ( 'NONE', 2,
 ( #4717, #4772, #2567, #1699 ),
 .UNSPECIFIED., .F., .F.,
 ( 3, 1, 3 ),
 ( 0.0000000000000000000, 3.539626455674646217E-05, 7.079252911349292435E-05 ),
 .UNSPECIFIED. ) ;
#4963 = CARTESIAN_POINT ( 'NONE',  ( -0.3023192933793860115, 0.6861269480849271352, 0.7500000000000000000 ) ) ;
#4964 = FILL_AREA_STYLE ('',( #3239 ) ) ;
#4965 = EDGE_LOOP ( 'NONE', ( #1343, #1268 ) ) ;
#4966 = EDGE_CURVE ( 'NONE', #5495, #450, #2730, .T. ) ;
#4967 = PLANE ( 'NONE',  #1379 ) ;
#4968 = ORIENTED_EDGE ( 'NONE', *, *, #5194, .T. ) ;
#4969 = SURFACE_STYLE_FILL_AREA ( #1097 ) ;
#4970 = DIRECTION ( 'NONE',  ( -0.0000000000000000000, 0.0000000000000000000, -1.000000000000000000 ) ) ;
#4971 = PLANE ( 'NONE',  #1803 ) ;
#4972 = DIRECTION ( 'NONE',  ( 1.000000000000000000, 0.0000000000000000000, -0.0000000000000000000 ) ) ;
#4973 = SURFACE_SIDE_STYLE ('',( #1594 ) ) ;
#4974 = ORIENTED_EDGE ( 'NONE', *, *, #3042, .F. ) ;
#4975 = EDGE_CURVE ( 'NONE', #3427, #5104, #1469, .T. ) ;
#4976 =( NAMED_UNIT ( * ) PLANE_ANGLE_UNIT ( ) SI_UNIT ( $, .RADIAN. ) );
#4977 = VECTOR ( 'NONE', #1559, 1000.000000000000000 ) ;
#4978 = CARTESIAN_POINT ( 'NONE',  ( -0.3500000000000009770, 0.5500000000000000444, -0.01000000000000000021 ) ) ;
#4979 = LINE ( 'NONE', #1212, #4988 ) ;
#4980 = ORIENTED_EDGE ( 'NONE', *, *, #4793, .F. ) ;
#4981 = CARTESIAN_POINT ( 'NONE',  ( -0.4180000082312019805, 0.9118157683037061423, 0.7600000000000000089 ) ) ;
#4982 = DIRECTION ( 'NONE',  ( 0.0000000000000000000, 0.0000000000000000000, 1.000000000000000000 ) ) ;
#4983 = DIRECTION ( 'NONE',  ( -0.0000000000000000000, -1.000000000000000000, 0.0000000000000000000 ) ) ;
#4984 = FILL_AREA_STYLE_COLOUR ( '', #2462 ) ;
#4985 = PRODUCT_DEFINITION_CONTEXT ( 'detailed design', #4169, 'design' ) ;
#4986 = LINE ( 'NONE', #2419, #128 ) ;
#4987 = ORIENTED_EDGE ( 'NONE', *, *, #3233, .T. ) ;
#4988 = VECTOR ( 'NONE', #1162, 1000.000000000000000 ) ;
#4989 = AXIS2_PLACEMENT_3D ( 'NONE', #3432, #537, #2108 ) ;
#4990 = DIRECTION ( 'NONE',  ( 1.000000000000000000, 0.0000000000000000000, -0.0000000000000000000 ) ) ;
#4991 = FACE_OUTER_BOUND ( 'NONE', #4583, .T. ) ;
#4992 = B_SPLINE_CURVE_WITH_KNOTS ( 'NONE', 2,
 ( #563, #5201, #2139, #5178 ),
 .UNSPECIFIED., .F., .F.,
 ( 3, 1, 3 ),
 ( 0.0000000000000000000, 3.827736200724859950E-05, 7.655472401449719901E-05 ),
 .UNSPECIFIED. ) ;
#4993 = CARTESIAN_POINT ( 'NONE',  ( -0.3500000000000010880, 0.5499999999999999334, 0.0000000000000000000 ) ) ;
#4994 = EDGE_CURVE ( 'NONE', #2711, #485, #1864, .T. ) ;
#4995 =( NAMED_UNIT ( * ) PLANE_ANGLE_UNIT ( ) SI_UNIT ( $, .RADIAN. ) );
#4996 = ORIENTED_EDGE ( 'NONE', *, *, #588, .T. ) ;
#4997 = AXIS2_PLACEMENT_3D ( 'NONE', #1179, #3282, #1125 ) ;
#4998 = EDGE_CURVE ( 'NONE', #4945, #5231, #4879, .T. ) ;
#4999 = EDGE_CURVE ( 'NONE', #1682, #364, #4046, .T. ) ;
#5000 = FACE_OUTER_BOUND ( 'NONE', #4965, .T. ) ;
#5001 = CARTESIAN_POINT ( 'NONE',  ( -0.8249999999999999556, -0.5000000000000000000, -0.01000000000000000021 ) ) ;
#5002 = EDGE_LOOP ( 'NONE', ( #3440, #4722, #979, #2682, #3517, #2530, #126, #2741, #3549, #3851, #3607, #5211 ) ) ;
#5003 = AXIS2_PLACEMENT_3D ( 'NONE', #2336, #1517, #1489 ) ;
#5004 = PRESENTATION_STYLE_ASSIGNMENT (( #245 ) ) ;
#5005 = PRESENTATION_STYLE_ASSIGNMENT (( #3683 ) ) ;
#5006 = PLANE ( 'NONE',  #2628 ) ;
#5007 = EDGE_CURVE ( 'NONE', #921, #3808, #3520, .T. ) ;
#5008 =( LENGTH_UNIT ( ) NAMED_UNIT ( * ) SI_UNIT ( .MILLI., .METRE. ) );
#5009 = CARTESIAN_POINT ( 'NONE',  ( -1.000000000000000000, -0.9999999999999988898, 0.0000000000000000000 ) ) ;
#5010 = CARTESIAN_POINT ( 'NONE',  ( -0.3023192933793860115, -9.146724000000000172E-17, 0.7500000000000000000 ) ) ;
#5011 = ORIENTED_EDGE ( 'NONE', *, *, #4877, .T. ) ;
#5012 = VECTOR ( 'NONE', #1079, 1000.000000000000000 ) ;
#5013 = SURFACE_STYLE_FILL_AREA ( #3854 ) ;
#5014 = ORIENTED_EDGE ( 'NONE', *, *, #1283, .T. ) ;
#5015 = STYLED_ITEM ( 'NONE', ( #3906 ), #5025 ) ;
#5016 = CARTESIAN_POINT ( 'NONE',  ( -0.3857876900850750190, 0.8204462369584010206, 0.7600000000000000089 ) ) ;
#5017 = LINE ( 'NONE', #2885, #4153 ) ;
#5018 = ORIENTED_EDGE ( 'NONE', *, *, #347, .F. ) ;
#5019 = PRESENTATION_LAYER_ASSIGNMENT (  '', '', ( #1880 ) ) ;
#5020 = PLANE ( 'NONE',  #4915 ) ;
#5021 =( NAMED_UNIT ( * ) PLANE_ANGLE_UNIT ( ) SI_UNIT ( $, .RADIAN. ) );
#5022 = SURFACE_STYLE_USAGE ( .BOTH. , #3305 ) ;
#5023 = CARTESIAN_POINT ( 'NONE',  ( 0.2414408443829150208, 0.9405840021197440226, 0.7500000000000000000 ) ) ;
#5024 = CARTESIAN_POINT ( 'NONE',  ( -0.5043047096793169537, 0.8544818938675170505, 0.7500000000000000000 ) ) ;
#5025 = ADVANCED_FACE ( 'NONE', ( #5092 ), #1979, .T. ) ;
#5026 = CARTESIAN_POINT ( 'NONE',  ( 1.010000000000000009, 0.3250000000000000666, -0.009999999999999998473 ) ) ;
#5027 = DIRECTION ( 'NONE',  ( 0.0000000000000000000, 0.0000000000000000000, 1.000000000000000000 ) ) ;
#5028 = CARTESIAN_POINT ( 'NONE',  ( -0.2690940092538209871, 0.9361269518102169895, 0.7600000000000000089 ) ) ;
#5029 = CARTESIAN_POINT ( 'NONE',  ( -0.4512252923567670049, 0.6816698977753999911, 0.7600000000000000089 ) ) ;
#5030 = CARTESIAN_POINT ( 'NONE',  ( -0.5061280484406234237, 0.7011188445797986724, 0.7600000000000000089 ) ) ;
#5031 = CARTESIAN_POINT ( 'NONE',  ( 0.2414408443829150208, 0.9405840021197440226, 0.7600000000000000089 ) ) ;
#5032 = ORIENTED_EDGE ( 'NONE', *, *, #5305, .T. ) ;
#5033 = ADVANCED_FACE ( 'NONE', ( #1654 ), #4275, .F. ) ;
#5034 = CARTESIAN_POINT ( 'NONE',  ( 0.2728427897454919759, 0.6889632528273530454, 0.7600000000000000089 ) ) ;
#5035 = FILL_AREA_STYLE ('',( #704 ) ) ;
#5036 = DIRECTION ( 'NONE',  ( -1.000000000000000000, 0.0000000000000000000, 0.0000000000000000000 ) ) ;
#5037 = COLOUR_RGB ( '',1.000000000000000000, 1.000000000000000000, 1.000000000000000000 ) ;
#5038 = CARTESIAN_POINT ( 'NONE',  ( 0.2288800662378840112, 0.9405840021197440226, 0.7600000000000000089 ) ) ;
#5039 = UNCERTAINTY_MEASURE_WITH_UNIT (LENGTH_MEASURE( 1.000000000000000082E-05 ), #257, 'distance_accuracy_value', 'NONE');
#5040 = CARTESIAN_POINT ( 'NONE',  ( -0.3588427950320249860, 0.7043603357148100486, 0.7600000000000000089 ) ) ;
#5041 = CARTESIAN_POINT ( 'NONE',  ( -0.4323841251392209761, 0.7981609854107660773, 0.7600000000000000089 ) ) ;
#5042 = EDGE_LOOP ( 'NONE', ( #4519, #4808, #5487, #1385 ) ) ;
#5043 = EDGE_CURVE ( 'NONE', #2678, #571, #1242, .T. ) ;
#5044 =( GEOMETRIC_REPRESENTATION_CONTEXT ( 3 ) GLOBAL_UNCERTAINTY_ASSIGNED_CONTEXT ( ( #3921 ) ) GLOBAL_UNIT_ASSIGNED_CONTEXT ( ( #4282, #608, #5502 ) ) REPRESENTATION_CONTEXT ( 'NONE', 'WORKASPACE' ) );
#5045 = DIRECTION ( 'NONE',  ( 1.000000000000000000, -0.0000000000000000000, 0.0000000000000000000 ) ) ;
#5046 = CARTESIAN_POINT ( 'NONE',  ( -0.5061280484423049675, 0.7428530429334530005, 0.7600000000000000089 ) ) ;
#5047 = LINE ( 'NONE', #1200, #2697 ) ;
#5048 = AXIS2_PLACEMENT_3D ( 'NONE', #5450, #1207, #1565 ) ;
#5049 = ORIENTED_EDGE ( 'NONE', *, *, #4658, .F. ) ;
#5050 =( NAMED_UNIT ( * ) SI_UNIT ( $, .STERADIAN. ) SOLID_ANGLE_UNIT ( ) );
#5051 = PRESENTATION_STYLE_ASSIGNMENT (( #5022 ) ) ;
#5052 = CARTESIAN_POINT ( 'NONE',  ( -0.3023192933793860115, 0.6861269480849271352, 0.7500000000000000000 ) ) ;
#5053 = SURFACE_STYLE_FILL_AREA ( #4031 ) ;
#5054 = MECHANICAL_DESIGN_GEOMETRIC_PRESENTATION_REPRESENTATION (  '', ( #680 ), #1725 ) ;
#5055 = CIRCLE ( 'NONE', #4250, 0.2500000001361968316 ) ;
#5056 = PRESENTATION_STYLE_ASSIGNMENT (( #4170 ) ) ;
#5057 = LINE ( 'NONE', #2835, #4884 ) ;
#5058 = CARTESIAN_POINT ( 'NONE',  ( -0.4370437686446360104, 0.8336147946910950068, 0.7500000000000000000 ) ) ;
#5059 =( NAMED_UNIT ( * ) SI_UNIT ( $, .STERADIAN. ) SOLID_ANGLE_UNIT ( ) );
#5060 = CARTESIAN_POINT ( 'NONE',  ( 0.1476401946869590198, 0.9061431588188529895, 0.7500000000000000000 ) ) ;
#5061 = ORIENTED_EDGE ( 'NONE', *, *, #5533, .T. ) ;
#5062 = AXIS2_PLACEMENT_3D ( 'NONE', #1118, #262, #1951 ) ;
#5063 = VECTOR ( 'NONE', #2324, 1000.000000000000000 ) ;
#5064 = CARTESIAN_POINT ( 'NONE',  ( -0.4880972540083090006, 0.8238903212884900462, 0.7600000000000000089 ) ) ;
#5065 = LINE ( 'NONE', #4674, #1593 ) ;
#5066 = SURFACE_SIDE_STYLE ('',( #4598 ) ) ;
#5067 = CARTESIAN_POINT ( 'NONE',  ( -0.4015899593643070253, 0.7904624439670380198, 0.7600000000000000089 ) ) ;
#5068 = DIRECTION ( 'NONE',  ( -0.0000000000000000000, -0.0000000000000000000, -1.000000000000000000 ) ) ;
#5069 = ADVANCED_FACE ( 'NONE', ( #2664 ), #3956, .T. ) ;
#5070 = CARTESIAN_POINT ( 'NONE',  ( 0.2752739080961429941, 0.9002679561381129458, 0.7600000000000000089 ) ) ;
#5071 = CARTESIAN_POINT ( 'NONE',  ( -0.4131377715298999997, 0.7937039351012390442, 0.7600000000000000089 ) ) ;
#5072 =( NAMED_UNIT ( * ) SI_UNIT ( $, .STERADIAN. ) SOLID_ANGLE_UNIT ( ) );
#5073 = EDGE_LOOP ( 'NONE', ( #3071, #2786, #1708, #547 ) ) ;
#5074 = EDGE_CURVE ( 'NONE', #2140, #1523, #5312, .T. ) ;
#5075 = FILL_AREA_STYLE ('',( #5485 ) ) ;
#5076 = ORIENTED_EDGE ( 'NONE', *, *, #3858, .T. ) ;
#5077 = VECTOR ( 'NONE', #1355, 1000.000000000000000 ) ;
#5078 = APPLICATION_PROTOCOL_DEFINITION ( 'draft international standard', 'automotive_design', 1998, #4169 ) ;
#5079 = SURFACE_STYLE_FILL_AREA ( #1255 ) ;
#5080 = DIRECTION ( 'NONE',  ( 0.0000000000000000000, 0.0000000000000000000, -1.000000000000000000 ) ) ;
#5081 = CARTESIAN_POINT ( 'NONE',  ( -0.3857876900850750190, 0.8204462369584010206, 0.7500000000000000000 ) ) ;
#5082 = CARTESIAN_POINT ( 'NONE',  ( 0.3060680738710570004, 0.7031447765394850391, 0.7600000000000000089 ) ) ;
#5083 = MECHANICAL_DESIGN_GEOMETRIC_PRESENTATION_REPRESENTATION (  '', ( #3826 ), #2467 ) ;
#5084 = CARTESIAN_POINT ( 'NONE',  ( -0.1000000000000010186, 0.8000000000000000444, -0.01000000000000000194 ) ) ;
#5085 = SURFACE_SIDE_STYLE ('',( #3814 ) ) ;
#5086 = PRESENTATION_STYLE_ASSIGNMENT (( #405 ) ) ;
#5087 = FACE_OUTER_BOUND ( 'NONE', #3055, .T. ) ;
#5088 = VECTOR ( 'NONE', #1756, 1000.000000000000000 ) ;
#5089 = MECHANICAL_DESIGN_GEOMETRIC_PRESENTATION_REPRESENTATION (  '', ( #1493 ), #5525 ) ;
#5090 = CARTESIAN_POINT ( 'NONE',  ( 0.1733695305646829887, 0.8864916188177570655, 0.7500000000000000000 ) ) ;
#5091 = ORIENTED_EDGE ( 'NONE', *, *, #5405, .T. ) ;
#5092 = FACE_OUTER_BOUND ( 'NONE', #1971, .T. ) ;
#5093 = CARTESIAN_POINT ( 'NONE',  ( 0.2831750427357589972, 0.6922047439615549580, 0.7600000000000000089 ) ) ;
#5094 = DIRECTION ( 'NONE',  ( 1.000000000000000000, -0.0000000000000000000, 0.0000000000000000000 ) ) ;
#5095 =( NAMED_UNIT ( * ) PLANE_ANGLE_UNIT ( ) SI_UNIT ( $, .RADIAN. ) );
#5096 = FACE_OUTER_BOUND ( 'NONE', #4062, .T. ) ;
#5097 = ORIENTED_EDGE ( 'NONE', *, *, #5107, .F. ) ;
#5098 = EDGE_CURVE ( 'NONE', #1357, #1917, #3976, .T. ) ;
#5099 = MECHANICAL_DESIGN_GEOMETRIC_PRESENTATION_REPRESENTATION (  '', ( #638 ), #2855 ) ;
#5100 = CARTESIAN_POINT ( 'NONE',  ( -0.3857876900850750190, 0.8204462369584010206, 0.7500000000000000000 ) ) ;
#5102 = ORIENTED_EDGE ( 'NONE', *, *, #1975, .F. ) ;
#5101 = PRESENTATION_STYLE_ASSIGNMENT (( #1225 ) ) ;
#5103 = SURFACE_STYLE_FILL_AREA ( #5075 ) ;
#5104 = VERTEX_POINT ( 'NONE', #1371 ) ;
#5105 = ORIENTED_EDGE ( 'NONE', *, *, #514, .T. ) ;
#5106 = MECHANICAL_DESIGN_GEOMETRIC_PRESENTATION_REPRESENTATION (  '', ( #5015 ), #2322 ) ;
#5107 = EDGE_CURVE ( 'NONE', #5300, #4034, #1142, .T. ) ;
#5108 = SURFACE_SIDE_STYLE ('',( #398 ) ) ;
#5109 = CARTESIAN_POINT ( 'NONE',  ( -1.734722999999999918E-16, -7.569701999999999659E-17, 0.0000000000000000000 ) ) ;
#5110 = CARTESIAN_POINT ( 'NONE',  ( 0.2282722866502210068, 0.6816698977753999911, 0.7500000000000000000 ) ) ;
#5111 = FILL_AREA_STYLE ('',( #3391 ) ) ;
#5112 = CARTESIAN_POINT ( 'NONE',  ( 0.1510842790170479899, 0.7851950208739600923, 0.7600000000000000089 ) ) ;
#5113 = ADVANCED_FACE ( 'NONE', ( #3537 ), #4816, .T. ) ;
#5114 = CARTESIAN_POINT ( 'NONE',  ( -0.4170820393130335035, 0.0000000000000000000, 0.5841640786260677842 ) ) ;
#5115 = CARTESIAN_POINT ( 'NONE',  ( -0.5686373544702383320, -1.392759832055192057E-16, 0.7500000000000000000 ) ) ;
#5116 = ORIENTED_EDGE ( 'NONE', *, *, #855, .F. ) ;
#5117 = STYLED_ITEM ( 'NONE', ( #934 ), #340 ) ;
#5118 = CARTESIAN_POINT ( 'NONE',  ( -0.4202285333859649974, 0.9405840021197440226, 0.7550000000000000044 ) ) ;
#5119 = LINE ( 'NONE', #3909, #4882 ) ;
#5120 = DIRECTION ( 'NONE',  ( -0.0000000000000000000, -1.000000000000000000, -0.0000000000000000000 ) ) ;
#5121 = DIRECTION ( 'NONE',  ( 0.0000000000000000000, 0.0000000000000000000, 1.000000000000000000 ) ) ;
#5122 = SURFACE_STYLE_USAGE ( .BOTH. , #1688 ) ;
#5123 = STYLED_ITEM ( 'NONE', ( #5393 ), #447 ) ;
#5124 = ORIENTED_EDGE ( 'NONE', *, *, #3203, .T. ) ;
#5125 = PLANE ( 'NONE',  #3387 ) ;
#5126 = CARTESIAN_POINT ( 'NONE',  ( 0.2977617528396659941, 0.6992955058176200112, 0.7600000000000000089 ) ) ;
#5128 = ORIENTED_EDGE ( 'NONE', *, *, #3623, .T. ) ;
#5127 =( NAMED_UNIT ( * ) SI_UNIT ( $, .STERADIAN. ) SOLID_ANGLE_UNIT ( ) );
#5129 = VERTEX_POINT ( 'NONE', #1964 ) ;
#5130 = EDGE_CURVE ( 'NONE', #1251, #921, #3337, .T. ) ;
#5131 = ORIENTED_EDGE ( 'NONE', *, *, #3274, .T. ) ;
#5132 = DIRECTION ( 'NONE',  ( 1.000000000000000000, 0.0000000000000000000, 0.0000000000000000000 ) ) ;
#5133 = VECTOR ( 'NONE', #78, 1000.000000000000000 ) ;
#5134 = CARTESIAN_POINT ( 'NONE',  ( 0.2852009746946350122, 0.8947979398491480163, 0.7600000000000000089 ) ) ;
#5135 = CARTESIAN_POINT ( 'NONE',  ( -0.3483079488458700745, 0.8846682800547691627, 0.7600000000000000089 ) ) ;
#5136 = CARTESIAN_POINT ( 'NONE',  ( 0.2500000000000000000, -6.123233995736766036E-17, 0.2600000000000000089 ) ) ;
#5137 = EDGE_CURVE ( 'NONE', #882, #4653, #1105, .T. ) ;
#5138 = CARTESIAN_POINT ( 'NONE',  ( 0.1634424639661910261, 0.7481204660265301509, 0.7600000000000000089 ) ) ;
#5139 = DIRECTION ( 'NONE',  ( 0.0000000000000000000, 0.0000000000000000000, -1.000000000000000000 ) ) ;
#5140 = FACE_OUTER_BOUND ( 'NONE', #5361, .T. ) ;
#5141 = AXIS2_PLACEMENT_3D ( 'NONE', #3665, #5381, #1520 ) ;
#5142 =( NAMED_UNIT ( * ) SI_UNIT ( $, .STERADIAN. ) SOLID_ANGLE_UNIT ( ) );
#5143 = ADVANCED_FACE ( 'NONE', ( #1182 ), #2018, .T. ) ;
#5144 = PRESENTATION_STYLE_ASSIGNMENT (( #2576 ) ) ;
#5145 = ORIENTED_EDGE ( 'NONE', *, *, #102, .F. ) ;
#5146 = ORIENTED_EDGE ( 'NONE', *, *, #1722, .F. ) ;
#5147 = COLOUR_RGB ( '',1.000000000000000000, 1.000000000000000000, 1.000000000000000000 ) ;
#5148 = PLANE ( 'NONE',  #2840 ) ;
#5149 =( LENGTH_UNIT ( ) NAMED_UNIT ( * ) SI_UNIT ( .MILLI., .METRE. ) );
#5150 = DIRECTION ( 'NONE',  ( -0.0000000000000000000, 0.0000000000000000000, 1.000000000000000000 ) ) ;
#5151 = CARTESIAN_POINT ( 'NONE',  ( 0.2957643688014009453, -0.6187806312885935078, 0.7499999999999998890 ) ) ;
#5152 = UNCERTAINTY_MEASURE_WITH_UNIT (LENGTH_MEASURE( 1.000000000000000082E-05 ), #1129, 'distance_accuracy_value', 'NONE');
#5153 = COLOUR_RGB ( '',0.0000000000000000000, 0.0000000000000000000, 0.0000000000000000000 ) ;
#5154 = MECHANICAL_DESIGN_GEOMETRIC_PRESENTATION_REPRESENTATION (  '', ( #1291 ), #3715 ) ;
#5155 = CARTESIAN_POINT ( 'NONE',  ( -0.6999999999999999556, 0.6999999999999999556, 0.7500000000000000000 ) ) ;
#5157 = EDGE_LOOP ( 'NONE', ( #1673, #5238, #3973, #3622 ) ) ;
#5156 = CARTESIAN_POINT ( 'NONE',  ( -0.5043047096793169537, 0.8690686039714240474, 0.7500000000000000000 ) ) ;
#5158 = ORIENTED_EDGE ( 'NONE', *, *, #3067, .T. ) ;
#5159 = B_SPLINE_SURFACE_WITH_KNOTS ( 'NONE', 2, 1, ( 
 ( #460, #3045 ),
 ( #2176, #3894 ),
 ( #4770, #926 ),
 ( #2625, #366 ) ),
 .UNSPECIFIED., .F., .F., .F.,
 ( 3, 1, 3 ),
 ( 2, 2 ),
 ( -2.000000000000000000, -1.000000000000000000, 0.0000000000000000000 ),
 ( 0.0000000000000000000, 0.001000000000000000021 ),
 .UNSPECIFIED. ) ;
#5160 = VERTEX_POINT ( 'NONE', #5026 ) ;
#5161 = EDGE_CURVE ( 'NONE', #2677, #2146, #4636, .T. ) ;
#5162 = CARTESIAN_POINT ( 'NONE',  ( 0.2286774730419960100, 0.9122209546954810344, 0.7600000000000000089 ) ) ;
#5163 = EDGE_LOOP ( 'NONE', ( #515, #4498, #629, #95 ) ) ;
#5164 = VECTOR ( 'NONE', #1109, 1000.000000000000000 ) ;
#5165 = CARTESIAN_POINT ( 'NONE',  ( 0.1841069699467260123, 0.8990523969627870482, 0.7500000000000000000 ) ) ;
#5166 = ADVANCED_FACE ( 'NONE', ( #795 ), #4120, .T. ) ;
#5167 = MECHANICAL_DESIGN_GEOMETRIC_PRESENTATION_REPRESENTATION (  '', ( #5254 ), #521 ) ;
#5168 = CARTESIAN_POINT ( 'NONE',  ( 0.0000000000000000000, 0.0000000000000000000, 0.5841640786499873172 ) ) ;
#5169 = EDGE_LOOP ( 'NONE', ( #4416, #4751, #4441, #465 ) ) ;
#5170 =( GEOMETRIC_REPRESENTATION_CONTEXT ( 3 ) GLOBAL_UNCERTAINTY_ASSIGNED_CONTEXT ( ( #948 ) ) GLOBAL_UNIT_ASSIGNED_CONTEXT ( ( #3115, #584, #2717 ) ) REPRESENTATION_CONTEXT ( 'NONE', 'WORKASPACE' ) );
#5171 = ORIENTED_EDGE ( 'NONE', *, *, #5505, .T. ) ;
#5172 = ADVANCED_FACE ( 'NONE', ( #2833 ), #4191, .T. ) ;
#5173 = SURFACE_STYLE_FILL_AREA ( #3978 ) ;
#5174 = COLOUR_RGB ( '',1.000000000000000000, 1.000000000000000000, 1.000000000000000000 ) ;
#5175 = PLANE ( 'NONE',  #5385 ) ;
#5176 = CARTESIAN_POINT ( 'NONE',  ( 0.3372008218744297903, -0.5973039032871302334, 0.7500000000000000000 ) ) ;
#5177 = SURFACE_STYLE_FILL_AREA ( #4964 ) ;
#5178 = CARTESIAN_POINT ( 'NONE',  ( -0.4180000082312019805, 0.9118157683037061423, 0.7600000000000000089 ) ) ;
#5179 = EDGE_LOOP ( 'NONE', ( #827, #3384, #2577, #4715 ) ) ;
#5180 = CARTESIAN_POINT ( 'NONE',  ( -0.1540210739896679948, 0.8380718450006220399, 0.7500000000000000000 ) ) ;
#5181 = PRESENTATION_LAYER_ASSIGNMENT (  '', '', ( #94 ) ) ;
#5182 = SURFACE_STYLE_USAGE ( .BOTH. , #62 ) ;
#5183 = ORIENTED_EDGE ( 'NONE', *, *, #1551, .F. ) ;
#5184 = ORIENTED_EDGE ( 'NONE', *, *, #67, .F. ) ;
#5185 = DIRECTION ( 'NONE',  ( 0.0000000000000000000, 1.000000000000000000, 0.0000000000000000000 ) ) ;
#5186 = ORIENTED_EDGE ( 'NONE', *, *, #1189, .F. ) ;
#5187 = ORIENTED_EDGE ( 'NONE', *, *, #4308, .F. ) ;
#5188 = DIRECTION ( 'NONE',  ( -1.000000000000000000, -0.0000000000000000000, -0.0000000000000000000 ) ) ;
#5189 = VECTOR ( 'NONE', #5188, 1000.000000000000000 ) ;
#5190 = SURFACE_STYLE_USAGE ( .BOTH. , #132 ) ;
#5191 = CARTESIAN_POINT ( 'NONE',  ( 1.010000000000000009, 0.6750000000000000444, -0.009999999999999998473 ) ) ;
#5192 = CARTESIAN_POINT ( 'NONE',  ( -0.1000000000000010048, 0.8000000000000000444, -0.01000000000000000021 ) ) ;
#5193 = ORIENTED_EDGE ( 'NONE', *, *, #409, .F. ) ;
#5194 = EDGE_CURVE ( 'NONE', #3269, #4291, #3418, .T. ) ;
#5195 = VERTEX_POINT ( 'NONE', #5491 ) ;
#5196 = VECTOR ( 'NONE', #4340, 1000.000000000000000 ) ;
#5197 = LINE ( 'NONE', #3825, #5225 ) ;
#5198 = B_SPLINE_SURFACE_WITH_KNOTS ( 'NONE', 2, 1, ( 
 ( #314, #810 ),
 ( #2009, #5510 ),
 ( #5461, #1637 ),
 ( #1250, #363 ) ),
 .UNSPECIFIED., .F., .F., .F.,
 ( 3, 1, 3 ),
 ( 2, 2 ),
 ( -2.000000000000000000, -1.000000000000000000, 0.0000000000000000000 ),
 ( 0.0000000000000000000, 0.001000000000000000021 ),
 .UNSPECIFIED. ) ;
#5199 = FACE_OUTER_BOUND ( 'NONE', #2233, .T. ) ;
#5200 = CARTESIAN_POINT ( 'NONE',  ( 0.2128752037627640037, 0.7104381315914379824, 0.7600000000000000089 ) ) ;
#5201 = CARTESIAN_POINT ( 'NONE',  ( -0.3602609474032379966, 0.8956083126326990218, 0.7600000000000000089 ) ) ;
#5202 = VERTEX_POINT ( 'NONE', #4666 ) ;
#5203 = EDGE_CURVE ( 'NONE', #1119, #4627, #2670, .T. ) ;
#5204 = LINE ( 'NONE', #4411, #5379 ) ;
#5205 = AXIS2_PLACEMENT_3D ( 'NONE', #1590, #2015, #4630 ) ;
#5207 = ORIENTED_EDGE ( 'NONE', *, *, #152, .F. ) ;
#5206 = CARTESIAN_POINT ( 'NONE',  ( 1.000000000000000000, 0.6750000000000000444, 0.0000000000000000000 ) ) ;
#5208 = UNCERTAINTY_MEASURE_WITH_UNIT (LENGTH_MEASURE( 1.000000000000000082E-05 ), #668, 'distance_accuracy_value', 'NONE');
#5209 = ORIENTED_EDGE ( 'NONE', *, *, #1969, .T. ) ;
#5210 = EDGE_CURVE ( 'NONE', #271, #2711, #2072, .T. ) ;
#5211 = ORIENTED_EDGE ( 'NONE', *, *, #5210, .T. ) ;
#5212 = VECTOR ( 'NONE', #2477, 1000.000000000000000 ) ;
#5213 = SURFACE_STYLE_USAGE ( .BOTH. , #2410 ) ;
#5214 =( NAMED_UNIT ( * ) PLANE_ANGLE_UNIT ( ) SI_UNIT ( $, .RADIAN. ) );
#5215 = AXIS2_PLACEMENT_3D ( 'NONE', #4588, #4972, #2380 ) ;
#5216 = ORIENTED_EDGE ( 'NONE', *, *, #4590, .F. ) ;
#5217 = LINE ( 'NONE', #2685, #767 ) ;
#5218 = LINE ( 'NONE', #3479, #3845 ) ;
#5219 = LINE ( 'NONE', #963, #1891 ) ;
#5220 = FILL_AREA_STYLE ('',( #3508 ) ) ;
#5221 = CARTESIAN_POINT ( 'NONE',  ( 0.5686373544702383320, 6.963799160275960287E-17, 0.7500000000000000000 ) ) ;
#5222 = ORIENTED_EDGE ( 'NONE', *, *, #2144, .T. ) ;
#5223 = CARTESIAN_POINT ( 'NONE',  ( 0.2809465175809949811, 0.9314673083048029545, 0.7600000000000000089 ) ) ;
#5224 = ORIENTED_EDGE ( 'NONE', *, *, #5340, .F. ) ;
#5225 = VECTOR ( 'NONE', #2526, 1000.000000000000000 ) ;
#5226 = CARTESIAN_POINT ( 'NONE',  ( 0.2430615899500150057, 0.7104381315914379824, 0.7600000000000000089 ) ) ;
#5227 = EDGE_CURVE ( 'NONE', #4259, #4710, #3788, .T. ) ;
#5228 = DIRECTION ( 'NONE',  ( 0.0000000000000000000, -1.000000000000000000, -0.0000000000000000000 ) ) ;
#5229 = CARTESIAN_POINT ( 'NONE',  ( 0.6523250742427244564, -0.2115070308078239314, 0.7500000000000001110 ) ) ;
#5230 = FACE_OUTER_BOUND ( 'NONE', #5179, .T. ) ;
#5231 = VERTEX_POINT ( 'NONE', #2600 ) ;
#5232 = COLOUR_RGB ( '',0.0000000000000000000, 0.0000000000000000000, 0.0000000000000000000 ) ;
#5233 = EDGE_CURVE ( 'NONE', #1420, #2105, #4298, .T. ) ;
#5234 = AXIS2_PLACEMENT_3D ( 'NONE', #4271, #2235, #1649 ) ;
#5235 = DIRECTION ( 'NONE',  ( -0.0000000000000000000, -1.000000000000000000, -0.0000000000000000000 ) ) ;
#5237 = ORIENTED_EDGE ( 'NONE', *, *, #1480, .T. ) ;
#5236 = PRESENTATION_STYLE_ASSIGNMENT (( #4378 ) ) ;
#5238 = ORIENTED_EDGE ( 'NONE', *, *, #1307, .T. ) ;
#5239 = FACE_OUTER_BOUND ( 'NONE', #3154, .T. ) ;
#5240 = VECTOR ( 'NONE', #131, 1000.000000000000000 ) ;
#5241 = DIRECTION ( 'NONE',  ( 0.0000000000000000000, 0.0000000000000000000, 1.000000000000000000 ) ) ;
#5242 = ADVANCED_FACE ( 'NONE', ( #1309 ), #1340, .F. ) ;
#5243 = CARTESIAN_POINT ( 'NONE',  ( 0.2619027571675620059, 0.6853165753013770178, 0.7500000000000000000 ) ) ;
#5244 = CARTESIAN_POINT ( 'NONE',  ( 0.3036369555204059822, 0.7428530429334530005, 0.7500000000000000000 ) ) ;
#5245 =( NAMED_UNIT ( * ) PLANE_ANGLE_UNIT ( ) SI_UNIT ( $, .RADIAN. ) );
#5246 = ORIENTED_EDGE ( 'NONE', *, *, #284, .F. ) ;
#5247 = B_SPLINE_SURFACE_WITH_KNOTS ( 'NONE', 2, 1, ( 
 ( #2279, #4196 ),
 ( #3738, #5494 ),
 ( #1624, #299 ),
 ( #723, #2841 ) ),
 .UNSPECIFIED., .F., .F., .F.,
 ( 3, 1, 3 ),
 ( 2, 2 ),
 ( -2.000000000000000000, -1.000000000000000000, 0.0000000000000000000 ),
 ( 0.0000000000000000000, 0.001000000000000000021 ),
 .UNSPECIFIED. ) ;
#5248 = CARTESIAN_POINT ( 'NONE',  ( -0.6500000000000001332, 0.3250000000000000666, 0.0000000000000000000 ) ) ;
#5249 = FILL_AREA_STYLE ('',( #4747 ) ) ;
#5250 = FILL_AREA_STYLE_COLOUR ( '', #1977 ) ;
#5251 = FILL_AREA_STYLE ('',( #3591 ) ) ;
#5252 = ORIENTED_EDGE ( 'NONE', *, *, #4975, .F. ) ;
#5253 = AXIS2_PLACEMENT_3D ( 'NONE', #2413, #745, #2440 ) ;
#5254 = STYLED_ITEM ( 'NONE', ( #2582 ), #2527 ) ;
#5255 = ORIENTED_EDGE ( 'NONE', *, *, #5470, .T. ) ;
#5256 = SURFACE_STYLE_FILL_AREA ( #504 ) ;
#5257 = CARTESIAN_POINT ( 'NONE',  ( -0.3618816929703390084, 0.9322776810883529608, 0.7500000000000000000 ) ) ;
#5258 = FILL_AREA_STYLE_COLOUR ( '', #2660 ) ;
#5259 = VERTEX_POINT ( 'NONE', #43 ) ;
#5260 =( GEOMETRIC_REPRESENTATION_CONTEXT ( 3 ) GLOBAL_UNCERTAINTY_ASSIGNED_CONTEXT ( ( #2955 ) ) GLOBAL_UNIT_ASSIGNED_CONTEXT ( ( #2635, #2803, #3677 ) ) REPRESENTATION_CONTEXT ( 'NONE', 'WORKASPACE' ) );
#5261 = PRESENTATION_LAYER_ASSIGNMENT (  '', '', ( #3826 ) ) ;
#5262 = CARTESIAN_POINT ( 'NONE',  ( 0.4272188050118380098, 0.7116536907667639911, 0.7500000000000000000 ) ) ;
#5263 = CARTESIAN_POINT ( 'NONE',  ( -0.4180000082312019805, 0.9118157683037061423, 0.7550000000000000044 ) ) ;
#5264 = VERTEX_POINT ( 'NONE', #3049 ) ;
#5265 = UNCERTAINTY_MEASURE_WITH_UNIT (LENGTH_MEASURE( 1.000000000000000082E-05 ), #4396, 'distance_accuracy_value', 'NONE');
#5266 = ORIENTED_EDGE ( 'NONE', *, *, #3353, .F. ) ;
#5267 = VECTOR ( 'NONE', #4606, 1000.000000000000000 ) ;
#5268 = EDGE_CURVE ( 'NONE', #2337, #2140, #3873, .T. ) ;
#5269 = CARTESIAN_POINT ( 'NONE',  ( -0.1540210739896679948, -9.146724000000000172E-17, 0.7500000000000000000 ) ) ;
#5270 = COLOUR_RGB ( '',1.000000000000000000, 1.000000000000000000, 1.000000000000000000 ) ;
#5271 = FILL_AREA_STYLE ('',( #4836 ) ) ;
#5272 = LINE ( 'NONE', #5298, #4069 ) ;
#5273 = LINE ( 'NONE', #1013, #4635 ) ;
#5274 = VERTEX_POINT ( 'NONE', #5084 ) ;
#5275 = AXIS2_PLACEMENT_3D ( 'NONE', #4522, #5322, #4982 ) ;
#5276 = ADVANCED_FACE ( 'NONE', ( #2486 ), #2290, .T. ) ;
#5277 = SURFACE_SIDE_STYLE ('',( #522 ) ) ;
#5278 = CARTESIAN_POINT ( 'NONE',  ( 0.2619027571675620059, 0.6853165753013770178, 0.7600000000000000089 ) ) ;
#5279 = UNCERTAINTY_MEASURE_WITH_UNIT (LENGTH_MEASURE( 1.000000000000000082E-05 ), #3530, 'distance_accuracy_value', 'NONE');
#5280 = CARTESIAN_POINT ( 'NONE',  ( -0.6459461826043937371, 0.2303734261446640785, 0.7500000000000001110 ) ) ;
#5281 = EDGE_LOOP ( 'NONE', ( #2079, #1174, #1609, #1457 ) ) ;
#5282 = EDGE_CURVE ( 'NONE', #1014, #3256, #985, .T. ) ;
#5283 = ORIENTED_EDGE ( 'NONE', *, *, #2011, .T. ) ;
#5284 = CARTESIAN_POINT ( 'NONE',  ( 0.2675753666524139929, 0.7175288934475040348, 0.7600000000000000089 ) ) ;
#5285 = CARTESIAN_POINT ( 'NONE',  ( -0.6500000000000001332, -0.3250000000000000666, 0.0000000000000000000 ) ) ;
#5286 = FILL_AREA_STYLE_COLOUR ( '', #4549 ) ;
#5287 = VERTEX_POINT ( 'NONE', #1903 ) ;
#5288 = DIRECTION ( 'NONE',  ( 1.000000000000000000, 0.0000000000000000000, -0.0000000000000000000 ) ) ;
#5289 = CARTESIAN_POINT ( 'NONE',  ( -0.4015899593643070253, 0.7904624439670380198, 0.7500000000000000000 ) ) ;
#5290 = CARTESIAN_POINT ( 'NONE',  ( -0.3481053556499820179, 0.7142874023133020112, 0.7500000000000000000 ) ) ;
#5292 = ORIENTED_EDGE ( 'NONE', *, *, #520, .F. ) ;
#5291 = LINE ( 'NONE', #5324, #1219 ) ;
#5293 = CARTESIAN_POINT ( 'NONE',  ( -0.4265089224584809879, 0.7104381315914379824, 0.7500000000000000000 ) ) ;
#5294 = ORIENTED_EDGE ( 'NONE', *, *, #4054, .T. ) ;
#5295 = B_SPLINE_SURFACE_WITH_KNOTS ( 'NONE', 2, 1, ( 
 ( #5100, #5016 ),
 ( #309, #5438 ),
 ( #5507, #4232 ),
 ( #784, #1144 ) ),
 .UNSPECIFIED., .F., .F., .F.,
 ( 3, 1, 3 ),
 ( 2, 2 ),
 ( -2.000000000000000000, -1.000000000000000000, 0.0000000000000000000 ),
 ( 0.0000000000000000000, 0.001000000000000000021 ),
 .UNSPECIFIED. ) ;
#5296 = CARTESIAN_POINT ( 'NONE',  ( -0.3989562478177680060, 0.7104381315914379824, 0.7600000000000000089 ) ) ;
#5297 = EDGE_CURVE ( 'NONE', #2038, #306, #5217, .T. ) ;
#5298 = CARTESIAN_POINT ( 'NONE',  ( 0.1164408425202699965, 0.8109243567516839502, 0.7550000000000000044 ) ) ;
#5299 = CARTESIAN_POINT ( 'NONE',  ( -1.734722999999999918E-16, -0.8000000000000000444, 0.0000000000000000000 ) ) ;
#5300 = VERTEX_POINT ( 'NONE', #4864 ) ;
#5301 = MECHANICAL_DESIGN_GEOMETRIC_PRESENTATION_REPRESENTATION (  '', ( #5123 ), #1261 ) ;
#5302 = APPLICATION_CONTEXT ( 'automotive_design' ) ;
#5303 = FACE_OUTER_BOUND ( 'NONE', #4825, .T. ) ;
#5304 = COLOUR_RGB ( '',0.7137254901960784492, 0.4274509803921568429, 0.1764705882352941013 ) ;
#5305 = EDGE_CURVE ( 'NONE', #135, #2958, #2297, .T. ) ;
#5306 = FACE_OUTER_BOUND ( 'NONE', #1345, .T. ) ;
#5307 = SURFACE_STYLE_FILL_AREA ( #5251 ) ;
#5308 = SURFACE_SIDE_STYLE ('',( #4511 ) ) ;
#5309 = LINE ( 'NONE', #2751, #3787 ) ;
#5310 = VERTEX_POINT ( 'NONE', #2713 ) ;
#5311 = AXIS2_PLACEMENT_3D ( 'NONE', #3404, #833, #5121 ) ;
#5312 = LINE ( 'NONE', #4400, #461 ) ;
#5313 = ORIENTED_EDGE ( 'NONE', *, *, #42, .T. ) ;
#5314 = FACE_OUTER_BOUND ( 'NONE', #3838, .T. ) ;
#5315 = DIRECTION ( 'NONE',  ( 1.000000000000000000, 0.0000000000000000000, -0.0000000000000000000 ) ) ;
#5316 = EDGE_CURVE ( 'NONE', #2010, #4117, #3934, .T. ) ;
#5317 = FACE_OUTER_BOUND ( 'NONE', #2236, .T. ) ;
#5318 = VECTOR ( 'NONE', #1426, 1000.000000000000000 ) ;
#5319 = CARTESIAN_POINT ( 'NONE',  ( 0.1733695305646829887, 0.8864916188177570655, 0.7600000000000000089 ) ) ;
#5320 = VERTEX_POINT ( 'NONE', #2630 ) ;
#5321 = VECTOR ( 'NONE', #1781, 1000.000000000000000 ) ;
#5322 = DIRECTION ( 'NONE',  ( -1.000000000000000000, 0.0000000000000000000, 0.0000000000000000000 ) ) ;
#5323 = CARTESIAN_POINT ( 'NONE',  ( 0.3496256109868899897, 0.7116536907667639911, 0.7500000000000000000 ) ) ;
#5325 = VERTEX_POINT ( 'NONE', #3506 ) ;
#5324 = CARTESIAN_POINT ( 'NONE',  ( 0.02142463364898800071, 0.9065483452106281037, 0.7500000000000000000 ) ) ;
#5326 = COLOUR_RGB ( '',1.000000000000000000, 1.000000000000000000, 1.000000000000000000 ) ;
#5327 = ORIENTED_EDGE ( 'NONE', *, *, #3477, .F. ) ;
#5328 = PRESENTATION_STYLE_ASSIGNMENT (( #4419 ) ) ;
#5329 = DIRECTION ( 'NONE',  ( 0.0000000000000000000, -1.000000000000000000, 0.0000000000000000000 ) ) ;
#5330 = SURFACE_STYLE_USAGE ( .BOTH. , #3612 ) ;
#5331 = DIRECTION ( 'NONE',  ( 1.000000000000000000, 0.0000000000000000000, -0.0000000000000000000 ) ) ;
#5332 = ORIENTED_EDGE ( 'NONE', *, *, #2662, .T. ) ;
#5333 =( LENGTH_UNIT ( ) NAMED_UNIT ( * ) SI_UNIT ( .MILLI., .METRE. ) );
#5334 = PRESENTATION_STYLE_ASSIGNMENT (( #2826 ) ) ;
#5335 = LINE ( 'NONE', #3167, #906 ) ;
#5336 =( NAMED_UNIT ( * ) PLANE_ANGLE_UNIT ( ) SI_UNIT ( $, .RADIAN. ) );
#5337 = LINE ( 'NONE', #4115, #1104 ) ;
#5338 = CARTESIAN_POINT ( 'NONE',  ( 0.6292657465217665891, 0.2725110652548682344, 0.7500000000000000000 ) ) ;
#5339 = ORIENTED_EDGE ( 'NONE', *, *, #4560, .T. ) ;
#5340 = EDGE_CURVE ( 'NONE', #1460, #4428, #1366, .T. ) ;
#5341 = EDGE_CURVE ( 'NONE', #1556, #2038, #606, .T. ) ;
#5342 = CARTESIAN_POINT ( 'NONE',  ( 0.3060680738710570004, 0.9195143097474349769, 0.7500000000000000000 ) ) ;
#5343 = ORIENTED_EDGE ( 'NONE', *, *, #5387, .T. ) ;
#5344 = CARTESIAN_POINT ( 'NONE',  ( 0.1510842790170479899, 0.7851950208739600923, 0.7600000000000000089 ) ) ;
#5345 = CARTESIAN_POINT ( 'NONE',  ( 0.3060680738710570004, 0.9195143097474349769, 0.7600000000000000089 ) ) ;
#5346 = CARTESIAN_POINT ( 'NONE',  ( -0.6500000000000001332, 0.6750000000000000444, -0.01000000000000000021 ) ) ;
#5347 = ORIENTED_EDGE ( 'NONE', *, *, #3344, .T. ) ;
#5348 = VECTOR ( 'NONE', #569, 1000.000000000000000 ) ;
#5349 = EDGE_CURVE ( 'NONE', #2273, #1566, #2661, .T. ) ;
#5350 = PLANE ( 'NONE',  #1222 ) ;
#5351 = CARTESIAN_POINT ( 'NONE',  ( -0.4597342065840460124, 0.8052517472668320186, 0.7600000000000000089 ) ) ;
#5352 = FILL_AREA_STYLE ('',( #3606 ) ) ;
#5353 = FACE_OUTER_BOUND ( 'NONE', #1001, .T. ) ;
#5354 = ORIENTED_EDGE ( 'NONE', *, *, #5161, .T. ) ;
#5355 = DIRECTION ( 'NONE',  ( 1.000000000000000000, -0.0000000000000000000, 0.0000000000000000000 ) ) ;
#5357 = VERTEX_POINT ( 'NONE', #188 ) ;
#5356 = SURFACE_STYLE_FILL_AREA ( #235 ) ;
#5358 = AXIS2_PLACEMENT_3D ( 'NONE', #488, #5185, #815 ) ;
#5359 = CARTESIAN_POINT ( 'NONE',  ( -0.1207957898641019989, 0.9361269518102169895, 0.7600000000000000089 ) ) ;
#5360 = CARTESIAN_POINT ( 'NONE',  ( 0.2770972468591310078, 0.7227963165405809631, 0.7500000000000000000 ) ) ;
#5361 = EDGE_LOOP ( 'NONE', ( #5347, #977, #1962, #695 ) ) ;
#5362 = LINE ( 'NONE', #2456, #602 ) ;
#5363 = CARTESIAN_POINT ( 'NONE',  ( -1.010000000000000009, -0.5000000000000000000, 0.08999999999999999667 ) ) ;
#5364 =( NAMED_UNIT ( * ) PLANE_ANGLE_UNIT ( ) SI_UNIT ( $, .RADIAN. ) );
#5365 = FACE_OUTER_BOUND ( 'NONE', #4774, .T. ) ;
#5366 = DIRECTION ( 'NONE',  ( -0.4472135950130852189, 5.476786976679555445E-17, 0.8944271912433521265 ) ) ;
#5367 = CARTESIAN_POINT ( 'NONE',  ( 0.3499999999999999778, 0.8000000000000000444, -0.01000000000000000021 ) ) ;
#5368 = AXIS2_PLACEMENT_3D ( 'NONE', #5155, #1297, #3014 ) ;
#5369 = CARTESIAN_POINT ( 'NONE',  ( 0.5180188340864501084, 0.4513499387386956663, 0.7500000000000002220 ) ) ;
#5370 = ORIENTED_EDGE ( 'NONE', *, *, #2629, .F. ) ;
#5371 = ORIENTED_EDGE ( 'NONE', *, *, #2511, .F. ) ;
#5372 = VECTOR ( 'NONE', #157, 1000.000000000000000 ) ;
#5373 = DIRECTION ( 'NONE',  ( 0.0000000000000000000, -0.0000000000000000000, 1.000000000000000000 ) ) ;
#5374 = CARTESIAN_POINT ( 'NONE',  ( 0.4012868759382259842, 0.9369373245937679950, 0.7500000000000000000 ) ) ;
#5375 = CARTESIAN_POINT ( 'NONE',  ( -0.6500000000000001332, -0.6750000000000000444, 0.0000000000000000000 ) ) ;
#5376 = EDGE_CURVE ( 'NONE', #450, #271, #1794, .T. ) ;
#5377 = PRESENTATION_STYLE_ASSIGNMENT (( #3660 ) ) ;
#5378 = EDGE_LOOP ( 'NONE', ( #54, #5513 ) ) ;
#5379 = VECTOR ( 'NONE', #5235, 1000.000000000000000 ) ;
#5380 = FILL_AREA_STYLE ('',( #1058 ) ) ;
#5381 = DIRECTION ( 'NONE',  ( -1.000000000000000000, 0.0000000000000000000, 0.0000000000000000000 ) ) ;
#5382 = EDGE_CURVE ( 'NONE', #3567, #3857, #214, .T. ) ;
#5383 = EDGE_LOOP ( 'NONE', ( #3597, #3399, #5032, #4623 ) ) ;
#5384 =( NAMED_UNIT ( * ) PLANE_ANGLE_UNIT ( ) SI_UNIT ( $, .RADIAN. ) );
#5385 = AXIS2_PLACEMENT_3D ( 'NONE', #2192, #1348, #4370 ) ;
#5386 = CARTESIAN_POINT ( 'NONE',  ( 0.6854101966249680489, 8.393854016998626807E-17, 0.7500000000000000000 ) ) ;
#5387 = EDGE_CURVE ( 'NONE', #519, #237, #103, .T. ) ;
#5388 = CARTESIAN_POINT ( 'NONE',  ( -0.4696612731825379750, 0.8725126883015129620, 0.7500000000000000000 ) ) ;
#5389 = ORIENTED_EDGE ( 'NONE', *, *, #5340, .T. ) ;
#5390 =( GEOMETRIC_REPRESENTATION_CONTEXT ( 3 ) GLOBAL_UNCERTAINTY_ASSIGNED_CONTEXT ( ( #2182 ) ) GLOBAL_UNIT_ASSIGNED_CONTEXT ( ( #106, #76, #4777 ) ) REPRESENTATION_CONTEXT ( 'NONE', 'WORKASPACE' ) );
#5391 = CARTESIAN_POINT ( 'NONE',  ( 1.010000000000000009, 0.3250000000000000666, 0.0000000000000000000 ) ) ;
#5392 = CARTESIAN_POINT ( 'NONE',  ( 0.6500000000000001332, -0.6750000000000000444, 0.0000000000000000000 ) ) ;
#5393 = PRESENTATION_STYLE_ASSIGNMENT (( #1959 ) ) ;
#5394 = CARTESIAN_POINT ( 'NONE',  ( -0.2115575416217440052, 0.8127210020668620416, 0.7600000000000000089 ) ) ;
#5395 = DIRECTION ( 'NONE',  ( 1.000000000000000000, 0.0000000000000000000, -0.0000000000000000000 ) ) ;
#5396 = ORIENTED_EDGE ( 'NONE', *, *, #4625, .F. ) ;
#5397 = COLOUR_RGB ( '',1.000000000000000000, 1.000000000000000000, 1.000000000000000000 ) ;
#5398 =( GEOMETRIC_REPRESENTATION_CONTEXT ( 3 ) GLOBAL_UNCERTAINTY_ASSIGNED_CONTEXT ( ( #1796 ) ) GLOBAL_UNIT_ASSIGNED_CONTEXT ( ( #3375, #415, #3008 ) ) REPRESENTATION_CONTEXT ( 'NONE', 'WORKASPACE' ) );
#5399 =( NAMED_UNIT ( * ) PLANE_ANGLE_UNIT ( ) SI_UNIT ( $, .RADIAN. ) );
#5400 = CARTESIAN_POINT ( 'NONE',  ( -1.000000000000000000, -0.6750000000000000444, 0.0000000000000000000 ) ) ;
#5401 = CARTESIAN_POINT ( 'NONE',  ( -1.000000000000000000, 0.3250000000000000666, 0.08999999999999999667 ) ) ;
#5402 = DIRECTION ( 'NONE',  ( -0.0000000000000000000, -1.000000000000000000, 0.0000000000000000000 ) ) ;
#5403 = B_SPLINE_CURVE_WITH_KNOTS ( 'NONE', 2,
 ( #1848, #5243, #1388, #3106 ),
 .UNSPECIFIED., .F., .F.,
 ( 3, 1, 3 ),
 ( 0.0000000000000000000, 2.269374920209928629E-05, 4.538749840419857259E-05 ),
 .UNSPECIFIED. ) ;
#5404 = VERTEX_POINT ( 'NONE', #3588 ) ;
#5405 = EDGE_CURVE ( 'NONE', #4413, #5160, #959, .T. ) ;
#5406 = SURFACE_STYLE_FILL_AREA ( #724 ) ;
#5407 = STYLED_ITEM ( 'NONE', ( #5144 ), #1150 ) ;
#5408 = CARTESIAN_POINT ( 'NONE',  ( -1.000000000000000000, 0.6750000000000000444, -0.01000000000000000021 ) ) ;
#5409 = CARTESIAN_POINT ( 'NONE',  ( 0.2635235027346620740, 0.9369373245937679950, 0.7500000000000000000 ) ) ;
#5410 = CARTESIAN_POINT ( 'NONE',  ( -0.3361523570926139848, 0.7426504497375649994, 0.7600000000000000089 ) ) ;
#5411 = ORIENTED_EDGE ( 'NONE', *, *, #4625, .T. ) ;
#5412 = EDGE_CURVE ( 'NONE', #5325, #2499, #1327, .T. ) ;
#5413 = LINE ( 'NONE', #4205, #3429 ) ;
#5414 = VECTOR ( 'NONE', #1630, 1000.000000000000000 ) ;
#5415 = SURFACE_SIDE_STYLE ('',( #5356 ) ) ;
#5416 = ORIENTED_EDGE ( 'NONE', *, *, #3586, .F. ) ;
#5417 = MECHANICAL_DESIGN_GEOMETRIC_PRESENTATION_REPRESENTATION (  '', ( #4701 ), #3886 ) ;
#5418 = ADVANCED_FACE ( 'NONE', ( #5303 ), #3563, .T. ) ;
#5419 = CARTESIAN_POINT ( 'NONE',  ( 0.1510842790170479899, 0.7851950208739600923, 0.7500000000000000000 ) ) ;
#5420 = CARTESIAN_POINT ( 'NONE',  ( -1.734722999999999918E-16, 0.7428530429334530005, 0.7500000000000000000 ) ) ;
#5421 = SURFACE_STYLE_USAGE ( .BOTH. , #792 ) ;
#5422 = VECTOR ( 'NONE', #2913, 1000.000000000000000 ) ;
#5423 = FACE_OUTER_BOUND ( 'NONE', #4805, .T. ) ;
#5424 = LINE ( 'NONE', #1908, #2078 ) ;
#5425 = CARTESIAN_POINT ( 'NONE',  ( 0.4058426162255909797, 0.7939190841361211115, 0.7600000000000000089 ) ) ;
#5426 = LINE ( 'NONE', #1622, #938 ) ;
#5427 = CARTESIAN_POINT ( 'NONE',  ( -0.3458768305042008162, 0.9243765464531711329, 0.7600000000000000089 ) ) ;
#5428 = CARTESIAN_POINT ( 'NONE',  ( 0.2635235027346620740, 0.9369373245937679950, 0.7600000000000000089 ) ) ;
#5429 = VERTEX_POINT ( 'NONE', #579 ) ;
#5430 = SURFACE_STYLE_USAGE ( .BOTH. , #3631 ) ;
#5431 = FILL_AREA_STYLE ('',( #356 ) ) ;
#5432 = FACE_OUTER_BOUND ( 'NONE', #3379, .T. ) ;
#5433 = UNCERTAINTY_MEASURE_WITH_UNIT (LENGTH_MEASURE( 1.000000000000000082E-05 ), #2228, 'distance_accuracy_value', 'NONE');
#5434 = CARTESIAN_POINT ( 'NONE',  ( 0.2809465175809949811, 0.9314673083048029545, 0.7500000000000000000 ) ) ;
#5435 = EDGE_LOOP ( 'NONE', ( #3536, #4545, #1785, #1815 ) ) ;
#5436 = VECTOR ( 'NONE', #1544, 1000.000000000000000 ) ;
#5437 =( GEOMETRIC_REPRESENTATION_CONTEXT ( 3 ) GLOBAL_UNCERTAINTY_ASSIGNED_CONTEXT ( ( #283 ) ) GLOBAL_UNIT_ASSIGNED_CONTEXT ( ( #3666, #282, #4154 ) ) REPRESENTATION_CONTEXT ( 'NONE', 'WORKASPACE' ) );
#5438 = CARTESIAN_POINT ( 'NONE',  ( -0.3959173498794539836, 0.8234851348967151541, 0.7600000000000000089 ) ) ;
#5439 = CARTESIAN_POINT ( 'NONE',  ( -0.2690940092538209871, 0.6861269480849271352, 0.7500000000000000000 ) ) ;
#5440 = CARTESIAN_POINT ( 'NONE',  ( 0.1476401946869590198, 0.9061431588188529895, 0.7500000000000000000 ) ) ;
#5441 = EDGE_LOOP ( 'NONE', ( #4739, #2186, #4150, #1670 ) ) ;
#5442 = MECHANICAL_DESIGN_GEOMETRIC_PRESENTATION_REPRESENTATION (  '', ( #2466 ), #3732 ) ;
#5443 = ADVANCED_FACE ( 'NONE', ( #4361 ), #551, .T. ) ;
#5444 = CARTESIAN_POINT ( 'NONE',  ( 0.1510842790170479899, 0.8109243567516839502, 0.7500000000000000000 ) ) ;
#5445 = SURFACE_STYLE_USAGE ( .BOTH. , #2429 ) ;
#5446 = CARTESIAN_POINT ( 'NONE',  ( -0.3989562478177680060, 0.7104381315914379824, 0.7600000000000000089 ) ) ;
#5447 = CARTESIAN_POINT ( 'NONE',  ( -1.010000000000000009, -0.3250000000000000666, -0.009999999999999998473 ) ) ;
#5448 =( NAMED_UNIT ( * ) PLANE_ANGLE_UNIT ( ) SI_UNIT ( $, .RADIAN. ) );
#5449 = EDGE_CURVE ( 'NONE', #1008, #1306, #5362, .T. ) ;
#5450 = CARTESIAN_POINT ( 'NONE',  ( 0.02142463364898800071, 0.6861269480849271352, 0.7500000000000000000 ) ) ;
#5451 = MECHANICAL_DESIGN_GEOMETRIC_PRESENTATION_REPRESENTATION (  '', ( #3927 ), #3566 ) ;
#5452 = VECTOR ( 'NONE', #5288, 1000.000000000000000 ) ;
#5453 = CARTESIAN_POINT ( 'NONE',  ( 0.6500000000000001332, -7.569701999999999659E-17, 0.0000000000000000000 ) ) ;
#5454 = CARTESIAN_POINT ( 'NONE',  ( -0.4893128131836350092, 0.6930151167451049643, 0.7600000000000000089 ) ) ;
#5455 = VERTEX_POINT ( 'NONE', #2428 ) ;
#5456 =( LENGTH_UNIT ( ) NAMED_UNIT ( * ) SI_UNIT ( .MILLI., .METRE. ) );
#5457 = CARTESIAN_POINT ( 'NONE',  ( 0.3060680738710570004, 0.9195143097474349769, 0.7500000000000000000 ) ) ;
#5458 = VERTEX_POINT ( 'NONE', #4558 ) ;
#5459 = MECHANICAL_DESIGN_GEOMETRIC_PRESENTATION_REPRESENTATION (  '', ( #3669 ), #361 ) ;
#5460 = CARTESIAN_POINT ( 'NONE',  ( 0.1478427878828459940, 0.7144899955091900123, 0.7600000000000000089 ) ) ;
#5461 = CARTESIAN_POINT ( 'NONE',  ( -0.3707957935893930190, 0.7671642264399639588, 0.7500000000000000000 ) ) ;
#5462 = ORIENTED_EDGE ( 'NONE', *, *, #3553, .T. ) ;
#5463 = CARTESIAN_POINT ( 'NONE',  ( 0.1164408425202699965, 0.7793198181932200486, 0.7500000000000000000 ) ) ;
#5464 = ADVANCED_FACE ( 'NONE', ( #3217 ), #267, .T. ) ;
#5465 = CARTESIAN_POINT ( 'NONE',  ( -0.4265089224584809879, 0.7104381315914379824, 0.7600000000000000089 ) ) ;
#5466 = CARTESIAN_POINT ( 'NONE',  ( 0.2728427897455019124, 0.9341010198513799434, 0.7500000000000000000 ) ) ;
#5467 = FILL_AREA_STYLE_COLOUR ( '', #2349 ) ;
#5468 = MECHANICAL_DESIGN_GEOMETRIC_PRESENTATION_REPRESENTATION (  '', ( #651 ), #373 ) ;
#5469 = FILL_AREA_STYLE_COLOUR ( '', #1511 ) ;
#5470 = EDGE_CURVE ( 'NONE', #4942, #1682, #239, .T. ) ;
#5471 = COLOUR_RGB ( '',0.0000000000000000000, 0.0000000000000000000, 0.0000000000000000000 ) ;
#5472 = FILL_AREA_STYLE ('',( #1210 ) ) ;
#5473 = SURFACE_SIDE_STYLE ('',( #1237 ) ) ;
#5474 = CARTESIAN_POINT ( 'NONE',  ( 0.0000000000000000000, 0.0000000000000000000, 0.5841640787025426107 ) ) ;
#5475 = DIRECTION ( 'NONE',  ( -1.000000000000000000, 0.0000000000000000000, -0.0000000000000000000 ) ) ;
#5476 = EDGE_LOOP ( 'NONE', ( #4859, #1902, #3183, #605, #2476, #3064, #471, #4343, #2962, #146, #1638, #681 ) ) ;
#5477 = EDGE_CURVE ( 'NONE', #1306, #1014, #1986, .T. ) ;
#5478 = CARTESIAN_POINT ( 'NONE',  ( 0.4272188050118380098, 0.7116536907667639911, 0.7600000000000000089 ) ) ;
#5479 = CARTESIAN_POINT ( 'NONE',  ( 0.2977617528396659941, 0.9239713600569620100, 0.7500000000000000000 ) ) ;
#5480 = VERTEX_POINT ( 'NONE', #1122 ) ;
#5481 = MECHANICAL_DESIGN_GEOMETRIC_PRESENTATION_REPRESENTATION (  '', ( #664 ), #673 ) ;
#5482 = SURFACE_STYLE_FILL_AREA ( #4314 ) ;
#5483 = SURFACE_SIDE_STYLE ('',( #4159 ) ) ;
#5484 = LINE ( 'NONE', #5046, #5422 ) ;
#5485 = FILL_AREA_STYLE_COLOUR ( '', #3235 ) ;
#5486 = VECTOR ( 'NONE', #765, 1000.000000000000000 ) ;
#5487 = ORIENTED_EDGE ( 'NONE', *, *, #5477, .T. ) ;
#5488 = CARTESIAN_POINT ( 'NONE',  ( -0.4880972540083090006, 0.8238903212884900462, 0.7600000000000000089 ) ) ;
#5489 =( LENGTH_UNIT ( ) NAMED_UNIT ( * ) SI_UNIT ( .MILLI., .METRE. ) );
#5490 =( GEOMETRIC_REPRESENTATION_CONTEXT ( 3 ) GLOBAL_UNCERTAINTY_ASSIGNED_CONTEXT ( ( #2732 ) ) GLOBAL_UNIT_ASSIGNED_CONTEXT ( ( #3797, #327, #2847 ) ) REPRESENTATION_CONTEXT ( 'NONE', 'WORKASPACE' ) );
#5491 = CARTESIAN_POINT ( 'NONE',  ( -0.5061280484423049675, 0.7428530429334530005, 0.7599999999999998979 ) ) ;
#5492 = CARTESIAN_POINT ( 'NONE',  ( -0.2690940092538209871, 0.8380718450006220399, 0.7500000000000000000 ) ) ;
#5493 = SURFACE_STYLE_FILL_AREA ( #1571 ) ;
#5494 = CARTESIAN_POINT ( 'NONE',  ( 0.1324457049953889909, 0.8889227371684079726, 0.7600000000000000089 ) ) ;
#5495 = VERTEX_POINT ( 'NONE', #2348 ) ;
#5496 = ADVANCED_FACE ( 'NONE', ( #2012 ), #689, .F. ) ;
#5497 = PRESENTATION_LAYER_ASSIGNMENT (  '', '', ( #2538 ) ) ;
#5498 = COLOUR_RGB ( '',1.000000000000000000, 1.000000000000000000, 1.000000000000000000 ) ;
#5499 = DIRECTION ( 'NONE',  ( 0.0000000000000000000, 0.0000000000000000000, 1.000000000000000000 ) ) ;
#5500 = DIRECTION ( 'NONE',  ( 1.000000000000000000, 0.0000000000000000000, 0.0000000000000000000 ) ) ;
#5501 = CARTESIAN_POINT ( 'NONE',  ( -0.3855850968891870179, 0.7858028004616229856, 0.7600000000000000089 ) ) ;
#5502 =( NAMED_UNIT ( * ) SI_UNIT ( $, .STERADIAN. ) SOLID_ANGLE_UNIT ( ) );
#5503 = CARTESIAN_POINT ( 'NONE',  ( -0.4015899593643070253, 0.7904624439670380198, 0.7600000000000000089 ) ) ;
#5504 = EDGE_LOOP ( 'NONE', ( #976, #2145, #1720, #800 ) ) ;
#5505 = EDGE_CURVE ( 'NONE', #1614, #5480, #2400, .T. ) ;
#5506 = PRESENTATION_STYLE_ASSIGNMENT (( #2142 ) ) ;
#5507 = CARTESIAN_POINT ( 'NONE',  ( -0.4265089224584809879, 0.8307784899486689856, 0.7500000000000000000 ) ) ;
#5509 = ORIENTED_EDGE ( 'NONE', *, *, #2592, .T. ) ;
#5508 = PRESENTATION_STYLE_ASSIGNMENT (( #4681 ) ) ;
#5510 = CARTESIAN_POINT ( 'NONE',  ( -0.3855850968891870179, 0.7858028004616229856, 0.7600000000000000089 ) ) ;
#5511 = EDGE_LOOP ( 'NONE', ( #4726, #3583, #3004, #3774 ) ) ;
#5512 = EDGE_CURVE ( 'NONE', #5160, #3674, #3676, .T. ) ;
#5513 = ORIENTED_EDGE ( 'NONE', *, *, #1869, .T. ) ;
#5514 = SURFACE_STYLE_USAGE ( .BOTH. , #5108 ) ;
#5515 = B_SPLINE_CURVE_WITH_KNOTS ( 'NONE', 2,
 ( #4059, #215, #1399, #3139 ),
 .UNSPECIFIED., .F., .F.,
 ( 3, 1, 3 ),
 ( 0.0000000000000000000, 2.740139942614488685E-05, 5.480279885228977370E-05 ),
 .UNSPECIFIED. ) ;
#5516 = EDGE_LOOP ( 'NONE', ( #1339, #2478, #1761, #3286 ) ) ;
#5517 = SURFACE_SIDE_STYLE ('',( #3784 ) ) ;
#5518 = COLOUR_RGB ( '',1.000000000000000000, 1.000000000000000000, 1.000000000000000000 ) ;
#5519 =( LENGTH_UNIT ( ) NAMED_UNIT ( * ) SI_UNIT ( .MILLI., .METRE. ) );
#5520 = DIRECTION ( 'NONE',  ( -1.000000000000000000, -0.0000000000000000000, -0.0000000000000000000 ) ) ;
#5521 = MECHANICAL_DESIGN_GEOMETRIC_PRESENTATION_REPRESENTATION (  '', ( #3371 ), #5260 ) ;
#5522 = CARTESIAN_POINT ( 'NONE',  ( -0.2690940092538209871, 0.8084932384010330431, 0.7600000000000000089 ) ) ;
#5523 =( LENGTH_UNIT ( ) NAMED_UNIT ( * ) SI_UNIT ( .MILLI., .METRE. ) );
#5524 = CARTESIAN_POINT ( 'NONE',  ( 0.1052982167464520113, 0.9361269518102169895, 0.7500000000000000000 ) ) ;
#5525 =( GEOMETRIC_REPRESENTATION_CONTEXT ( 3 ) GLOBAL_UNCERTAINTY_ASSIGNED_CONTEXT ( ( #4881 ) ) GLOBAL_UNIT_ASSIGNED_CONTEXT ( ( #252, #4039, #1916 ) ) REPRESENTATION_CONTEXT ( 'NONE', 'WORKASPACE' ) );
#5526 = LINE ( 'NONE', #2975, #2169 ) ;
#5527 = ORIENTED_EDGE ( 'NONE', *, *, #4994, .T. ) ;
#5528 = FILL_AREA_STYLE ('',( #443 ) ) ;
#5529 = VERTEX_POINT ( 'NONE', #2401 ) ;
#5530 = MECHANICAL_DESIGN_GEOMETRIC_PRESENTATION_REPRESENTATION (  '', ( #439 ), #1497 ) ;
#5531 = CARTESIAN_POINT ( 'NONE',  ( -0.4467682420472400828, 0.8018076629367429931, 0.7500000000000000000 ) ) ;
#5532 = CARTESIAN_POINT ( 'NONE',  ( 0.2282722866502210068, 0.6816698977753999911, 0.7500000000000000000 ) ) ;
#5533 = EDGE_CURVE ( 'NONE', #3982, #902, #3702, .T. ) ;
#5534 = DIRECTION ( 'NONE',  ( 1.000000000000000000, 0.0000000000000000000, -0.0000000000000000000 ) ) ;
#5535 = CARTESIAN_POINT ( 'NONE',  ( -0.5621178342457097132, -0.3973234530129655107, 0.7500000000000000000 ) ) ;
#5536 = SURFACE_STYLE_FILL_AREA ( #2112 ) ;
#5537 = ORIENTED_EDGE ( 'NONE', *, *, #5210, .F. ) ;
#5538 = STYLED_ITEM ( 'NONE', ( #677 ), #4492 ) ;
ENDSEC;
END-ISO-10303-21;
